"file_name;""field_order"";""field_name"";""data_type"";""required_for_join_or_model"";""description"""
"menu_items.csv;""1"";""source_row_number"";""text"";""Depends on feature"";""Source row number."""
"menu_items.csv;""2"";""menu_item_id"";""text"";""Yes"";""Menu item id."""
"menu_items.csv;""3"";""menu_item_name_source"";""text"";""Depends on feature"";""Menu item name source."""
"menu_items.csv;""4"";""menu_item_name_clean"";""text"";""Depends on feature"";""Menu item name clean."""
"menu_items.csv;""5"";""category"";""text"";""Depends on feature"";""Category."""
"menu_items.csv;""6"";""sale_price_aud_small"";""number"";""Depends on feature"";""Sale price aud small."""
"menu_items.csv;""7"";""sale_price_aud_large"";""number"";""Depends on feature"";""Sale price aud large."""
"menu_items.csv;""8"";""estimated_food_cost_aud_small"";""number"";""Depends on feature"";""Estimated food cost aud small."""
"menu_items.csv;""9"";""estimated_food_cost_aud_large"";""number"";""Depends on feature"";""Estimated food cost aud large."""
"menu_items.csv;""10"";""active"";""boolean"";""Depends on feature"";""Active."""
"menu_items.csv;""11"";""menu_tag_codes"";""text"";""Depends on feature"";""Menu tag codes."""
"menu_items.csv;""12"";""tag_gf"";""text"";""Depends on feature"";""Tag gf."""
"menu_items.csv;""13"";""tag_v"";""text"";""Depends on feature"";""Tag v."""
"menu_items.csv;""14"";""tag_vg"";""text"";""Depends on feature"";""Tag vg."""
"menu_items.csv;""15"";""tag_a"";""text"";""Depends on feature"";""Tag a."""
"menu_items.csv;""16"";""tag_i"";""text"";""Depends on feature"";""Tag i."""
"menu_items.csv;""17"";""base_lunch_portions"";""number"";""Depends on feature"";""Base lunch portions."""
"menu_items.csv;""18"";""base_dinner_portions"";""number"";""Depends on feature"";""Base dinner portions."""
"menu_items.csv;""19"";""source_file"";""text"";""Depends on feature"";""Source file."""
"menu_variants.csv;""1"";""menu_variant_id"";""text"";""Yes"";""Menu variant id."""
"menu_variants.csv;""2"";""menu_item_id"";""text"";""Yes"";""Menu item id."""
"menu_variants.csv;""3"";""menu_variant_name"";""text"";""Depends on feature"";""Menu variant name."""
"menu_variants.csv;""4"";""portion_size"";""text"";""Depends on feature"";""Portion size."""
"menu_variants.csv;""5"";""category"";""text"";""Depends on feature"";""Category."""
"menu_variants.csv;""6"";""sale_price_aud"";""number"";""Depends on feature"";""Sale price aud."""
"menu_variants.csv;""7"";""estimated_food_cost_aud"";""number"";""Depends on feature"";""Estimated food cost aud."""
"menu_variants.csv;""8"";""gross_margin_aud"";""number"";""Depends on feature"";""Gross margin aud."""
"menu_variants.csv;""9"";""gross_margin_ratio"";""number"";""Depends on feature"";""Gross margin ratio."""
"menu_variants.csv;""10"";""active"";""boolean"";""Depends on feature"";""Active."""
"menu_variants.csv;""11"";""demand_model_training_eligible"";""boolean"";""Depends on feature"";""Demand model training eligible."""
"menu_variants.csv;""12"";""exclusion_reason"";""text"";""Depends on feature"";""Exclusion reason."""
"menu_variants.csv;""13"";""menu_tag_codes"";""text"";""Depends on feature"";""Menu tag codes."""
"menu_variants.csv;""14"";""tag_gf"";""text"";""Depends on feature"";""Tag gf."""
"menu_variants.csv;""15"";""tag_v"";""text"";""Depends on feature"";""Tag v."""
"menu_variants.csv;""16"";""tag_vg"";""text"";""Depends on feature"";""Tag vg."""
"menu_variants.csv;""17"";""tag_a"";""text"";""Depends on feature"";""Tag a."""
"menu_variants.csv;""18"";""tag_i"";""text"";""Depends on feature"";""Tag i."""
"menu_variants.csv;""19"";""base_lunch_portions_parent"";""number"";""Depends on feature"";""Base lunch portions parent."""
"menu_variants.csv;""20"";""base_dinner_portions_parent"";""number"";""Depends on feature"";""Base dinner portions parent."""
"menu_variants.csv;""21"";""size_mix_assumption_pct"";""number"";""Depends on feature"";""Size mix assumption pct."""
"menu_variants.csv;""22"";""source_row_number"";""text"";""Depends on feature"";""Source row number."""
"menu_variants.csv;""23"";""source_file"";""text"";""Depends on feature"";""Source file."""
"menu_recipes.csv;""1"";""recipe_line_id"";""text"";""Yes"";""Recipe line id."""
"menu_recipes.csv;""2"";""menu_variant_id"";""text"";""Yes"";""Menu variant id."""
"menu_recipes.csv;""3"";""menu_item_id"";""text"";""Yes"";""Menu item id."""
"menu_recipes.csv;""4"";""menu_variant_name"";""text"";""Depends on feature"";""Menu variant name."""
"menu_recipes.csv;""5"";""portion_size"";""text"";""Depends on feature"";""Portion size."""
"menu_recipes.csv;""6"";""ingredient_id"";""text"";""Yes"";""Ingredient id."""
"menu_recipes.csv;""7"";""ingredient_name"";""text"";""Depends on feature"";""Ingredient name."""
"menu_recipes.csv;""8"";""ingredient_group_code"";""text"";""Depends on feature"";""Ingredient group code."""
"menu_recipes.csv;""9"";""quantity_per_portion"";""number"";""Depends on feature"";""Quantity per portion."""
"menu_recipes.csv;""10"";""unit"";""text"";""Depends on feature"";""Unit."""
"menu_recipes.csv;""11"";""preparation_loss_fraction"";""number"";""Depends on feature"";""Preparation loss fraction."""
"menu_recipes.csv;""12"";""preparation_loss_pct"";""number"";""Depends on feature"";""Preparation loss pct."""
"menu_recipes.csv;""13"";""effective_quantity_per_portion"";""number"";""Depends on feature"";""Effective quantity per portion."""
"menu_recipes.csv;""14"";""recipe_component_status"";""text"";""Depends on feature"";""Recipe component status."""
"menu_recipes.csv;""15"";""inventory_consumption_eligible"";""boolean"";""Depends on feature"";""Inventory consumption eligible."""
"menu_recipes.csv;""16"";""source_row_number"";""text"";""Depends on feature"";""Source row number."""
"menu_recipes.csv;""17"";""source_file"";""text"";""Depends on feature"";""Source file."""
"ingredient_master.csv;""1"";""ingredient_id"";""text"";""Yes"";""Ingredient id."""
"ingredient_master.csv;""2"";""ingredient_name"";""text"";""Depends on feature"";""Ingredient name."""
"ingredient_master.csv;""3"";""ingredient_group_code"";""text"";""Depends on feature"";""Ingredient group code."""
"ingredient_master.csv;""4"";""source_unit"";""text"";""Depends on feature"";""Source unit."""
"ingredient_master.csv;""5"";""storage_type"";""text"";""Depends on feature"";""Storage type."""
"ingredient_master.csv;""6"";""unit_cost_aud"";""number"";""Depends on feature"";""Unit cost aud."""
"ingredient_master.csv;""7"";""inventory_tracked"";""boolean"";""Depends on feature"";""Inventory tracked."""
"ingredient_master.csv;""8"";""recipe_line_count"";""number"";""Depends on feature"";""Recipe line count."""
"ingredient_master.csv;""9"";""menu_variant_count"";""number"";""Depends on feature"";""Menu variant count."""
"ingredient_master.csv;""10"";""active_menu_variant_count"";""number"";""Depends on feature"";""Active menu variant count."""
"ingredient_master.csv;""11"";""operational_data_status"";""number"";""Depends on feature"";""Operational data status."""
"ingredient_master.csv;""12"";""inventory_setup_note"";""text"";""Depends on feature"";""Inventory setup note."""
"ingredient_master.csv;""13"";""source_file"";""text"";""Depends on feature"";""Source file."""
"historical_sales.csv;""1"";""sales_record_id"";""number"";""Yes"";""Sales record id."""
"historical_sales.csv;""2"";""restaurant_id"";""text"";""Yes"";""Restaurant id."""
"historical_sales.csv;""3"";""date"";""date"";""Yes"";""Date."""
"historical_sales.csv;""4"";""service_period"";""text"";""Depends on feature"";""Service period."""
"historical_sales.csv;""5"";""channel"";""text"";""Depends on feature"";""Channel."""
"historical_sales.csv;""6"";""menu_item_id"";""text"";""Yes"";""Menu item id."""
"historical_sales.csv;""7"";""menu_variant_id"";""text"";""Yes"";""Menu variant id."""
"historical_sales.csv;""8"";""menu_item_name"";""text"";""Depends on feature"";""Menu item name."""
"historical_sales.csv;""9"";""portion_size"";""text"";""Depends on feature"";""Portion size."""
"historical_sales.csv;""10"";""quantity_sold"";""number"";""Depends on feature"";""Quantity sold."""
"historical_sales.csv;""11"";""unit_price_aud"";""number"";""Depends on feature"";""Unit price aud."""
"historical_sales.csv;""12"";""discount_pct"";""number"";""Depends on feature"";""Discount pct."""
"historical_sales.csv;""13"";""gross_sales_aud"";""number"";""Depends on feature"";""Gross sales aud."""
"historical_sales.csv;""14"";""net_sales_aud"";""number"";""Depends on feature"";""Net sales aud."""
"historical_sales.csv;""15"";""promotion_id"";""text"";""Yes"";""Promotion id."""
"historical_sales.csv;""16"";""is_synthetic"";""boolean"";""Depends on feature"";""Is synthetic."""
"current_inventory.csv;""1"";""restaurant_id"";""text"";""Yes"";""Restaurant id."""
"current_inventory.csv;""2"";""inventory_as_of_date"";""date"";""Yes"";""Inventory as of date."""
"current_inventory.csv;""3"";""ingredient_id"";""text"";""Yes"";""Ingredient id."""
"current_inventory.csv;""4"";""ingredient_name"";""text"";""Depends on feature"";""Ingredient name."""
"current_inventory.csv;""5"";""category"";""text"";""Depends on feature"";""Category."""
"current_inventory.csv;""6"";""current_quantity"";""number"";""Depends on feature"";""Current quantity."""
"current_inventory.csv;""7"";""unit"";""text"";""Depends on feature"";""Unit."""
"current_inventory.csv;""8"";""safety_stock_quantity"";""number"";""Depends on feature"";""Safety stock quantity."""
"current_inventory.csv;""9"";""reorder_threshold_quantity"";""number"";""Depends on feature"";""Reorder threshold quantity."""
"current_inventory.csv;""10"";""unit_cost_aud"";""number"";""Depends on feature"";""Unit cost aud."""
"current_inventory.csv;""11"";""inventory_value_aud"";""number"";""Depends on feature"";""Inventory value aud."""
"current_inventory.csv;""12"";""storage_type"";""text"";""Depends on feature"";""Storage type."""
"current_inventory.csv;""13"";""storage_location"";""text"";""Depends on feature"";""Storage location."""
"current_inventory.csv;""14"";""last_count_timestamp"";""timestamp"";""Depends on feature"";""Last count timestamp."""
"current_inventory.csv;""15"";""is_synthetic"";""boolean"";""Depends on feature"";""Is synthetic."""
"inventory_batches_expiry.csv;""1"";""batch_id"";""text"";""Yes"";""Batch id."""
"inventory_batches_expiry.csv;""2"";""restaurant_id"";""text"";""Yes"";""Restaurant id."""
"inventory_batches_expiry.csv;""3"";""ingredient_id"";""text"";""Yes"";""Ingredient id."""
"inventory_batches_expiry.csv;""4"";""ingredient_name"";""text"";""Depends on feature"";""Ingredient name."""
"inventory_batches_expiry.csv;""5"";""received_date"";""date"";""Yes"";""Received date."""
"inventory_batches_expiry.csv;""6"";""expiry_date"";""date"";""Yes"";""Expiry date."""
"inventory_batches_expiry.csv;""7"";""days_until_expiry"";""number"";""Depends on feature"";""Days until expiry."""
"inventory_batches_expiry.csv;""8"";""shelf_life_days"";""text"";""Depends on feature"";""Shelf life days."""
"inventory_batches_expiry.csv;""9"";""quantity_remaining"";""number"";""Depends on feature"";""Quantity remaining."""
"inventory_batches_expiry.csv;""10"";""unit"";""text"";""Depends on feature"";""Unit."""
"inventory_batches_expiry.csv;""11"";""unit_cost_aud"";""number"";""Depends on feature"";""Unit cost aud."""
"inventory_batches_expiry.csv;""12"";""batch_value_aud"";""number"";""Depends on feature"";""Batch value aud."""
"inventory_batches_expiry.csv;""13"";""storage_type"";""text"";""Depends on feature"";""Storage type."""
"inventory_batches_expiry.csv;""14"";""storage_location"";""text"";""Depends on feature"";""Storage location."""
"inventory_batches_expiry.csv;""15"";""stock_rotation_priority"";""text"";""Depends on feature"";""Stock rotation priority."""
"inventory_batches_expiry.csv;""16"";""is_synthetic"";""boolean"";""Depends on feature"";""Is synthetic."""
"reservations.csv;""1"";""date"";""date"";""Yes"";""Date."""
"reservations.csv;""2"";""service_period"";""text"";""Depends on feature"";""Service period."""
"reservations.csv;""3"";""record_type"";""text"";""Depends on feature"";""Record type."""
"reservations.csv;""4"";""bookings_count"";""number"";""Depends on feature"";""Bookings count."""
"reservations.csv;""5"";""reserved_covers"";""number"";""Depends on feature"";""Reserved covers."""
"reservations.csv;""6"";""cancellation_rate_pct"";""number"";""Depends on feature"";""Cancellation rate pct."""
"reservations.csv;""7"";""cancelled_covers"";""number"";""Depends on feature"";""Cancelled covers."""
"reservations.csv;""8"";""confirmed_covers"";""number"";""Depends on feature"";""Confirmed covers."""
"reservations.csv;""9"";""walk_in_covers_actual"";""number"";""Depends on feature"";""Walk in covers actual."""
"reservations.csv;""10"";""data_snapshot_date"";""date"";""Yes"";""Data snapshot date."""
"reservations.csv;""11"";""is_synthetic"";""boolean"";""Depends on feature"";""Is synthetic."""
"weather.csv;""1"";""date"";""date"";""Yes"";""Date."""
"weather.csv;""2"";""record_type"";""text"";""Depends on feature"";""Record type."""
"weather.csv;""3"";""minimum_temperature_c"";""number"";""Depends on feature"";""Minimum temperature c."""
"weather.csv;""4"";""maximum_temperature_c"";""number"";""Depends on feature"";""Maximum temperature c."""
"weather.csv;""5"";""average_temperature_c"";""number"";""Depends on feature"";""Average temperature c."""
"weather.csv;""6"";""rain_probability_pct"";""number"";""Depends on feature"";""Rain probability pct."""
"weather.csv;""7"";""rainfall_mm"";""number"";""Depends on feature"";""Rainfall mm."""
"weather.csv;""8"";""condition"";""text"";""Depends on feature"";""Condition."""
"weather.csv;""9"";""is_hot_day"";""boolean"";""Depends on feature"";""Is hot day."""
"weather.csv;""10"";""is_cold_day"";""boolean"";""Depends on feature"";""Is cold day."""
"weather.csv;""11"";""forecast_horizon_days"";""number"";""Depends on feature"";""Forecast horizon days."""
"weather.csv;""12"";""location"";""text"";""Depends on feature"";""Location."""
"weather.csv;""13"";""is_synthetic"";""boolean"";""Depends on feature"";""Is synthetic."""
"local_events.csv;""1"";""event_id"";""text"";""Yes"";""Event id."""
"local_events.csv;""2"";""event_date"";""date"";""Yes"";""Event date."""
"local_events.csv;""3"";""event_type"";""text"";""Depends on feature"";""Event type."""
"local_events.csv;""4"";""event_name"";""text"";""Depends on feature"";""Event name."""
"local_events.csv;""5"";""venue_name"";""text"";""Depends on feature"";""Venue name."""
"local_events.csv;""6"";""start_time"";""time"";""Depends on feature"";""Start time."""
"local_events.csv;""7"";""end_time"";""time"";""Depends on feature"";""End time."""
"local_events.csv;""8"";""service_period_impacted"";""text"";""Depends on feature"";""Service period impacted."""
"local_events.csv;""9"";""distance_from_restaurant_km"";""number"";""Depends on feature"";""Distance from restaurant km."""
"local_events.csv;""10"";""estimated_attendance"";""number"";""Depends on feature"";""Estimated attendance."""
"local_events.csv;""11"";""demand_relevance_score"";""number"";""Depends on feature"";""Demand relevance score."""
"local_events.csv;""12"";""is_synthetic"";""boolean"";""Depends on feature"";""Is synthetic."""
"calendar_context.csv;""1"";""date"";""date"";""Yes"";""Date."""
"calendar_context.csv;""2"";""day_of_week"";""text"";""Depends on feature"";""Day of week."""
"calendar_context.csv;""3"";""month"";""text"";""Depends on feature"";""Month."""
"calendar_context.csv;""4"";""season"";""text"";""Depends on feature"";""Season."""
"calendar_context.csv;""5"";""is_weekend"";""boolean"";""Depends on feature"";""Is weekend."""
"calendar_context.csv;""6"";""is_public_holiday"";""boolean"";""Depends on feature"";""Is public holiday."""
"calendar_context.csv;""7"";""is_school_holiday"";""boolean"";""Depends on feature"";""Is school holiday."""
"calendar_context.csv;""8"";""special_occasion"";""text"";""Depends on feature"";""Special occasion."""
"calendar_context.csv;""9"";""special_occasion_demand_factor"";""number"";""Depends on feature"";""Special occasion demand factor."""
"calendar_context.csv;""10"";""restaurant_open"";""boolean"";""Depends on feature"";""Restaurant open."""
"calendar_context.csv;""11"";""data_status"";""text"";""Depends on feature"";""Data status."""
"calendar_context.csv;""12"";""is_synthetic"";""boolean"";""Depends on feature"";""Is synthetic."""
"suppliers.csv;""1"";""supplier_offer_id"";""text"";""Yes"";""Supplier offer id."""
"suppliers.csv;""2"";""supplier_id"";""text"";""Yes"";""Supplier id."""
"suppliers.csv;""3"";""supplier_name"";""text"";""Depends on feature"";""Supplier name."""
"suppliers.csv;""4"";""ingredient_id"";""text"";""Yes"";""Ingredient id."""
"suppliers.csv;""5"";""ingredient_name"";""text"";""Depends on feature"";""Ingredient name."""
"suppliers.csv;""6"";""is_primary_supplier"";""boolean"";""Depends on feature"";""Is primary supplier."""
"suppliers.csv;""7"";""pack_size"";""number"";""Depends on feature"";""Pack size."""
"suppliers.csv;""8"";""unit"";""text"";""Depends on feature"";""Unit."""
"suppliers.csv;""9"";""minimum_order_packs"";""text"";""Depends on feature"";""Minimum order packs."""
"suppliers.csv;""10"";""minimum_order_quantity"";""number"";""Depends on feature"";""Minimum order quantity."""
"suppliers.csv;""11"";""unit_cost_aud"";""number"";""Depends on feature"";""Unit cost aud."""
"suppliers.csv;""12"";""pack_cost_aud"";""number"";""Depends on feature"";""Pack cost aud."""
"suppliers.csv;""13"";""delivery_fee_aud"";""number"";""Depends on feature"";""Delivery fee aud."""
"suppliers.csv;""14"";""free_delivery_threshold_aud"";""text"";""Depends on feature"";""Free delivery threshold aud."""
"suppliers.csv;""15"";""lead_time_days"";""number"";""Depends on feature"";""Lead time days."""
"suppliers.csv;""16"";""delivery_days"";""text"";""Depends on feature"";""Delivery days."""
"suppliers.csv;""17"";""order_cutoff_time"";""time"";""Depends on feature"";""Order cutoff time."""
"suppliers.csv;""18"";""reliability_score_pct"";""number"";""Depends on feature"";""Reliability score pct."""
"suppliers.csv;""19"";""is_synthetic"";""boolean"";""Depends on feature"";""Is synthetic."""
"promotion_history.csv;""1"";""promotion_id"";""text"";""Yes"";""Promotion id."""
"promotion_history.csv;""2"";""promotion_date"";""date"";""Yes"";""Promotion date."""
"promotion_history.csv;""3"";""service_period"";""text"";""Depends on feature"";""Service period."""
"promotion_history.csv;""4"";""menu_item_id"";""text"";""Yes"";""Menu item id."""
"promotion_history.csv;""5"";""menu_variant_id"";""text"";""Yes"";""Menu variant id."""
"promotion_history.csv;""6"";""menu_variant_name"";""text"";""Depends on feature"";""Menu variant name."""
"promotion_history.csv;""7"";""targeted_ingredient_id"";""text"";""Yes"";""Targeted ingredient id."""
"promotion_history.csv;""8"";""targeted_ingredient_name"";""text"";""Depends on feature"";""Targeted ingredient name."""
"promotion_history.csv;""9"";""discount_pct"";""number"";""Depends on feature"";""Discount pct."""
"promotion_history.csv;""10"";""baseline_portions"";""number"";""Depends on feature"";""Baseline portions."""
"promotion_history.csv;""11"";""actual_portions_sold"";""number"";""Depends on feature"";""Actual portions sold."""
"promotion_history.csv;""12"";""uplift_pct"";""number"";""Depends on feature"";""Uplift pct."""
"promotion_history.csv;""13"";""at_risk_quantity"";""number"";""Depends on feature"";""At risk quantity."""
"promotion_history.csv;""14"";""unit"";""text"";""Depends on feature"";""Unit."""
"promotion_history.csv;""15"";""estimated_waste_avoided_quantity"";""number"";""Depends on feature"";""Estimated waste avoided quantity."""
"promotion_history.csv;""16"";""is_synthetic"";""boolean"";""Depends on feature"";""Is synthetic."""
"model_input_table.csv;""1"";""data_split"";""text"";""Depends on feature"";""Data split."""
"model_input_table.csv;""2"";""date"";""date"";""Yes"";""Date."""
"model_input_table.csv;""3"";""service_period"";""text"";""Depends on feature"";""Service period."""
"model_input_table.csv;""4"";""menu_item_id"";""text"";""Yes"";""Menu item id."""
"model_input_table.csv;""5"";""menu_variant_id"";""text"";""Yes"";""Menu variant id."""
"model_input_table.csv;""6"";""menu_item_name"";""text"";""Depends on feature"";""Menu item name."""
"model_input_table.csv;""7"";""portion_size"";""text"";""Depends on feature"";""Portion size."""
"model_input_table.csv;""8"";""category"";""text"";""Depends on feature"";""Category."""
"model_input_table.csv;""9"";""day_of_week"";""text"";""Depends on feature"";""Day of week."""
"model_input_table.csv;""10"";""month"";""text"";""Depends on feature"";""Month."""
"model_input_table.csv;""11"";""season"";""text"";""Depends on feature"";""Season."""
"model_input_table.csv;""12"";""is_weekend"";""boolean"";""Depends on feature"";""Is weekend."""
"model_input_table.csv;""13"";""is_public_holiday"";""boolean"";""Depends on feature"";""Is public holiday."""
"model_input_table.csv;""14"";""is_school_holiday"";""boolean"";""Depends on feature"";""Is school holiday."""
"model_input_table.csv;""15"";""special_occasion"";""text"";""Depends on feature"";""Special occasion."""
"model_input_table.csv;""16"";""average_temperature_c"";""number"";""Depends on feature"";""Average temperature c."""
"model_input_table.csv;""17"";""maximum_temperature_c"";""number"";""Depends on feature"";""Maximum temperature c."""
"model_input_table.csv;""18"";""rain_probability_pct"";""number"";""Depends on feature"";""Rain probability pct."""
"model_input_table.csv;""19"";""rainfall_mm"";""number"";""Depends on feature"";""Rainfall mm."""
"model_input_table.csv;""20"";""weather_condition"";""text"";""Depends on feature"";""Weather condition."""
"model_input_table.csv;""21"";""is_hot_day"";""boolean"";""Depends on feature"";""Is hot day."""
"model_input_table.csv;""22"";""is_cold_day"";""boolean"";""Depends on feature"";""Is cold day."""
"model_input_table.csv;""23"";""confirmed_reservation_covers"";""number"";""Depends on feature"";""Confirmed reservation covers."""
"model_input_table.csv;""24"";""event_count"";""number"";""Depends on feature"";""Event count."""
"model_input_table.csv;""25"";""event_types"";""text"";""Depends on feature"";""Event types."""
"model_input_table.csv;""26"";""total_event_attendance"";""number"";""Depends on feature"";""Total event attendance."""
"model_input_table.csv;""27"";""nearest_event_distance_km"";""number"";""Depends on feature"";""Nearest event distance km."""
"model_input_table.csv;""28"";""maximum_event_relevance_score"";""number"";""Depends on feature"";""Maximum event relevance score."""
"model_input_table.csv;""29"";""promotion_active"";""boolean"";""Depends on feature"";""Promotion active."""
"model_input_table.csv;""30"";""promotion_discount_pct"";""number"";""Depends on feature"";""Promotion discount pct."""
"model_input_table.csv;""31"";""lag_7_day_quantity"";""number"";""Depends on feature"";""Lag 7 day quantity."""
"model_input_table.csv;""32"";""rolling_28_day_average"";""text"";""Depends on feature"";""Rolling 28 day average."""
"model_input_table.csv;""33"";""quantity_sold_target"";""number"";""Yes"";""Quantity sold target."""
"model_input_table.csv;""34"";""dine_in_quantity_actual"";""number"";""Depends on feature"";""Dine in quantity actual."""
"model_input_table.csv;""35"";""takeaway_quantity_actual"";""number"";""Depends on feature"";""Takeaway quantity actual."""
"model_input_table.csv;""36"";""delivery_quantity_actual"";""number"";""Depends on feature"";""Delivery quantity actual."""
"model_input_table.csv;""37"";""gross_sales_aud_actual"";""number"";""Depends on feature"";""Gross sales aud actual."""
"model_input_table.csv;""38"";""net_sales_aud_actual"";""number"";""Depends on feature"";""Net sales aud actual."""
"model_input_table.csv;""39"";""is_synthetic"";""boolean"";""Depends on feature"";""Is synthetic."""
"demand_forecast.csv;""1"";""forecast_id"";""text"";""Yes"";""Forecast id."""
"demand_forecast.csv;""2"";""forecast_generated_date"";""date"";""Yes"";""Forecast generated date."""
"demand_forecast.csv;""3"";""forecast_date"";""date"";""Yes"";""Forecast date."""
"demand_forecast.csv;""4"";""forecast_horizon_days"";""number"";""Depends on feature"";""Forecast horizon days."""
"demand_forecast.csv;""5"";""service_period"";""text"";""Depends on feature"";""Service period."""
"demand_forecast.csv;""6"";""menu_item_id"";""text"";""Yes"";""Menu item id."""
"demand_forecast.csv;""7"";""menu_variant_id"";""text"";""Yes"";""Menu variant id."""
"demand_forecast.csv;""8"";""menu_item_name"";""text"";""Depends on feature"";""Menu item name."""
"demand_forecast.csv;""9"";""portion_size"";""text"";""Depends on feature"";""Portion size."""
"demand_forecast.csv;""10"";""category"";""text"";""Depends on feature"";""Category."""
"demand_forecast.csv;""11"";""baseline_portions"";""number"";""Depends on feature"";""Baseline portions."""
"demand_forecast.csv;""12"";""predicted_portions"";""number"";""Depends on feature"";""Predicted portions."""
"demand_forecast.csv;""13"";""lower_bound_portions"";""number"";""Depends on feature"";""Lower bound portions."""
"demand_forecast.csv;""14"";""upper_bound_portions"";""number"";""Depends on feature"";""Upper bound portions."""
"demand_forecast.csv;""15"";""forecast_confidence_pct"";""number"";""Depends on feature"";""Forecast confidence pct."""
"demand_forecast.csv;""16"";""confirmed_reservation_covers"";""number"";""Depends on feature"";""Confirmed reservation covers."""
"demand_forecast.csv;""17"";""weather_condition"";""text"";""Depends on feature"";""Weather condition."""
"demand_forecast.csv;""18"";""special_occasion"";""text"";""Depends on feature"";""Special occasion."""
"demand_forecast.csv;""19"";""event_types"";""text"";""Depends on feature"";""Event types."""
"demand_forecast.csv;""20"";""key_demand_drivers"";""text"";""Depends on feature"";""Key demand drivers."""
"demand_forecast.csv;""21"";""predicted_revenue_aud"";""number"";""Depends on feature"";""Predicted revenue aud."""
"demand_forecast.csv;""22"";""model_version"";""text"";""Depends on feature"";""Model version."""
"demand_forecast.csv;""23"";""is_synthetic"";""boolean"";""Depends on feature"";""Is synthetic."""
"ingredient_demand_forecast.csv;""1"";""forecast_date"";""date"";""Yes"";""Forecast date."""
"ingredient_demand_forecast.csv;""2"";""ingredient_id"";""text"";""Yes"";""Ingredient id."""
"ingredient_demand_forecast.csv;""3"";""ingredient_name"";""text"";""Depends on feature"";""Ingredient name."""
"ingredient_demand_forecast.csv;""4"";""category"";""text"";""Depends on feature"";""Category."""
"ingredient_demand_forecast.csv;""5"";""unit"";""text"";""Depends on feature"";""Unit."""
"ingredient_demand_forecast.csv;""6"";""forecast_quantity_needed"";""number"";""Depends on feature"";""Forecast quantity needed."""
"ingredient_demand_forecast.csv;""7"";""lower_bound_quantity"";""number"";""Depends on feature"";""Lower bound quantity."""
"ingredient_demand_forecast.csv;""8"";""upper_bound_quantity"";""number"";""Depends on feature"";""Upper bound quantity."""
"ingredient_demand_forecast.csv;""9"";""cumulative_forecast_quantity"";""number"";""Depends on feature"";""Cumulative forecast quantity."""
"ingredient_demand_forecast.csv;""10"";""starting_inventory_quantity"";""number"";""Depends on feature"";""Starting inventory quantity."""
"ingredient_demand_forecast.csv;""11"";""projected_inventory_end_of_day_no_order"";""text"";""Depends on feature"";""Projected inventory end of day no order."""
"ingredient_demand_forecast.csv;""12"";""projected_expired_quantity_to_date"";""date"";""Yes"";""Projected expired quantity to date."""
"ingredient_demand_forecast.csv;""13"";""projected_unfilled_demand_quantity"";""number"";""Depends on feature"";""Projected unfilled demand quantity."""
"ingredient_demand_forecast.csv;""14"";""is_synthetic"";""boolean"";""Depends on feature"";""Is synthetic."""
"runout_predictions.csv;""1"";""prediction_as_of_date"";""date"";""Yes"";""Prediction as of date."""
"runout_predictions.csv;""2"";""ingredient_id"";""text"";""Yes"";""Ingredient id."""
"runout_predictions.csv;""3"";""ingredient_name"";""text"";""Depends on feature"";""Ingredient name."""
"runout_predictions.csv;""4"";""category"";""text"";""Depends on feature"";""Category."""
"runout_predictions.csv;""5"";""unit"";""text"";""Depends on feature"";""Unit."""
"runout_predictions.csv;""6"";""current_inventory_quantity"";""number"";""Depends on feature"";""Current inventory quantity."""
"runout_predictions.csv;""7"";""safety_stock_quantity"";""number"";""Depends on feature"";""Safety stock quantity."""
"runout_predictions.csv;""8"";""ten_day_forecast_demand_quantity"";""number"";""Depends on feature"";""Ten day forecast demand quantity."""
"runout_predictions.csv;""9"";""projected_expired_quantity"";""number"";""Depends on feature"";""Projected expired quantity."""
"runout_predictions.csv;""10"";""projected_unfilled_demand_quantity"";""number"";""Depends on feature"";""Projected unfilled demand quantity."""
"runout_predictions.csv;""11"";""projected_end_inventory_no_order"";""text"";""Depends on feature"";""Projected end inventory no order."""
"runout_predictions.csv;""12"";""estimated_stock_cover_days"";""text"";""Depends on feature"";""Estimated stock cover days."""
"runout_predictions.csv;""13"";""first_below_safety_date"";""date"";""Yes"";""First below safety date."""
"runout_predictions.csv;""14"";""predicted_stockout_date"";""date"";""Yes"";""Predicted stockout date."""
"runout_predictions.csv;""15"";""days_until_stockout"";""number"";""Depends on feature"";""Days until stockout."""
"runout_predictions.csv;""16"";""runout_risk_level"";""text"";""Depends on feature"";""Runout risk level."""
"runout_predictions.csv;""17"";""priority_score"";""number"";""Depends on feature"";""Priority score."""
"runout_predictions.csv;""18"";""affected_menu_variants"";""text"";""Depends on feature"";""Affected menu variants."""
"runout_predictions.csv;""19"";""recommended_action"";""text"";""Depends on feature"";""Recommended action."""
"runout_predictions.csv;""20"";""is_synthetic"";""boolean"";""Depends on feature"";""Is synthetic."""
"order_recommendations.csv;""1"";""order_recommendation_id"";""text"";""Yes"";""Order recommendation id."""
"order_recommendations.csv;""2"";""recommendation_date"";""date"";""Yes"";""Recommendation date."""
"order_recommendations.csv;""3"";""ingredient_id"";""text"";""Yes"";""Ingredient id."""
"order_recommendations.csv;""4"";""ingredient_name"";""text"";""Depends on feature"";""Ingredient name."""
"order_recommendations.csv;""5"";""unit"";""text"";""Depends on feature"";""Unit."""
"order_recommendations.csv;""6"";""order_required"";""boolean"";""Depends on feature"";""Order required."""
"order_recommendations.csv;""7"";""forecast_demand_quantity"";""number"";""Depends on feature"";""Forecast demand quantity."""
"order_recommendations.csv;""8"";""usable_current_inventory_quantity"";""number"";""Depends on feature"";""Usable current inventory quantity."""
"order_recommendations.csv;""9"";""safety_stock_quantity"";""number"";""Depends on feature"";""Safety stock quantity."""
"order_recommendations.csv;""10"";""raw_order_requirement_quantity"";""number"";""Depends on feature"";""Raw order requirement quantity."""
"order_recommendations.csv;""11"";""recommended_order_packs"";""text"";""Depends on feature"";""Recommended order packs."""
"order_recommendations.csv;""12"";""pack_size"";""number"";""Depends on feature"";""Pack size."""
"order_recommendations.csv;""13"";""recommended_order_quantity"";""number"";""Depends on feature"";""Recommended order quantity."""
"order_recommendations.csv;""14"";""projected_end_stock_after_order"";""text"";""Depends on feature"";""Projected end stock after order."""
"order_recommendations.csv;""15"";""supplier_id"";""text"";""Yes"";""Supplier id."""
"order_recommendations.csv;""16"";""supplier_name"";""text"";""Depends on feature"";""Supplier name."""
"order_recommendations.csv;""17"";""unit_cost_aud"";""number"";""Depends on feature"";""Unit cost aud."""
"order_recommendations.csv;""18"";""line_subtotal_aud"";""text"";""Depends on feature"";""Line subtotal aud."""
"order_recommendations.csv;""19"";""supplier_delivery_fee_aud"";""number"";""Depends on feature"";""Supplier delivery fee aud."""
"order_recommendations.csv;""20"";""estimated_total_supplier_order_aud"";""text"";""Depends on feature"";""Estimated total supplier order aud."""
"order_recommendations.csv;""21"";""order_cutoff_time"";""time"";""Depends on feature"";""Order cutoff time."""
"order_recommendations.csv;""22"";""expected_delivery_date"";""date"";""Yes"";""Expected delivery date."""
"order_recommendations.csv;""23"";""order_urgency"";""text"";""Depends on feature"";""Order urgency."""
"order_recommendations.csv;""24"";""recommendation_reason"";""text"";""Depends on feature"";""Recommendation reason."""
"order_recommendations.csv;""25"";""is_synthetic"";""boolean"";""Depends on feature"";""Is synthetic."""
"expiry_menu_actions.csv;""1"";""expiry_action_id"";""text"";""Yes"";""Expiry action id."""
"expiry_menu_actions.csv;""2"";""action_generated_date"";""date"";""Yes"";""Action generated date."""
"expiry_menu_actions.csv;""3"";""batch_id"";""text"";""Yes"";""Batch id."""
"expiry_menu_actions.csv;""4"";""ingredient_id"";""text"";""Yes"";""Ingredient id."""
"expiry_menu_actions.csv;""5"";""ingredient_name"";""text"";""Depends on feature"";""Ingredient name."""
"expiry_menu_actions.csv;""6"";""expiry_date"";""date"";""Yes"";""Expiry date."""
"expiry_menu_actions.csv;""7"";""days_until_expiry"";""number"";""Depends on feature"";""Days until expiry."""
"expiry_menu_actions.csv;""8"";""batch_quantity_remaining"";""number"";""Depends on feature"";""Batch quantity remaining."""
"expiry_menu_actions.csv;""9"";""unit"";""text"";""Depends on feature"";""Unit."""
"expiry_menu_actions.csv;""10"";""projected_batch_usage_before_expiry"";""text"";""Depends on feature"";""Projected batch usage before expiry."""
"expiry_menu_actions.csv;""11"";""projected_waste_quantity"";""number"";""Depends on feature"";""Projected waste quantity."""
"expiry_menu_actions.csv;""12"";""inventory_value_at_risk_aud"";""number"";""Depends on feature"";""Inventory value at risk aud."""
"expiry_menu_actions.csv;""13"";""expiry_risk_level"";""text"";""Depends on feature"";""Expiry risk level."""
"expiry_menu_actions.csv;""14"";""recommended_menu_item_id"";""text"";""Yes"";""Recommended menu item id."""
"expiry_menu_actions.csv;""15"";""recommended_menu_variant_id"";""text"";""Yes"";""Recommended menu variant id."""
"expiry_menu_actions.csv;""16"";""recommended_menu_item_name"";""text"";""Depends on feature"";""Recommended menu item name."""
"expiry_menu_actions.csv;""17"";""ingredient_quantity_per_portion"";""number"";""Depends on feature"";""Ingredient quantity per portion."""
"expiry_menu_actions.csv;""18"";""recommended_additional_portions"";""number"";""Depends on feature"";""Recommended additional portions."""
"expiry_menu_actions.csv;""19"";""recommended_discount_pct"";""number"";""Depends on feature"";""Recommended discount pct."""
"expiry_menu_actions.csv;""20"";""promotion_start_date"";""date"";""Yes"";""Promotion start date."""
"expiry_menu_actions.csv;""21"";""promotion_end_date"";""date"";""Yes"";""Promotion end date."""
"expiry_menu_actions.csv;""22"";""estimated_incremental_revenue_aud"";""number"";""Depends on feature"";""Estimated incremental revenue aud."""
"expiry_menu_actions.csv;""23"";""estimated_waste_value_avoided_aud"";""number"";""Depends on feature"";""Estimated waste value avoided aud."""
"expiry_menu_actions.csv;""24"";""recommended_action"";""text"";""Depends on feature"";""Recommended action."""
"expiry_menu_actions.csv;""25"";""is_synthetic"";""boolean"";""Depends on feature"";""Is synthetic."""
"data_assumptions.csv;""1"";""assumption_id"";""text"";""Yes"";""Assumption id."""
"data_assumptions.csv;""2"";""category"";""text"";""Depends on feature"";""Category."""
"data_assumptions.csv;""3"";""affected_entities"";""text"";""Depends on feature"";""Affected entities."""
"data_assumptions.csv;""4"";""assumption"";""text"";""Depends on feature"";""Assumption."""
"data_assumptions.csv;""5"";""value"";""number"";""Depends on feature"";""Value."""
"data_assumptions.csv;""6"";""rationale"";""number"";""Depends on feature"";""Rationale."""
"data_assumptions.csv;""7"";""replacement_required"";""text"";""Depends on feature"";""Replacement required."""
"data_assumptions.csv;""8"";""is_synthetic"";""boolean"";""Depends on feature"";""Is synthetic."""
