"_id";"date";"num_of_event"
"EVT-00001";"2024-01-01";"2"
"EVT-00002";"2024-01-02";"1"
"EVT-00003";"2024-01-03";"0"
"EVT-00004";"2024-01-04";"1"
"EVT-00005";"2024-01-05";"0"
"EVT-00006";"2024-01-06";"2"
"EVT-00007";"2024-01-07";"0"
"EVT-00008";"2024-01-08";"0"
"EVT-00009";"2024-01-09";"0"
"EVT-00010";"2024-01-10";"0"
"EVT-00011";"2024-01-11";"2"
"EVT-00012";"2024-01-12";"0"
"EVT-00013";"2024-01-13";"2"
"EVT-00014";"2024-01-14";"1"
"EVT-00015";"2024-01-15";"1"
"EVT-00016";"2024-01-16";"1"
"EVT-00017";"2024-01-17";"1"
"EVT-00018";"2024-01-18";"0"
"EVT-00019";"2024-01-19";"1"
"EVT-00020";"2024-01-20";"0"
"EVT-00021";"2024-01-21";"1"
"EVT-00022";"2024-01-22";"0"
"EVT-00023";"2024-01-23";"1"
"EVT-00024";"2024-01-24";"0"
"EVT-00025";"2024-01-25";"0"
"EVT-00026";"2024-01-26";"0"
"EVT-00027";"2024-01-27";"1"
"EVT-00028";"2024-01-28";"0"
"EVT-00029";"2024-01-29";"1"
"EVT-00030";"2024-01-30";"0"
"EVT-00031";"2024-01-31";"1"
"EVT-00032";"2024-02-01";"0"
"EVT-00033";"2024-02-02";"0"
"EVT-00034";"2024-02-03";"1"
"EVT-00035";"2024-02-04";"1"
"EVT-00036";"2024-02-05";"1"
"EVT-00037";"2024-02-06";"1"
"EVT-00038";"2024-02-07";"0"
"EVT-00039";"2024-02-08";"0"
"EVT-00040";"2024-02-09";"0"
"EVT-00041";"2024-02-10";"0"
"EVT-00042";"2024-02-11";"4"
"EVT-00043";"2024-02-12";"0"
"EVT-00044";"2024-02-13";"0"
"EVT-00045";"2024-02-14";"0"
"EVT-00046";"2024-02-15";"0"
"EVT-00047";"2024-02-16";"1"
"EVT-00048";"2024-02-17";"0"
"EVT-00049";"2024-02-18";"0"
"EVT-00050";"2024-02-19";"2"
"EVT-00051";"2024-02-20";"2"
"EVT-00052";"2024-02-21";"1"
"EVT-00053";"2024-02-22";"0"
"EVT-00054";"2024-02-23";"0"
"EVT-00055";"2024-02-24";"1"
"EVT-00056";"2024-02-25";"1"
"EVT-00057";"2024-02-26";"0"
"EVT-00058";"2024-02-27";"0"
"EVT-00059";"2024-02-28";"2"
"EVT-00060";"2024-02-29";"0"
"EVT-00061";"2024-03-01";"1"
"EVT-00062";"2024-03-02";"0"
"EVT-00063";"2024-03-03";"1"
"EVT-00064";"2024-03-04";"1"
"EVT-00065";"2024-03-05";"0"
"EVT-00066";"2024-03-06";"1"
"EVT-00067";"2024-03-07";"1"
"EVT-00068";"2024-03-08";"0"
"EVT-00069";"2024-03-09";"0"
"EVT-00070";"2024-03-10";"1"
"EVT-00071";"2024-03-11";"0"
"EVT-00072";"2024-03-12";"1"
"EVT-00073";"2024-03-13";"0"
"EVT-00074";"2024-03-14";"1"
"EVT-00075";"2024-03-15";"1"
"EVT-00076";"2024-03-16";"3"
"EVT-00077";"2024-03-17";"1"
"EVT-00078";"2024-03-18";"0"
"EVT-00079";"2024-03-19";"0"
"EVT-00080";"2024-03-20";"1"
"EVT-00081";"2024-03-21";"0"
"EVT-00082";"2024-03-22";"2"
"EVT-00083";"2024-03-23";"1"
"EVT-00084";"2024-03-24";"1"
"EVT-00085";"2024-03-25";"1"
"EVT-00086";"2024-03-26";"1"
"EVT-00087";"2024-03-27";"3"
"EVT-00088";"2024-03-28";"1"
"EVT-00089";"2024-03-29";"1"
"EVT-00090";"2024-03-30";"2"
"EVT-00091";"2024-03-31";"2"
"EVT-00092";"2024-04-01";"1"
"EVT-00093";"2024-04-02";"0"
"EVT-00094";"2024-04-03";"0"
"EVT-00095";"2024-04-04";"0"
"EVT-00096";"2024-04-05";"1"
"EVT-00097";"2024-04-06";"1"
"EVT-00098";"2024-04-07";"2"
"EVT-00099";"2024-04-08";"0"
"EVT-00100";"2024-04-09";"0"
"EVT-00101";"2024-04-10";"0"
"EVT-00102";"2024-04-11";"0"
"EVT-00103";"2024-04-12";"0"
"EVT-00104";"2024-04-13";"0"
"EVT-00105";"2024-04-14";"0"
"EVT-00106";"2024-04-15";"0"
"EVT-00107";"2024-04-16";"0"
"EVT-00108";"2024-04-17";"0"
"EVT-00109";"2024-04-18";"0"
"EVT-00110";"2024-04-19";"0"
"EVT-00111";"2024-04-20";"2"
"EVT-00112";"2024-04-21";"1"
"EVT-00113";"2024-04-22";"0"
"EVT-00114";"2024-04-23";"0"
"EVT-00115";"2024-04-24";"0"
"EVT-00116";"2024-04-25";"2"
"EVT-00117";"2024-04-26";"2"
"EVT-00118";"2024-04-27";"1"
"EVT-00119";"2024-04-28";"0"
"EVT-00120";"2024-04-29";"1"
"EVT-00121";"2024-04-30";"3"
"EVT-00122";"2024-05-01";"1"
"EVT-00123";"2024-05-02";"0"
"EVT-00124";"2024-05-03";"0"
"EVT-00125";"2024-05-04";"2"
"EVT-00126";"2024-05-05";"2"
"EVT-00127";"2024-05-06";"0"
"EVT-00128";"2024-05-07";"1"
"EVT-00129";"2024-05-08";"0"
"EVT-00130";"2024-05-09";"0"
"EVT-00131";"2024-05-10";"0"
"EVT-00132";"2024-05-11";"3"
"EVT-00133";"2024-05-12";"0"
"EVT-00134";"2024-05-13";"0"
"EVT-00135";"2024-05-14";"0"
"EVT-00136";"2024-05-15";"0"
"EVT-00137";"2024-05-16";"0"
"EVT-00138";"2024-05-17";"0"
"EVT-00139";"2024-05-18";"2"
"EVT-00140";"2024-05-19";"0"
"EVT-00141";"2024-05-20";"0"
"EVT-00142";"2024-05-21";"0"
"EVT-00143";"2024-05-22";"0"
"EVT-00144";"2024-05-23";"0"
"EVT-00145";"2024-05-24";"0"
"EVT-00146";"2024-05-25";"0"
"EVT-00147";"2024-05-26";"0"
"EVT-00148";"2024-05-27";"0"
"EVT-00149";"2024-05-28";"1"
"EVT-00150";"2024-05-29";"0"
"EVT-00151";"2024-05-30";"1"
"EVT-00152";"2024-05-31";"2"
"EVT-00153";"2024-06-01";"0"
"EVT-00154";"2024-06-02";"0"
"EVT-00155";"2024-06-03";"0"
"EVT-00156";"2024-06-04";"1"
"EVT-00157";"2024-06-05";"1"
"EVT-00158";"2024-06-06";"0"
"EVT-00159";"2024-06-07";"0"
"EVT-00160";"2024-06-08";"0"
"EVT-00161";"2024-06-09";"0"
"EVT-00162";"2024-06-10";"1"
"EVT-00163";"2024-06-11";"0"
"EVT-00164";"2024-06-12";"0"
"EVT-00165";"2024-06-13";"2"
"EVT-00166";"2024-06-14";"1"
"EVT-00167";"2024-06-15";"2"
"EVT-00168";"2024-06-16";"1"
"EVT-00169";"2024-06-17";"0"
"EVT-00170";"2024-06-18";"0"
"EVT-00171";"2024-06-19";"0"
"EVT-00172";"2024-06-20";"1"
"EVT-00173";"2024-06-21";"1"
"EVT-00174";"2024-06-22";"3"
"EVT-00175";"2024-06-23";"2"
"EVT-00176";"2024-06-24";"0"
"EVT-00177";"2024-06-25";"0"
"EVT-00178";"2024-06-26";"0"
"EVT-00179";"2024-06-27";"0"
"EVT-00180";"2024-06-28";"0"
"EVT-00181";"2024-06-29";"3"
"EVT-00182";"2024-06-30";"0"
"EVT-00183";"2024-07-01";"0"
"EVT-00184";"2024-07-02";"0"
"EVT-00185";"2024-07-03";"0"
"EVT-00186";"2024-07-04";"0"
"EVT-00187";"2024-07-05";"0"
"EVT-00188";"2024-07-06";"2"
"EVT-00189";"2024-07-07";"1"
"EVT-00190";"2024-07-08";"2"
"EVT-00191";"2024-07-09";"0"
"EVT-00192";"2024-07-10";"0"
"EVT-00193";"2024-07-11";"1"
"EVT-00194";"2024-07-12";"0"
"EVT-00195";"2024-07-13";"3"
"EVT-00196";"2024-07-14";"1"
"EVT-00197";"2024-07-15";"1"
"EVT-00198";"2024-07-16";"0"
"EVT-00199";"2024-07-17";"1"
"EVT-00200";"2024-07-18";"1"
"EVT-00201";"2024-07-19";"0"
"EVT-00202";"2024-07-20";"2"
"EVT-00203";"2024-07-21";"1"
"EVT-00204";"2024-07-22";"0"
"EVT-00205";"2024-07-23";"0"
"EVT-00206";"2024-07-24";"0"
"EVT-00207";"2024-07-25";"1"
"EVT-00208";"2024-07-26";"1"
"EVT-00209";"2024-07-27";"0"
"EVT-00210";"2024-07-28";"1"
"EVT-00211";"2024-07-29";"0"
"EVT-00212";"2024-07-30";"0"
"EVT-00213";"2024-07-31";"1"
"EVT-00214";"2024-08-01";"0"
"EVT-00215";"2024-08-02";"0"
"EVT-00216";"2024-08-03";"1"
"EVT-00217";"2024-08-04";"3"
"EVT-00218";"2024-08-05";"0"
"EVT-00219";"2024-08-06";"0"
"EVT-00220";"2024-08-07";"0"
"EVT-00221";"2024-08-08";"0"
"EVT-00222";"2024-08-09";"0"
"EVT-00223";"2024-08-10";"1"
"EVT-00224";"2024-08-11";"1"
"EVT-00225";"2024-08-12";"0"
"EVT-00226";"2024-08-13";"0"
"EVT-00227";"2024-08-14";"0"
"EVT-00228";"2024-08-15";"0"
"EVT-00229";"2024-08-16";"0"
"EVT-00230";"2024-08-17";"0"
"EVT-00231";"2024-08-18";"2"
"EVT-00232";"2024-08-19";"0"
"EVT-00233";"2024-08-20";"0"
"EVT-00234";"2024-08-21";"0"
"EVT-00235";"2024-08-22";"0"
"EVT-00236";"2024-08-23";"1"
"EVT-00237";"2024-08-24";"1"
"EVT-00238";"2024-08-25";"1"
"EVT-00239";"2024-08-26";"1"
"EVT-00240";"2024-08-27";"0"
"EVT-00241";"2024-08-28";"1"
"EVT-00242";"2024-08-29";"0"
"EVT-00243";"2024-08-30";"0"
"EVT-00244";"2024-08-31";"0"
"EVT-00245";"2024-09-01";"0"
"EVT-00246";"2024-09-02";"0"
"EVT-00247";"2024-09-03";"0"
"EVT-00248";"2024-09-04";"0"
"EVT-00249";"2024-09-05";"1"
"EVT-00250";"2024-09-06";"0"
"EVT-00251";"2024-09-07";"1"
"EVT-00252";"2024-09-08";"0"
"EVT-00253";"2024-09-09";"0"
"EVT-00254";"2024-09-10";"1"
"EVT-00255";"2024-09-11";"0"
"EVT-00256";"2024-09-12";"0"
"EVT-00257";"2024-09-13";"0"
"EVT-00258";"2024-09-14";"2"
"EVT-00259";"2024-09-15";"0"
"EVT-00260";"2024-09-16";"1"
"EVT-00261";"2024-09-17";"0"
"EVT-00262";"2024-09-18";"0"
"EVT-00263";"2024-09-19";"0"
"EVT-00264";"2024-09-20";"0"
"EVT-00265";"2024-09-21";"1"
"EVT-00266";"2024-09-22";"0"
"EVT-00267";"2024-09-23";"0"
"EVT-00268";"2024-09-24";"0"
"EVT-00269";"2024-09-25";"1"
"EVT-00270";"2024-09-26";"0"
"EVT-00271";"2024-09-27";"0"
"EVT-00272";"2024-09-28";"1"
"EVT-00273";"2024-09-29";"0"
"EVT-00274";"2024-09-30";"1"
"EVT-00275";"2024-10-01";"0"
"EVT-00276";"2024-10-02";"0"
"EVT-00277";"2024-10-03";"0"
"EVT-00278";"2024-10-04";"0"
"EVT-00279";"2024-10-05";"3"
"EVT-00280";"2024-10-06";"3"
"EVT-00281";"2024-10-07";"1"
"EVT-00282";"2024-10-08";"2"
"EVT-00283";"2024-10-09";"0"
"EVT-00284";"2024-10-10";"1"
"EVT-00285";"2024-10-11";"1"
"EVT-00286";"2024-10-12";"0"
"EVT-00287";"2024-10-13";"2"
"EVT-00288";"2024-10-14";"0"
"EVT-00289";"2024-10-15";"0"
"EVT-00290";"2024-10-16";"0"
"EVT-00291";"2024-10-17";"0"
"EVT-00292";"2024-10-18";"1"
"EVT-00293";"2024-10-19";"2"
"EVT-00294";"2024-10-20";"0"
"EVT-00295";"2024-10-21";"0"
"EVT-00296";"2024-10-22";"0"
"EVT-00297";"2024-10-23";"0"
"EVT-00298";"2024-10-24";"1"
"EVT-00299";"2024-10-25";"0"
"EVT-00300";"2024-10-26";"1"
"EVT-00301";"2024-10-27";"2"
"EVT-00302";"2024-10-28";"1"
"EVT-00303";"2024-10-29";"0"
"EVT-00304";"2024-10-30";"0"
"EVT-00305";"2024-10-31";"0"
"EVT-00306";"2024-11-01";"0"
"EVT-00307";"2024-11-02";"0"
"EVT-00308";"2024-11-03";"1"
"EVT-00309";"2024-11-04";"1"
"EVT-00310";"2024-11-05";"0"
"EVT-00311";"2024-11-06";"1"
"EVT-00312";"2024-11-07";"0"
"EVT-00313";"2024-11-08";"0"
"EVT-00314";"2024-11-09";"3"
"EVT-00315";"2024-11-10";"3"
"EVT-00316";"2024-11-11";"0"
"EVT-00317";"2024-11-12";"0"
"EVT-00318";"2024-11-13";"0"
"EVT-00319";"2024-11-14";"1"
"EVT-00320";"2024-11-15";"0"
"EVT-00321";"2024-11-16";"2"
"EVT-00322";"2024-11-17";"0"
"EVT-00323";"2024-11-18";"2"
"EVT-00324";"2024-11-19";"0"
"EVT-00325";"2024-11-20";"0"
"EVT-00326";"2024-11-21";"1"
"EVT-00327";"2024-11-22";"0"
"EVT-00328";"2024-11-23";"3"
"EVT-00329";"2024-11-24";"1"
"EVT-00330";"2024-11-25";"0"
"EVT-00331";"2024-11-26";"1"
"EVT-00332";"2024-11-27";"0"
"EVT-00333";"2024-11-28";"0"
"EVT-00334";"2024-11-29";"1"
"EVT-00335";"2024-11-30";"3"
"EVT-00336";"2024-12-01";"0"
"EVT-00337";"2024-12-02";"1"
"EVT-00338";"2024-12-03";"0"
"EVT-00339";"2024-12-04";"0"
"EVT-00340";"2024-12-05";"0"
"EVT-00341";"2024-12-06";"1"
"EVT-00342";"2024-12-07";"1"
"EVT-00343";"2024-12-08";"1"
"EVT-00344";"2024-12-09";"0"
"EVT-00345";"2024-12-10";"1"
"EVT-00346";"2024-12-11";"1"
"EVT-00347";"2024-12-12";"1"
"EVT-00348";"2024-12-13";"0"
"EVT-00349";"2024-12-14";"1"
"EVT-00350";"2024-12-15";"2"
"EVT-00351";"2024-12-16";"0"
"EVT-00352";"2024-12-17";"0"
"EVT-00353";"2024-12-18";"0"
"EVT-00354";"2024-12-19";"1"
"EVT-00355";"2024-12-20";"1"
"EVT-00356";"2024-12-21";"1"
"EVT-00357";"2024-12-22";"1"
"EVT-00358";"2024-12-23";"0"
"EVT-00359";"2024-12-24";"1"
"EVT-00360";"2024-12-25";"0"
"EVT-00361";"2024-12-26";"1"
"EVT-00362";"2024-12-27";"0"
"EVT-00363";"2024-12-28";"2"
"EVT-00364";"2024-12-29";"3"
"EVT-00365";"2024-12-30";"0"
"EVT-00366";"2024-12-31";"0"
"EVT-00367";"2025-01-01";"1"
"EVT-00368";"2025-01-02";"0"
"EVT-00369";"2025-01-03";"0"
"EVT-00370";"2025-01-04";"1"
"EVT-00371";"2025-01-05";"1"
"EVT-00372";"2025-01-06";"0"
"EVT-00373";"2025-01-07";"0"
"EVT-00374";"2025-01-08";"1"
"EVT-00375";"2025-01-09";"0"
"EVT-00376";"2025-01-10";"0"
"EVT-00377";"2025-01-11";"0"
"EVT-00378";"2025-01-12";"0"
"EVT-00379";"2025-01-13";"1"
"EVT-00380";"2025-01-14";"0"
"EVT-00381";"2025-01-15";"0"
"EVT-00382";"2025-01-16";"1"
"EVT-00383";"2025-01-17";"0"
"EVT-00384";"2025-01-18";"0"
"EVT-00385";"2025-01-19";"0"
"EVT-00386";"2025-01-20";"0"
"EVT-00387";"2025-01-21";"0"
"EVT-00388";"2025-01-22";"1"
"EVT-00389";"2025-01-23";"1"
"EVT-00390";"2025-01-24";"1"
"EVT-00391";"2025-01-25";"0"
"EVT-00392";"2025-01-26";"2"
"EVT-00393";"2025-01-27";"0"
"EVT-00394";"2025-01-28";"0"
"EVT-00395";"2025-01-29";"1"
"EVT-00396";"2025-01-30";"0"
"EVT-00397";"2025-01-31";"0"
"EVT-00398";"2025-02-01";"0"
"EVT-00399";"2025-02-02";"2"
"EVT-00400";"2025-02-03";"0"
"EVT-00401";"2025-02-04";"0"
"EVT-00402";"2025-02-05";"0"
"EVT-00403";"2025-02-06";"2"
"EVT-00404";"2025-02-07";"0"
"EVT-00405";"2025-02-08";"0"
"EVT-00406";"2025-02-09";"0"
"EVT-00407";"2025-02-10";"2"
"EVT-00408";"2025-02-11";"0"
"EVT-00409";"2025-02-12";"1"
"EVT-00410";"2025-02-13";"0"
"EVT-00411";"2025-02-14";"0"
"EVT-00412";"2025-02-15";"1"
"EVT-00413";"2025-02-16";"0"
"EVT-00414";"2025-02-17";"0"
"EVT-00415";"2025-02-18";"0"
"EVT-00416";"2025-02-19";"0"
"EVT-00417";"2025-02-20";"1"
"EVT-00418";"2025-02-21";"2"
"EVT-00419";"2025-02-22";"1"
"EVT-00420";"2025-02-23";"1"
"EVT-00421";"2025-02-24";"1"
"EVT-00422";"2025-02-25";"0"
"EVT-00423";"2025-02-26";"1"
"EVT-00424";"2025-02-27";"1"
"EVT-00425";"2025-02-28";"0"
"EVT-00426";"2025-03-01";"0"
"EVT-00427";"2025-03-02";"0"
"EVT-00428";"2025-03-03";"1"
"EVT-00429";"2025-03-04";"0"
"EVT-00430";"2025-03-05";"0"
"EVT-00431";"2025-03-06";"1"
"EVT-00432";"2025-03-07";"1"
"EVT-00433";"2025-03-08";"1"
"EVT-00434";"2025-03-09";"2"
"EVT-00435";"2025-03-10";"1"
"EVT-00436";"2025-03-11";"0"
"EVT-00437";"2025-03-12";"1"
"EVT-00438";"2025-03-13";"0"
"EVT-00439";"2025-03-14";"0"
"EVT-00440";"2025-03-15";"1"
"EVT-00441";"2025-03-16";"1"
"EVT-00442";"2025-03-17";"0"
"EVT-00443";"2025-03-18";"1"
"EVT-00444";"2025-03-19";"0"
"EVT-00445";"2025-03-20";"1"
"EVT-00446";"2025-03-21";"0"
"EVT-00447";"2025-03-22";"1"
"EVT-00448";"2025-03-23";"5"
"EVT-00449";"2025-03-24";"0"
"EVT-00450";"2025-03-25";"0"
"EVT-00451";"2025-03-26";"0"
"EVT-00452";"2025-03-27";"1"
"EVT-00453";"2025-03-28";"0"
"EVT-00454";"2025-03-29";"0"
"EVT-00455";"2025-03-30";"2"
"EVT-00456";"2025-03-31";"0"
"EVT-00457";"2025-04-01";"0"
"EVT-00458";"2025-04-02";"1"
"EVT-00459";"2025-04-03";"0"
"EVT-00460";"2025-04-04";"0"
"EVT-00461";"2025-04-05";"1"
"EVT-00462";"2025-04-06";"2"
"EVT-00463";"2025-04-07";"1"
"EVT-00464";"2025-04-08";"1"
"EVT-00465";"2025-04-09";"1"
"EVT-00466";"2025-04-10";"0"
"EVT-00467";"2025-04-11";"1"
"EVT-00468";"2025-04-12";"1"
"EVT-00469";"2025-04-13";"3"
"EVT-00470";"2025-04-14";"0"
"EVT-00471";"2025-04-15";"1"
"EVT-00472";"2025-04-16";"0"
"EVT-00473";"2025-04-17";"0"
"EVT-00474";"2025-04-18";"0"
"EVT-00475";"2025-04-19";"2"
"EVT-00476";"2025-04-20";"0"
"EVT-00477";"2025-04-21";"0"
"EVT-00478";"2025-04-22";"0"
"EVT-00479";"2025-04-23";"0"
"EVT-00480";"2025-04-24";"0"
"EVT-00481";"2025-04-25";"0"
"EVT-00482";"2025-04-26";"1"
"EVT-00483";"2025-04-27";"1"
"EVT-00484";"2025-04-28";"0"
"EVT-00485";"2025-04-29";"0"
"EVT-00486";"2025-04-30";"0"
"EVT-00487";"2025-05-01";"0"
"EVT-00488";"2025-05-02";"0"
"EVT-00489";"2025-05-03";"3"
"EVT-00490";"2025-05-04";"1"
"EVT-00491";"2025-05-05";"0"
"EVT-00492";"2025-05-06";"0"
"EVT-00493";"2025-05-07";"1"
"EVT-00494";"2025-05-08";"0"
"EVT-00495";"2025-05-09";"0"
"EVT-00496";"2025-05-10";"2"
"EVT-00497";"2025-05-11";"0"
"EVT-00498";"2025-05-12";"0"
"EVT-00499";"2025-05-13";"1"
"EVT-00500";"2025-05-14";"0"
"EVT-00501";"2025-05-15";"0"
"EVT-00502";"2025-05-16";"0"
"EVT-00503";"2025-05-17";"4"
"EVT-00504";"2025-05-18";"0"
"EVT-00505";"2025-05-19";"2"
"EVT-00506";"2025-05-20";"1"
"EVT-00507";"2025-05-21";"0"
"EVT-00508";"2025-05-22";"0"
"EVT-00509";"2025-05-23";"0"
"EVT-00510";"2025-05-24";"2"
"EVT-00511";"2025-05-25";"1"
"EVT-00512";"2025-05-26";"0"
"EVT-00513";"2025-05-27";"1"
"EVT-00514";"2025-05-28";"0"
"EVT-00515";"2025-05-29";"0"
"EVT-00516";"2025-05-30";"0"
"EVT-00517";"2025-05-31";"0"
"EVT-00518";"2025-06-01";"1"
"EVT-00519";"2025-06-02";"0"
"EVT-00520";"2025-06-03";"0"
"EVT-00521";"2025-06-04";"0"
"EVT-00522";"2025-06-05";"0"
"EVT-00523";"2025-06-06";"0"
"EVT-00524";"2025-06-07";"0"
"EVT-00525";"2025-06-08";"1"
"EVT-00526";"2025-06-09";"0"
"EVT-00527";"2025-06-10";"0"
"EVT-00528";"2025-06-11";"0"
"EVT-00529";"2025-06-12";"1"
"EVT-00530";"2025-06-13";"0"
"EVT-00531";"2025-06-14";"2"
"EVT-00532";"2025-06-15";"2"
"EVT-00533";"2025-06-16";"0"
"EVT-00534";"2025-06-17";"0"
"EVT-00535";"2025-06-18";"1"
"EVT-00536";"2025-06-19";"1"
"EVT-00537";"2025-06-20";"0"
"EVT-00538";"2025-06-21";"2"
"EVT-00539";"2025-06-22";"1"
"EVT-00540";"2025-06-23";"0"
"EVT-00541";"2025-06-24";"1"
"EVT-00542";"2025-06-25";"0"
"EVT-00543";"2025-06-26";"1"
"EVT-00544";"2025-06-27";"0"
"EVT-00545";"2025-06-28";"1"
"EVT-00546";"2025-06-29";"0"
"EVT-00547";"2025-06-30";"0"
"EVT-00548";"2025-07-01";"1"
"EVT-00549";"2025-07-02";"0"
"EVT-00550";"2025-07-03";"0"
"EVT-00551";"2025-07-04";"0"
"EVT-00552";"2025-07-05";"1"
"EVT-00553";"2025-07-06";"2"
"EVT-00554";"2025-07-07";"0"
"EVT-00555";"2025-07-08";"0"
"EVT-00556";"2025-07-09";"0"
"EVT-00557";"2025-07-10";"0"
"EVT-00558";"2025-07-11";"0"
"EVT-00559";"2025-07-12";"0"
"EVT-00560";"2025-07-13";"1"
"EVT-00561";"2025-07-14";"0"
"EVT-00562";"2025-07-15";"0"
"EVT-00563";"2025-07-16";"0"
"EVT-00564";"2025-07-17";"0"
"EVT-00565";"2025-07-18";"1"
"EVT-00566";"2025-07-19";"0"
"EVT-00567";"2025-07-20";"1"
"EVT-00568";"2025-07-21";"0"
"EVT-00569";"2025-07-22";"0"
"EVT-00570";"2025-07-23";"0"
"EVT-00571";"2025-07-24";"0"
"EVT-00572";"2025-07-25";"0"
"EVT-00573";"2025-07-26";"0"
"EVT-00574";"2025-07-27";"0"
"EVT-00575";"2025-07-28";"2"
"EVT-00576";"2025-07-29";"0"
"EVT-00577";"2025-07-30";"1"
"EVT-00578";"2025-07-31";"0"
"EVT-00579";"2025-08-01";"0"
"EVT-00580";"2025-08-02";"1"
"EVT-00581";"2025-08-03";"2"
"EVT-00582";"2025-08-04";"0"
"EVT-00583";"2025-08-05";"0"
"EVT-00584";"2025-08-06";"0"
"EVT-00585";"2025-08-07";"1"
"EVT-00586";"2025-08-08";"0"
"EVT-00587";"2025-08-09";"1"
"EVT-00588";"2025-08-10";"3"
"EVT-00589";"2025-08-11";"0"
"EVT-00590";"2025-08-12";"0"
"EVT-00591";"2025-08-13";"0"
"EVT-00592";"2025-08-14";"0"
"EVT-00593";"2025-08-15";"0"
"EVT-00594";"2025-08-16";"0"
"EVT-00595";"2025-08-17";"1"
"EVT-00596";"2025-08-18";"0"
"EVT-00597";"2025-08-19";"1"
"EVT-00598";"2025-08-20";"0"
"EVT-00599";"2025-08-21";"1"
"EVT-00600";"2025-08-22";"0"
"EVT-00601";"2025-08-23";"2"
"EVT-00602";"2025-08-24";"1"
"EVT-00603";"2025-08-25";"0"
"EVT-00604";"2025-08-26";"0"
"EVT-00605";"2025-08-27";"0"
"EVT-00606";"2025-08-28";"0"
"EVT-00607";"2025-08-29";"0"
"EVT-00608";"2025-08-30";"3"
"EVT-00609";"2025-08-31";"1"
"EVT-00610";"2025-09-01";"0"
"EVT-00611";"2025-09-02";"1"
"EVT-00612";"2025-09-03";"0"
"EVT-00613";"2025-09-04";"0"
"EVT-00614";"2025-09-05";"0"
"EVT-00615";"2025-09-06";"0"
"EVT-00616";"2025-09-07";"3"
"EVT-00617";"2025-09-08";"0"
"EVT-00618";"2025-09-09";"1"
"EVT-00619";"2025-09-10";"0"
"EVT-00620";"2025-09-11";"0"
"EVT-00621";"2025-09-12";"0"
"EVT-00622";"2025-09-13";"0"
"EVT-00623";"2025-09-14";"0"
"EVT-00624";"2025-09-15";"2"
"EVT-00625";"2025-09-16";"0"
"EVT-00626";"2025-09-17";"0"
"EVT-00627";"2025-09-18";"0"
"EVT-00628";"2025-09-19";"0"
"EVT-00629";"2025-09-20";"1"
"EVT-00630";"2025-09-21";"3"
"EVT-00631";"2025-09-22";"0"
"EVT-00632";"2025-09-23";"1"
"EVT-00633";"2025-09-24";"0"
"EVT-00634";"2025-09-25";"1"
"EVT-00635";"2025-09-26";"0"
"EVT-00636";"2025-09-27";"0"
"EVT-00637";"2025-09-28";"1"
"EVT-00638";"2025-09-29";"2"
"EVT-00639";"2025-09-30";"0"
"EVT-00640";"2025-10-01";"0"
"EVT-00641";"2025-10-02";"0"
"EVT-00642";"2025-10-03";"0"
"EVT-00643";"2025-10-04";"0"
"EVT-00644";"2025-10-05";"2"
"EVT-00645";"2025-10-06";"2"
"EVT-00646";"2025-10-07";"0"
"EVT-00647";"2025-10-08";"0"
"EVT-00648";"2025-10-09";"0"
"EVT-00649";"2025-10-10";"0"
"EVT-00650";"2025-10-11";"1"
"EVT-00651";"2025-10-12";"1"
"EVT-00652";"2025-10-13";"0"
"EVT-00653";"2025-10-14";"1"
"EVT-00654";"2025-10-15";"0"
"EVT-00655";"2025-10-16";"0"
"EVT-00656";"2025-10-17";"0"
"EVT-00657";"2025-10-18";"1"
"EVT-00658";"2025-10-19";"1"
"EVT-00659";"2025-10-20";"0"
"EVT-00660";"2025-10-21";"0"
"EVT-00661";"2025-10-22";"0"
"EVT-00662";"2025-10-23";"0"
"EVT-00663";"2025-10-24";"1"
"EVT-00664";"2025-10-25";"4"
"EVT-00665";"2025-10-26";"1"
"EVT-00666";"2025-10-27";"0"
"EVT-00667";"2025-10-28";"0"
"EVT-00668";"2025-10-29";"0"
"EVT-00669";"2025-10-30";"0"
"EVT-00670";"2025-10-31";"0"
"EVT-00671";"2025-11-01";"0"
"EVT-00672";"2025-11-02";"3"
"EVT-00673";"2025-11-03";"0"
"EVT-00674";"2025-11-04";"0"
"EVT-00675";"2025-11-05";"0"
"EVT-00676";"2025-11-06";"0"
"EVT-00677";"2025-11-07";"0"
"EVT-00678";"2025-11-08";"1"
"EVT-00679";"2025-11-09";"0"
"EVT-00680";"2025-11-10";"1"
"EVT-00681";"2025-11-11";"0"
"EVT-00682";"2025-11-12";"0"
"EVT-00683";"2025-11-13";"0"
"EVT-00684";"2025-11-14";"1"
"EVT-00685";"2025-11-15";"0"
"EVT-00686";"2025-11-16";"1"
"EVT-00687";"2025-11-17";"0"
"EVT-00688";"2025-11-18";"0"
"EVT-00689";"2025-11-19";"0"
"EVT-00690";"2025-11-20";"1"
"EVT-00691";"2025-11-21";"2"
"EVT-00692";"2025-11-22";"1"
"EVT-00693";"2025-11-23";"2"
"EVT-00694";"2025-11-24";"0"
"EVT-00695";"2025-11-25";"5"
"EVT-00696";"2025-11-26";"0"
"EVT-00697";"2025-11-27";"1"
"EVT-00698";"2025-11-28";"0"
"EVT-00699";"2025-11-29";"1"
"EVT-00700";"2025-11-30";"0"
"EVT-00701";"2025-12-01";"1"
"EVT-00702";"2025-12-02";"0"
"EVT-00703";"2025-12-03";"1"
"EVT-00704";"2025-12-04";"2"
"EVT-00705";"2025-12-05";"1"
"EVT-00706";"2025-12-06";"2"
"EVT-00707";"2025-12-07";"0"
"EVT-00708";"2025-12-08";"0"
"EVT-00709";"2025-12-09";"0"
"EVT-00710";"2025-12-10";"1"
"EVT-00711";"2025-12-11";"0"
"EVT-00712";"2025-12-12";"2"
"EVT-00713";"2025-12-13";"2"
"EVT-00714";"2025-12-14";"3"
"EVT-00715";"2025-12-15";"0"
"EVT-00716";"2025-12-16";"2"
"EVT-00717";"2025-12-17";"0"
"EVT-00718";"2025-12-18";"0"
"EVT-00719";"2025-12-19";"0"
"EVT-00720";"2025-12-20";"1"
"EVT-00721";"2025-12-21";"0"
"EVT-00722";"2025-12-22";"0"
"EVT-00723";"2025-12-23";"1"
"EVT-00724";"2025-12-24";"2"
"EVT-00725";"2025-12-25";"1"
"EVT-00726";"2025-12-26";"0"
"EVT-00727";"2025-12-27";"3"
"EVT-00728";"2025-12-28";"0"
"EVT-00729";"2025-12-29";"0"
"EVT-00730";"2025-12-30";"0"
"EVT-00731";"2025-12-31";"0"
"EVT-00732";"2026-01-01";"3"
"EVT-00733";"2026-01-02";"1"
"EVT-00734";"2026-01-03";"0"
"EVT-00735";"2026-01-04";"1"
"EVT-00736";"2026-01-05";"0"
"EVT-00737";"2026-01-06";"0"
"EVT-00738";"2026-01-07";"0"
"EVT-00739";"2026-01-08";"0"
"EVT-00740";"2026-01-09";"2"
"EVT-00741";"2026-01-10";"1"
"EVT-00742";"2026-01-11";"1"
"EVT-00743";"2026-01-12";"0"
"EVT-00744";"2026-01-13";"0"
"EVT-00745";"2026-01-14";"0"
"EVT-00746";"2026-01-15";"0"
"EVT-00747";"2026-01-16";"1"
"EVT-00748";"2026-01-17";"2"
"EVT-00749";"2026-01-18";"0"
"EVT-00750";"2026-01-19";"0"
"EVT-00751";"2026-01-20";"0"
"EVT-00752";"2026-01-21";"1"
"EVT-00753";"2026-01-22";"2"
"EVT-00754";"2026-01-23";"1"
"EVT-00755";"2026-01-24";"0"
"EVT-00756";"2026-01-25";"0"
"EVT-00757";"2026-01-26";"1"
"EVT-00758";"2026-01-27";"1"
"EVT-00759";"2026-01-28";"0"
"EVT-00760";"2026-01-29";"2"
"EVT-00761";"2026-01-30";"1"
"EVT-00762";"2026-01-31";"0"
"EVT-00763";"2026-02-01";"0"
"EVT-00764";"2026-02-02";"0"
"EVT-00765";"2026-02-03";"0"
"EVT-00766";"2026-02-04";"0"
"EVT-00767";"2026-02-05";"3"
"EVT-00768";"2026-02-06";"1"
"EVT-00769";"2026-02-07";"1"
"EVT-00770";"2026-02-08";"3"
"EVT-00771";"2026-02-09";"0"
"EVT-00772";"2026-02-10";"0"
"EVT-00773";"2026-02-11";"1"
"EVT-00774";"2026-02-12";"0"
"EVT-00775";"2026-02-13";"2"
"EVT-00776";"2026-02-14";"2"
"EVT-00777";"2026-02-15";"2"
"EVT-00778";"2026-02-16";"1"
"EVT-00779";"2026-02-17";"0"
"EVT-00780";"2026-02-18";"0"
"EVT-00781";"2026-02-19";"0"
"EVT-00782";"2026-02-20";"0"
"EVT-00783";"2026-02-21";"1"
"EVT-00784";"2026-02-22";"3"
"EVT-00785";"2026-02-23";"1"
"EVT-00786";"2026-02-24";"0"
"EVT-00787";"2026-02-25";"0"
"EVT-00788";"2026-02-26";"0"
"EVT-00789";"2026-02-27";"2"
"EVT-00790";"2026-02-28";"2"
"EVT-00791";"2026-03-01";"1"
"EVT-00792";"2026-03-02";"0"
"EVT-00793";"2026-03-03";"1"
"EVT-00794";"2026-03-04";"0"
"EVT-00795";"2026-03-05";"0"
"EVT-00796";"2026-03-06";"0"
"EVT-00797";"2026-03-07";"1"
"EVT-00798";"2026-03-08";"0"
"EVT-00799";"2026-03-09";"0"
"EVT-00800";"2026-03-10";"0"
"EVT-00801";"2026-03-11";"1"
"EVT-00802";"2026-03-12";"2"
"EVT-00803";"2026-03-13";"1"
"EVT-00804";"2026-03-14";"1"
"EVT-00805";"2026-03-15";"0"
"EVT-00806";"2026-03-16";"0"
"EVT-00807";"2026-03-17";"0"
"EVT-00808";"2026-03-18";"0"
"EVT-00809";"2026-03-19";"1"
"EVT-00810";"2026-03-20";"1"
"EVT-00811";"2026-03-21";"0"
"EVT-00812";"2026-03-22";"1"
"EVT-00813";"2026-03-23";"0"
"EVT-00814";"2026-03-24";"2"
"EVT-00815";"2026-03-25";"0"
"EVT-00816";"2026-03-26";"1"
"EVT-00817";"2026-03-27";"1"
"EVT-00818";"2026-03-28";"1"
"EVT-00819";"2026-03-29";"1"
"EVT-00820";"2026-03-30";"1"
"EVT-00821";"2026-03-31";"0"
"EVT-00822";"2026-04-01";"0"
"EVT-00823";"2026-04-02";"0"
"EVT-00824";"2026-04-03";"0"
"EVT-00825";"2026-04-04";"1"
"EVT-00826";"2026-04-05";"0"
"EVT-00827";"2026-04-06";"0"
"EVT-00828";"2026-04-07";"0"
"EVT-00829";"2026-04-08";"0"
"EVT-00830";"2026-04-09";"0"
"EVT-00831";"2026-04-10";"1"
"EVT-00832";"2026-04-11";"2"
"EVT-00833";"2026-04-12";"1"
"EVT-00834";"2026-04-13";"0"
"EVT-00835";"2026-04-14";"0"
"EVT-00836";"2026-04-15";"0"
"EVT-00837";"2026-04-16";"0"
"EVT-00838";"2026-04-17";"1"
"EVT-00839";"2026-04-18";"2"
"EVT-00840";"2026-04-19";"3"
"EVT-00841";"2026-04-20";"2"
"EVT-00842";"2026-04-21";"0"
"EVT-00843";"2026-04-22";"0"
"EVT-00844";"2026-04-23";"0"
"EVT-00845";"2026-04-24";"1"
"EVT-00846";"2026-04-25";"2"
"EVT-00847";"2026-04-26";"1"
"EVT-00848";"2026-04-27";"1"
"EVT-00849";"2026-04-28";"2"
"EVT-00850";"2026-04-29";"1"
"EVT-00851";"2026-04-30";"0"
"EVT-00852";"2026-05-01";"0"
"EVT-00853";"2026-05-02";"2"
"EVT-00854";"2026-05-03";"0"
"EVT-00855";"2026-05-04";"0"
"EVT-00856";"2026-05-05";"0"
"EVT-00857";"2026-05-06";"0"
"EVT-00858";"2026-05-07";"0"
"EVT-00859";"2026-05-08";"0"
"EVT-00860";"2026-05-09";"2"
"EVT-00861";"2026-05-10";"1"
"EVT-00862";"2026-05-11";"0"
"EVT-00863";"2026-05-12";"0"
"EVT-00864";"2026-05-13";"0"
"EVT-00865";"2026-05-14";"0"
"EVT-00866";"2026-05-15";"0"
"EVT-00867";"2026-05-16";"0"
"EVT-00868";"2026-05-17";"1"
"EVT-00869";"2026-05-18";"0"
"EVT-00870";"2026-05-19";"0"
"EVT-00871";"2026-05-20";"0"
"EVT-00872";"2026-05-21";"0"
"EVT-00873";"2026-05-22";"0"
"EVT-00874";"2026-05-23";"1"
"EVT-00875";"2026-05-24";"2"
"EVT-00876";"2026-05-25";"0"
"EVT-00877";"2026-05-26";"0"
"EVT-00878";"2026-05-27";"0"
"EVT-00879";"2026-05-28";"0"
"EVT-00880";"2026-05-29";"0"
"EVT-00881";"2026-05-30";"1"
"EVT-00882";"2026-05-31";"2"
"EVT-00883";"2026-06-01";"1"
"EVT-00884";"2026-06-02";"2"
"EVT-00885";"2026-06-03";"0"
"EVT-00886";"2026-06-04";"0"
"EVT-00887";"2026-06-05";"2"
"EVT-00888";"2026-06-06";"0"
"EVT-00889";"2026-06-07";"1"
"EVT-00890";"2026-06-08";"0"
"EVT-00891";"2026-06-09";"0"
"EVT-00892";"2026-06-10";"0"
"EVT-00893";"2026-06-11";"0"
"EVT-00894";"2026-06-12";"0"
"EVT-00895";"2026-06-13";"1"
"EVT-00896";"2026-06-14";"0"
"EVT-00897";"2026-06-15";"0"
"EVT-00898";"2026-06-16";"1"
"EVT-00899";"2026-06-17";"0"
"EVT-00900";"2026-06-18";"0"
"EVT-00901";"2026-06-19";"0"
"EVT-00902";"2026-06-20";"2"
"EVT-00903";"2026-06-21";"0"
"EVT-00904";"2026-06-22";"2"
"EVT-00905";"2026-06-23";"0"
"EVT-00906";"2026-06-24";"0"
"EVT-00907";"2026-06-25";"0"
"EVT-00908";"2026-06-26";"1"
"EVT-00909";"2026-06-27";"1"
"EVT-00910";"2026-06-28";"0"
"EVT-00911";"2026-06-29";"0"
"EVT-00912";"2026-06-30";"0"
"EVT-00913";"2026-07-01";"0"
"EVT-00914";"2026-07-02";"0"
"EVT-00915";"2026-07-03";"0"
"EVT-00916";"2026-07-04";"0"
"EVT-00917";"2026-07-05";"1"
"EVT-00918";"2026-07-06";"1"
"EVT-00919";"2026-07-07";"1"
"EVT-00920";"2026-07-08";"0"
"EVT-00921";"2026-07-09";"0"
"EVT-00922";"2026-07-10";"0"
"EVT-00923";"2026-07-11";"1"
"EVT-00924";"2026-07-12";"0"
"EVT-00925";"2026-07-13";"0"
"EVT-00926";"2026-07-14";"0"
"EVT-00927";"2026-07-15";"0"
"EVT-00928";"2026-07-16";"0"
"EVT-00929";"2026-07-17";"0"
"EVT-00930";"2026-07-18";"0"
"EVT-00931";"2026-07-19";"1"
"EVT-00932";"2026-07-20";"0"
"EVT-00933";"2026-07-21";"0"
"EVT-00934";"2026-07-22";"0"
"EVT-00935";"2026-07-23";"0"
"EVT-00936";"2026-07-24";"0"
"EVT-00937";"2026-07-25";"1"
"EVT-00938";"2026-07-26";"0"
"EVT-00939";"2026-07-27";"2"
"EVT-00940";"2026-07-28";"0"
"EVT-00941";"2026-07-29";"0"
"EVT-00942";"2026-07-30";"0"
"EVT-00943";"2026-07-31";"1"
"EVT-00944";"2026-08-01";"2"
"EVT-00945";"2026-08-02";"0"
"EVT-00946";"2026-08-03";"0"
"EVT-00947";"2026-08-04";"0"
"EVT-00948";"2026-08-05";"0"
"EVT-00949";"2026-08-06";"1"
"EVT-00950";"2026-08-07";"1"
"EVT-00951";"2026-08-08";"1"
"EVT-00952";"2026-08-09";"1"
"EVT-00953";"2026-08-10";"0"
"EVT-00954";"2026-08-11";"0"
"EVT-00955";"2026-08-12";"1"
"EVT-00956";"2026-08-13";"1"
"EVT-00957";"2026-08-14";"0"
"EVT-00958";"2026-08-15";"1"
"EVT-00959";"2026-08-16";"0"
"EVT-00960";"2026-08-17";"0"
"EVT-00961";"2026-08-18";"0"
"EVT-00962";"2026-08-19";"0"
"EVT-00963";"2026-08-20";"0"
"EVT-00964";"2026-08-21";"0"
"EVT-00965";"2026-08-22";"1"
"EVT-00966";"2026-08-23";"0"
"EVT-00967";"2026-08-24";"0"
"EVT-00968";"2026-08-25";"0"
"EVT-00969";"2026-08-26";"0"
"EVT-00970";"2026-08-27";"0"
"EVT-00971";"2026-08-28";"0"
"EVT-00972";"2026-08-29";"0"
"EVT-00973";"2026-08-30";"3"
"EVT-00974";"2026-08-31";"0"
"EVT-00975";"2026-09-01";"0"
"EVT-00976";"2026-09-02";"0"
"EVT-00977";"2026-09-03";"0"
"EVT-00978";"2026-09-04";"0"
"EVT-00979";"2026-09-05";"1"
"EVT-00980";"2026-09-06";"0"
"EVT-00981";"2026-09-07";"1"
"EVT-00982";"2026-09-08";"1"
"EVT-00983";"2026-09-09";"0"
"EVT-00984";"2026-09-10";"0"
"EVT-00985";"2026-09-11";"0"
"EVT-00986";"2026-09-12";"0"
"EVT-00987";"2026-09-13";"1"
