"_id";"date";"avg_temp";"rain"
"WEA-00001";"2024-01-01";"26.4";"true"
"WEA-00002";"2024-01-02";"25.1";"false"
"WEA-00003";"2024-01-03";"25.5";"false"
"WEA-00004";"2024-01-04";"19.6";"false"
"WEA-00005";"2024-01-05";"24.5";"false"
"WEA-00006";"2024-01-06";"23.0";"false"
"WEA-00007";"2024-01-07";"25.9";"false"
"WEA-00008";"2024-01-08";"26.4";"false"
"WEA-00009";"2024-01-09";"23.8";"false"
"WEA-00010";"2024-01-10";"24.2";"false"
"WEA-00011";"2024-01-11";"22.1";"false"
"WEA-00012";"2024-01-12";"21.3";"false"
"WEA-00013";"2024-01-13";"23.4";"false"
"WEA-00014";"2024-01-14";"27.0";"false"
"WEA-00015";"2024-01-15";"24.2";"false"
"WEA-00016";"2024-01-16";"22.8";"false"
"WEA-00017";"2024-01-17";"26.7";"false"
"WEA-00018";"2024-01-18";"20.3";"false"
"WEA-00019";"2024-01-19";"17.2";"false"
"WEA-00020";"2024-01-20";"21.3";"false"
"WEA-00021";"2024-01-21";"21.4";"false"
"WEA-00022";"2024-01-22";"16.2";"false"
"WEA-00023";"2024-01-23";"19.2";"false"
"WEA-00024";"2024-01-24";"27.1";"false"
"WEA-00025";"2024-01-25";"22.1";"true"
"WEA-00026";"2024-01-26";"22.0";"false"
"WEA-00027";"2024-01-27";"23.0";"true"
"WEA-00028";"2024-01-28";"18.4";"false"
"WEA-00029";"2024-01-29";"23.9";"false"
"WEA-00030";"2024-01-30";"22.8";"false"
"WEA-00031";"2024-01-31";"21.9";"true"
"WEA-00032";"2024-02-01";"26.9";"false"
"WEA-00033";"2024-02-02";"23.6";"false"
"WEA-00034";"2024-02-03";"22.1";"false"
"WEA-00035";"2024-02-04";"15.9";"false"
"WEA-00036";"2024-02-05";"25.6";"false"
"WEA-00037";"2024-02-06";"18.6";"false"
"WEA-00038";"2024-02-07";"19.3";"true"
"WEA-00039";"2024-02-08";"23.2";"false"
"WEA-00040";"2024-02-09";"19.5";"false"
"WEA-00041";"2024-02-10";"23.6";"false"
"WEA-00042";"2024-02-11";"21.9";"true"
"WEA-00043";"2024-02-12";"22.0";"false"
"WEA-00044";"2024-02-13";"22.6";"false"
"WEA-00045";"2024-02-14";"24.7";"false"
"WEA-00046";"2024-02-15";"21.6";"false"
"WEA-00047";"2024-02-16";"29.6";"false"
"WEA-00048";"2024-02-17";"20.4";"true"
"WEA-00049";"2024-02-18";"23.6";"false"
"WEA-00050";"2024-02-19";"24.3";"true"
"WEA-00051";"2024-02-20";"26.1";"false"
"WEA-00052";"2024-02-21";"19.8";"false"
"WEA-00053";"2024-02-22";"25.8";"false"
"WEA-00054";"2024-02-23";"17.5";"false"
"WEA-00055";"2024-02-24";"19.8";"false"
"WEA-00056";"2024-02-25";"19.9";"false"
"WEA-00057";"2024-02-26";"20.1";"false"
"WEA-00058";"2024-02-27";"19.3";"true"
"WEA-00059";"2024-02-28";"20.3";"false"
"WEA-00060";"2024-02-29";"16.8";"false"
"WEA-00061";"2024-03-01";"19.1";"false"
"WEA-00062";"2024-03-02";"19.5";"false"
"WEA-00063";"2024-03-03";"17.3";"false"
"WEA-00064";"2024-03-04";"19.1";"false"
"WEA-00065";"2024-03-05";"23.9";"false"
"WEA-00066";"2024-03-06";"20.3";"true"
"WEA-00067";"2024-03-07";"14.4";"true"
"WEA-00068";"2024-03-08";"23.0";"false"
"WEA-00069";"2024-03-09";"21.7";"false"
"WEA-00070";"2024-03-10";"17.3";"false"
"WEA-00071";"2024-03-11";"20.1";"false"
"WEA-00072";"2024-03-12";"25.0";"false"
"WEA-00073";"2024-03-13";"15.2";"false"
"WEA-00074";"2024-03-14";"22.7";"false"
"WEA-00075";"2024-03-15";"18.4";"true"
"WEA-00076";"2024-03-16";"15.0";"false"
"WEA-00077";"2024-03-17";"16.2";"true"
"WEA-00078";"2024-03-18";"14.2";"false"
"WEA-00079";"2024-03-19";"14.6";"false"
"WEA-00080";"2024-03-20";"16.0";"true"
"WEA-00081";"2024-03-21";"22.6";"false"
"WEA-00082";"2024-03-22";"19.0";"false"
"WEA-00083";"2024-03-23";"15.6";"true"
"WEA-00084";"2024-03-24";"23.5";"false"
"WEA-00085";"2024-03-25";"15.3";"true"
"WEA-00086";"2024-03-26";"19.0";"false"
"WEA-00087";"2024-03-27";"16.3";"true"
"WEA-00088";"2024-03-28";"23.8";"false"
"WEA-00089";"2024-03-29";"16.7";"false"
"WEA-00090";"2024-03-30";"20.5";"false"
"WEA-00091";"2024-03-31";"20.7";"false"
"WEA-00092";"2024-04-01";"13.9";"true"
"WEA-00093";"2024-04-02";"15.2";"false"
"WEA-00094";"2024-04-03";"16.5";"false"
"WEA-00095";"2024-04-04";"15.0";"true"
"WEA-00096";"2024-04-05";"17.1";"false"
"WEA-00097";"2024-04-06";"17.0";"false"
"WEA-00098";"2024-04-07";"17.3";"false"
"WEA-00099";"2024-04-08";"15.0";"false"
"WEA-00100";"2024-04-09";"20.0";"false"
"WEA-00101";"2024-04-10";"17.1";"false"
"WEA-00102";"2024-04-11";"13.2";"true"
"WEA-00103";"2024-04-12";"15.4";"true"
"WEA-00104";"2024-04-13";"16.7";"true"
"WEA-00105";"2024-04-14";"13.2";"false"
"WEA-00106";"2024-04-15";"15.6";"false"
"WEA-00107";"2024-04-16";"17.6";"false"
"WEA-00108";"2024-04-17";"17.3";"false"
"WEA-00109";"2024-04-18";"11.6";"true"
"WEA-00110";"2024-04-19";"14.2";"false"
"WEA-00111";"2024-04-20";"13.1";"true"
"WEA-00112";"2024-04-21";"15.5";"false"
"WEA-00113";"2024-04-22";"17.2";"false"
"WEA-00114";"2024-04-23";"16.1";"true"
"WEA-00115";"2024-04-24";"14.8";"false"
"WEA-00116";"2024-04-25";"13.8";"false"
"WEA-00117";"2024-04-26";"14.3";"false"
"WEA-00118";"2024-04-27";"12.2";"false"
"WEA-00119";"2024-04-28";"13.0";"true"
"WEA-00120";"2024-04-29";"14.5";"true"
"WEA-00121";"2024-04-30";"13.5";"false"
"WEA-00122";"2024-05-01";"15.3";"false"
"WEA-00123";"2024-05-02";"12.8";"false"
"WEA-00124";"2024-05-03";"14.1";"false"
"WEA-00125";"2024-05-04";"9.0";"true"
"WEA-00126";"2024-05-05";"8.4";"true"
"WEA-00127";"2024-05-06";"9.9";"false"
"WEA-00128";"2024-05-07";"13.0";"true"
"WEA-00129";"2024-05-08";"14.5";"false"
"WEA-00130";"2024-05-09";"16.6";"true"
"WEA-00131";"2024-05-10";"16.5";"false"
"WEA-00132";"2024-05-11";"10.3";"false"
"WEA-00133";"2024-05-12";"13.2";"false"
"WEA-00134";"2024-05-13";"9.5";"false"
"WEA-00135";"2024-05-14";"14.4";"false"
"WEA-00136";"2024-05-15";"14.0";"false"
"WEA-00137";"2024-05-16";"6.9";"true"
"WEA-00138";"2024-05-17";"14.9";"true"
"WEA-00139";"2024-05-18";"8.7";"false"
"WEA-00140";"2024-05-19";"9.8";"false"
"WEA-00141";"2024-05-20";"12.1";"false"
"WEA-00142";"2024-05-21";"13.6";"true"
"WEA-00143";"2024-05-22";"9.2";"false"
"WEA-00144";"2024-05-23";"8.0";"true"
"WEA-00145";"2024-05-24";"16.8";"true"
"WEA-00146";"2024-05-25";"12.3";"false"
"WEA-00147";"2024-05-26";"14.7";"false"
"WEA-00148";"2024-05-27";"11.6";"true"
"WEA-00149";"2024-05-28";"10.0";"false"
"WEA-00150";"2024-05-29";"9.1";"true"
"WEA-00151";"2024-05-30";"8.9";"true"
"WEA-00152";"2024-05-31";"14.2";"true"
"WEA-00153";"2024-06-01";"7.7";"false"
"WEA-00154";"2024-06-02";"7.5";"true"
"WEA-00155";"2024-06-03";"9.7";"true"
"WEA-00156";"2024-06-04";"8.7";"false"
"WEA-00157";"2024-06-05";"10.9";"false"
"WEA-00158";"2024-06-06";"12.2";"true"
"WEA-00159";"2024-06-07";"5.2";"true"
"WEA-00160";"2024-06-08";"9.1";"false"
"WEA-00161";"2024-06-09";"9.5";"false"
"WEA-00162";"2024-06-10";"7.4";"false"
"WEA-00163";"2024-06-11";"7.5";"true"
"WEA-00164";"2024-06-12";"11.4";"false"
"WEA-00165";"2024-06-13";"11.2";"false"
"WEA-00166";"2024-06-14";"12.3";"false"
"WEA-00167";"2024-06-15";"6.8";"false"
"WEA-00168";"2024-06-16";"9.0";"false"
"WEA-00169";"2024-06-17";"12.1";"false"
"WEA-00170";"2024-06-18";"12.8";"true"
"WEA-00171";"2024-06-19";"12.1";"false"
"WEA-00172";"2024-06-20";"5.7";"true"
"WEA-00173";"2024-06-21";"10.5";"false"
"WEA-00174";"2024-06-22";"4.8";"true"
"WEA-00175";"2024-06-23";"12.8";"false"
"WEA-00176";"2024-06-24";"9.7";"false"
"WEA-00177";"2024-06-25";"9.7";"true"
"WEA-00178";"2024-06-26";"6.9";"true"
"WEA-00179";"2024-06-27";"11.0";"false"
"WEA-00180";"2024-06-28";"11.9";"true"
"WEA-00181";"2024-06-29";"9.0";"true"
"WEA-00182";"2024-06-30";"6.6";"false"
"WEA-00183";"2024-07-01";"12.0";"true"
"WEA-00184";"2024-07-02";"8.4";"true"
"WEA-00185";"2024-07-03";"10.5";"false"
"WEA-00186";"2024-07-04";"7.9";"true"
"WEA-00187";"2024-07-05";"8.0";"false"
"WEA-00188";"2024-07-06";"9.7";"true"
"WEA-00189";"2024-07-07";"11.6";"false"
"WEA-00190";"2024-07-08";"4.3";"true"
"WEA-00191";"2024-07-09";"8.6";"false"
"WEA-00192";"2024-07-10";"8.9";"false"
"WEA-00193";"2024-07-11";"11.0";"false"
"WEA-00194";"2024-07-12";"12.5";"true"
"WEA-00195";"2024-07-13";"8.6";"true"
"WEA-00196";"2024-07-14";"10.2";"false"
"WEA-00197";"2024-07-15";"5.1";"true"
"WEA-00198";"2024-07-16";"6.8";"false"
"WEA-00199";"2024-07-17";"4.0";"true"
"WEA-00200";"2024-07-18";"13.5";"false"
"WEA-00201";"2024-07-19";"6.0";"true"
"WEA-00202";"2024-07-20";"7.7";"true"
"WEA-00203";"2024-07-21";"9.2";"false"
"WEA-00204";"2024-07-22";"11.7";"false"
"WEA-00205";"2024-07-23";"14.4";"false"
"WEA-00206";"2024-07-24";"4.0";"false"
"WEA-00207";"2024-07-25";"7.1";"true"
"WEA-00208";"2024-07-26";"11.2";"true"
"WEA-00209";"2024-07-27";"7.5";"false"
"WEA-00210";"2024-07-28";"8.6";"false"
"WEA-00211";"2024-07-29";"11.2";"false"
"WEA-00212";"2024-07-30";"9.0";"true"
"WEA-00213";"2024-07-31";"7.1";"false"
"WEA-00214";"2024-08-01";"8.3";"true"
"WEA-00215";"2024-08-02";"11.0";"false"
"WEA-00216";"2024-08-03";"4.9";"false"
"WEA-00217";"2024-08-04";"8.7";"false"
"WEA-00218";"2024-08-05";"4.4";"false"
"WEA-00219";"2024-08-06";"7.9";"true"
"WEA-00220";"2024-08-07";"10.2";"false"
"WEA-00221";"2024-08-08";"13.9";"false"
"WEA-00222";"2024-08-09";"12.3";"true"
"WEA-00223";"2024-08-10";"7.1";"false"
"WEA-00224";"2024-08-11";"9.7";"true"
"WEA-00225";"2024-08-12";"10.3";"true"
"WEA-00226";"2024-08-13";"9.4";"false"
"WEA-00227";"2024-08-14";"9.9";"true"
"WEA-00228";"2024-08-15";"7.7";"false"
"WEA-00229";"2024-08-16";"5.0";"false"
"WEA-00230";"2024-08-17";"8.2";"true"
"WEA-00231";"2024-08-18";"5.3";"false"
"WEA-00232";"2024-08-19";"8.8";"true"
"WEA-00233";"2024-08-20";"11.1";"true"
"WEA-00234";"2024-08-21";"13.5";"true"
"WEA-00235";"2024-08-22";"12.7";"false"
"WEA-00236";"2024-08-23";"14.4";"true"
"WEA-00237";"2024-08-24";"10.4";"false"
"WEA-00238";"2024-08-25";"6.5";"false"
"WEA-00239";"2024-08-26";"8.2";"false"
"WEA-00240";"2024-08-27";"7.8";"true"
"WEA-00241";"2024-08-28";"11.8";"true"
"WEA-00242";"2024-08-29";"8.0";"false"
"WEA-00243";"2024-08-30";"10.1";"false"
"WEA-00244";"2024-08-31";"8.4";"true"
"WEA-00245";"2024-09-01";"6.9";"false"
"WEA-00246";"2024-09-02";"6.0";"true"
"WEA-00247";"2024-09-03";"7.1";"false"
"WEA-00248";"2024-09-04";"12.6";"true"
"WEA-00249";"2024-09-05";"10.7";"false"
"WEA-00250";"2024-09-06";"14.0";"false"
"WEA-00251";"2024-09-07";"10.1";"true"
"WEA-00252";"2024-09-08";"8.0";"true"
"WEA-00253";"2024-09-09";"7.9";"false"
"WEA-00254";"2024-09-10";"9.6";"false"
"WEA-00255";"2024-09-11";"10.4";"false"
"WEA-00256";"2024-09-12";"12.4";"false"
"WEA-00257";"2024-09-13";"12.6";"false"
"WEA-00258";"2024-09-14";"11.8";"false"
"WEA-00259";"2024-09-15";"15.5";"false"
"WEA-00260";"2024-09-16";"7.8";"false"
"WEA-00261";"2024-09-17";"15.7";"false"
"WEA-00262";"2024-09-18";"13.4";"false"
"WEA-00263";"2024-09-19";"15.5";"true"
"WEA-00264";"2024-09-20";"14.9";"false"
"WEA-00265";"2024-09-21";"12.2";"false"
"WEA-00266";"2024-09-22";"10.5";"false"
"WEA-00267";"2024-09-23";"13.1";"false"
"WEA-00268";"2024-09-24";"13.7";"true"
"WEA-00269";"2024-09-25";"21.1";"false"
"WEA-00270";"2024-09-26";"15.4";"true"
"WEA-00271";"2024-09-27";"14.3";"false"
"WEA-00272";"2024-09-28";"16.5";"false"
"WEA-00273";"2024-09-29";"13.9";"false"
"WEA-00274";"2024-09-30";"17.4";"false"
"WEA-00275";"2024-10-01";"11.8";"false"
"WEA-00276";"2024-10-02";"11.8";"false"
"WEA-00277";"2024-10-03";"12.5";"false"
"WEA-00278";"2024-10-04";"12.6";"true"
"WEA-00279";"2024-10-05";"13.2";"false"
"WEA-00280";"2024-10-06";"11.6";"false"
"WEA-00281";"2024-10-07";"9.8";"false"
"WEA-00282";"2024-10-08";"14.6";"false"
"WEA-00283";"2024-10-09";"16.2";"false"
"WEA-00284";"2024-10-10";"12.1";"false"
"WEA-00285";"2024-10-11";"12.4";"true"
"WEA-00286";"2024-10-12";"13.2";"false"
"WEA-00287";"2024-10-13";"18.0";"false"
"WEA-00288";"2024-10-14";"18.3";"true"
"WEA-00289";"2024-10-15";"15.0";"true"
"WEA-00290";"2024-10-16";"16.2";"false"
"WEA-00291";"2024-10-17";"15.0";"false"
"WEA-00292";"2024-10-18";"12.8";"false"
"WEA-00293";"2024-10-19";"19.5";"true"
"WEA-00294";"2024-10-20";"14.8";"true"
"WEA-00295";"2024-10-21";"17.0";"false"
"WEA-00296";"2024-10-22";"18.4";"false"
"WEA-00297";"2024-10-23";"14.0";"true"
"WEA-00298";"2024-10-24";"13.6";"false"
"WEA-00299";"2024-10-25";"18.2";"false"
"WEA-00300";"2024-10-26";"16.7";"false"
"WEA-00301";"2024-10-27";"15.7";"false"
"WEA-00302";"2024-10-28";"17.9";"false"
"WEA-00303";"2024-10-29";"20.2";"true"
"WEA-00304";"2024-10-30";"16.7";"false"
"WEA-00305";"2024-10-31";"19.4";"false"
"WEA-00306";"2024-11-01";"20.1";"false"
"WEA-00307";"2024-11-02";"17.5";"true"
"WEA-00308";"2024-11-03";"16.5";"false"
"WEA-00309";"2024-11-04";"19.8";"false"
"WEA-00310";"2024-11-05";"18.8";"false"
"WEA-00311";"2024-11-06";"18.6";"true"
"WEA-00312";"2024-11-07";"18.2";"false"
"WEA-00313";"2024-11-08";"21.9";"true"
"WEA-00314";"2024-11-09";"25.1";"false"
"WEA-00315";"2024-11-10";"21.1";"false"
"WEA-00316";"2024-11-11";"17.9";"false"
"WEA-00317";"2024-11-12";"19.8";"true"
"WEA-00318";"2024-11-13";"17.6";"false"
"WEA-00319";"2024-11-14";"21.9";"false"
"WEA-00320";"2024-11-15";"21.9";"false"
"WEA-00321";"2024-11-16";"16.0";"false"
"WEA-00322";"2024-11-17";"21.2";"false"
"WEA-00323";"2024-11-18";"23.9";"false"
"WEA-00324";"2024-11-19";"18.2";"false"
"WEA-00325";"2024-11-20";"25.8";"false"
"WEA-00326";"2024-11-21";"15.3";"false"
"WEA-00327";"2024-11-22";"18.4";"false"
"WEA-00328";"2024-11-23";"18.8";"false"
"WEA-00329";"2024-11-24";"20.3";"false"
"WEA-00330";"2024-11-25";"20.2";"false"
"WEA-00331";"2024-11-26";"20.5";"true"
"WEA-00332";"2024-11-27";"19.4";"false"
"WEA-00333";"2024-11-28";"17.9";"false"
"WEA-00334";"2024-11-29";"20.0";"true"
"WEA-00335";"2024-11-30";"18.2";"false"
"WEA-00336";"2024-12-01";"22.2";"false"
"WEA-00337";"2024-12-02";"21.7";"true"
"WEA-00338";"2024-12-03";"19.9";"false"
"WEA-00339";"2024-12-04";"23.4";"false"
"WEA-00340";"2024-12-05";"22.9";"false"
"WEA-00341";"2024-12-06";"22.3";"true"
"WEA-00342";"2024-12-07";"15.9";"true"
"WEA-00343";"2024-12-08";"23.4";"false"
"WEA-00344";"2024-12-09";"23.4";"true"
"WEA-00345";"2024-12-10";"17.7";"false"
"WEA-00346";"2024-12-11";"29.8";"false"
"WEA-00347";"2024-12-12";"23.7";"true"
"WEA-00348";"2024-12-13";"19.4";"false"
"WEA-00349";"2024-12-14";"22.2";"false"
"WEA-00350";"2024-12-15";"20.4";"false"
"WEA-00351";"2024-12-16";"22.4";"false"
"WEA-00352";"2024-12-17";"25.2";"false"
"WEA-00353";"2024-12-18";"23.3";"false"
"WEA-00354";"2024-12-19";"23.8";"false"
"WEA-00355";"2024-12-20";"22.9";"false"
"WEA-00356";"2024-12-21";"24.1";"false"
"WEA-00357";"2024-12-22";"25.3";"false"
"WEA-00358";"2024-12-23";"19.3";"false"
"WEA-00359";"2024-12-24";"20.9";"false"
"WEA-00360";"2024-12-25";"21.6";"false"
"WEA-00361";"2024-12-26";"22.3";"false"
"WEA-00362";"2024-12-27";"21.8";"false"
"WEA-00363";"2024-12-28";"24.8";"false"
"WEA-00364";"2024-12-29";"21.0";"false"
"WEA-00365";"2024-12-30";"22.3";"false"
"WEA-00366";"2024-12-31";"19.0";"false"
"WEA-00367";"2025-01-01";"23.1";"false"
"WEA-00368";"2025-01-02";"27.8";"true"
"WEA-00369";"2025-01-03";"17.3";"false"
"WEA-00370";"2025-01-04";"21.9";"true"
"WEA-00371";"2025-01-05";"20.2";"true"
"WEA-00372";"2025-01-06";"23.8";"false"
"WEA-00373";"2025-01-07";"28.6";"false"
"WEA-00374";"2025-01-08";"21.1";"false"
"WEA-00375";"2025-01-09";"24.9";"true"
"WEA-00376";"2025-01-10";"20.0";"true"
"WEA-00377";"2025-01-11";"21.2";"false"
"WEA-00378";"2025-01-12";"24.5";"false"
"WEA-00379";"2025-01-13";"20.1";"false"
"WEA-00380";"2025-01-14";"23.4";"false"
"WEA-00381";"2025-01-15";"22.7";"true"
"WEA-00382";"2025-01-16";"20.2";"false"
"WEA-00383";"2025-01-17";"16.3";"false"
"WEA-00384";"2025-01-18";"26.6";"false"
"WEA-00385";"2025-01-19";"24.6";"false"
"WEA-00386";"2025-01-20";"22.2";"true"
"WEA-00387";"2025-01-21";"22.4";"false"
"WEA-00388";"2025-01-22";"22.3";"false"
"WEA-00389";"2025-01-23";"19.5";"false"
"WEA-00390";"2025-01-24";"22.7";"false"
"WEA-00391";"2025-01-25";"21.1";"false"
"WEA-00392";"2025-01-26";"22.6";"false"
"WEA-00393";"2025-01-27";"18.7";"false"
"WEA-00394";"2025-01-28";"23.8";"false"
"WEA-00395";"2025-01-29";"21.1";"true"
"WEA-00396";"2025-01-30";"25.5";"false"
"WEA-00397";"2025-01-31";"23.8";"true"
"WEA-00398";"2025-02-01";"22.1";"false"
"WEA-00399";"2025-02-02";"14.2";"true"
"WEA-00400";"2025-02-03";"16.5";"true"
"WEA-00401";"2025-02-04";"22.5";"false"
"WEA-00402";"2025-02-05";"20.2";"false"
"WEA-00403";"2025-02-06";"22.8";"true"
"WEA-00404";"2025-02-07";"28.0";"false"
"WEA-00405";"2025-02-08";"22.4";"true"
"WEA-00406";"2025-02-09";"20.9";"false"
"WEA-00407";"2025-02-10";"22.2";"true"
"WEA-00408";"2025-02-11";"19.8";"false"
"WEA-00409";"2025-02-12";"22.2";"false"
"WEA-00410";"2025-02-13";"22.0";"false"
"WEA-00411";"2025-02-14";"25.0";"false"
"WEA-00412";"2025-02-15";"23.6";"false"
"WEA-00413";"2025-02-16";"21.7";"false"
"WEA-00414";"2025-02-17";"25.9";"true"
"WEA-00415";"2025-02-18";"20.3";"true"
"WEA-00416";"2025-02-19";"19.1";"false"
"WEA-00417";"2025-02-20";"21.3";"false"
"WEA-00418";"2025-02-21";"22.5";"true"
"WEA-00419";"2025-02-22";"21.3";"false"
"WEA-00420";"2025-02-23";"19.5";"false"
"WEA-00421";"2025-02-24";"18.7";"false"
"WEA-00422";"2025-02-25";"19.0";"false"
"WEA-00423";"2025-02-26";"22.4";"true"
"WEA-00424";"2025-02-27";"23.2";"false"
"WEA-00425";"2025-02-28";"18.1";"false"
"WEA-00426";"2025-03-01";"20.6";"true"
"WEA-00427";"2025-03-02";"20.4";"true"
"WEA-00428";"2025-03-03";"21.0";"false"
"WEA-00429";"2025-03-04";"18.2";"false"
"WEA-00430";"2025-03-05";"21.9";"false"
"WEA-00431";"2025-03-06";"17.6";"false"
"WEA-00432";"2025-03-07";"19.6";"false"
"WEA-00433";"2025-03-08";"22.6";"false"
"WEA-00434";"2025-03-09";"20.0";"false"
"WEA-00435";"2025-03-10";"18.9";"true"
"WEA-00436";"2025-03-11";"21.8";"true"
"WEA-00437";"2025-03-12";"21.0";"false"
"WEA-00438";"2025-03-13";"19.8";"false"
"WEA-00439";"2025-03-14";"15.3";"false"
"WEA-00440";"2025-03-15";"22.1";"false"
"WEA-00441";"2025-03-16";"18.4";"false"
"WEA-00442";"2025-03-17";"17.2";"false"
"WEA-00443";"2025-03-18";"19.4";"true"
"WEA-00444";"2025-03-19";"17.9";"false"
"WEA-00445";"2025-03-20";"17.6";"false"
"WEA-00446";"2025-03-21";"14.2";"true"
"WEA-00447";"2025-03-22";"19.4";"true"
"WEA-00448";"2025-03-23";"12.7";"true"
"WEA-00449";"2025-03-24";"20.5";"false"
"WEA-00450";"2025-03-25";"20.1";"true"
"WEA-00451";"2025-03-26";"16.4";"false"
"WEA-00452";"2025-03-27";"20.4";"false"
"WEA-00453";"2025-03-28";"18.6";"false"
"WEA-00454";"2025-03-29";"15.6";"false"
"WEA-00455";"2025-03-30";"18.1";"false"
"WEA-00456";"2025-03-31";"16.3";"false"
"WEA-00457";"2025-04-01";"22.5";"false"
"WEA-00458";"2025-04-02";"17.7";"false"
"WEA-00459";"2025-04-03";"21.4";"false"
"WEA-00460";"2025-04-04";"25.0";"false"
"WEA-00461";"2025-04-05";"18.3";"false"
"WEA-00462";"2025-04-06";"15.7";"false"
"WEA-00463";"2025-04-07";"14.7";"false"
"WEA-00464";"2025-04-08";"17.5";"false"
"WEA-00465";"2025-04-09";"17.7";"true"
"WEA-00466";"2025-04-10";"14.7";"true"
"WEA-00467";"2025-04-11";"16.3";"true"
"WEA-00468";"2025-04-12";"16.6";"false"
"WEA-00469";"2025-04-13";"15.8";"false"
"WEA-00470";"2025-04-14";"17.9";"true"
"WEA-00471";"2025-04-15";"16.4";"false"
"WEA-00472";"2025-04-16";"15.1";"true"
"WEA-00473";"2025-04-17";"18.4";"false"
"WEA-00474";"2025-04-18";"12.7";"true"
"WEA-00475";"2025-04-19";"14.9";"true"
"WEA-00476";"2025-04-20";"16.1";"false"
"WEA-00477";"2025-04-21";"12.0";"false"
"WEA-00478";"2025-04-22";"13.1";"false"
"WEA-00479";"2025-04-23";"12.8";"false"
"WEA-00480";"2025-04-24";"12.5";"false"
"WEA-00481";"2025-04-25";"12.7";"false"
"WEA-00482";"2025-04-26";"10.5";"false"
"WEA-00483";"2025-04-27";"17.7";"false"
"WEA-00484";"2025-04-28";"13.2";"true"
"WEA-00485";"2025-04-29";"16.2";"true"
"WEA-00486";"2025-04-30";"18.2";"false"
"WEA-00487";"2025-05-01";"10.9";"false"
"WEA-00488";"2025-05-02";"10.8";"false"
"WEA-00489";"2025-05-03";"16.3";"false"
"WEA-00490";"2025-05-04";"16.5";"true"
"WEA-00491";"2025-05-05";"12.9";"false"
"WEA-00492";"2025-05-06";"15.5";"false"
"WEA-00493";"2025-05-07";"16.6";"false"
"WEA-00494";"2025-05-08";"12.3";"false"
"WEA-00495";"2025-05-09";"9.0";"false"
"WEA-00496";"2025-05-10";"9.4";"false"
"WEA-00497";"2025-05-11";"13.3";"false"
"WEA-00498";"2025-05-12";"13.4";"false"
"WEA-00499";"2025-05-13";"6.9";"false"
"WEA-00500";"2025-05-14";"13.2";"false"
"WEA-00501";"2025-05-15";"11.4";"false"
"WEA-00502";"2025-05-16";"11.7";"false"
"WEA-00503";"2025-05-17";"10.0";"false"
"WEA-00504";"2025-05-18";"11.3";"false"
"WEA-00505";"2025-05-19";"12.2";"false"
"WEA-00506";"2025-05-20";"12.7";"false"
"WEA-00507";"2025-05-21";"13.8";"true"
"WEA-00508";"2025-05-22";"10.0";"false"
"WEA-00509";"2025-05-23";"8.2";"false"
"WEA-00510";"2025-05-24";"11.7";"true"
"WEA-00511";"2025-05-25";"7.6";"true"
"WEA-00512";"2025-05-26";"7.4";"true"
"WEA-00513";"2025-05-27";"13.6";"false"
"WEA-00514";"2025-05-28";"8.0";"false"
"WEA-00515";"2025-05-29";"10.3";"false"
"WEA-00516";"2025-05-30";"12.7";"false"
"WEA-00517";"2025-05-31";"12.8";"false"
"WEA-00518";"2025-06-01";"14.0";"false"
"WEA-00519";"2025-06-02";"11.9";"false"
"WEA-00520";"2025-06-03";"12.4";"false"
"WEA-00521";"2025-06-04";"11.5";"false"
"WEA-00522";"2025-06-05";"8.7";"false"
"WEA-00523";"2025-06-06";"5.7";"false"
"WEA-00524";"2025-06-07";"8.6";"true"
"WEA-00525";"2025-06-08";"10.9";"true"
"WEA-00526";"2025-06-09";"11.5";"false"
"WEA-00527";"2025-06-10";"9.0";"false"
"WEA-00528";"2025-06-11";"8.3";"false"
"WEA-00529";"2025-06-12";"7.5";"true"
"WEA-00530";"2025-06-13";"9.3";"true"
"WEA-00531";"2025-06-14";"7.6";"true"
"WEA-00532";"2025-06-15";"8.8";"false"
"WEA-00533";"2025-06-16";"11.1";"true"
"WEA-00534";"2025-06-17";"10.0";"false"
"WEA-00535";"2025-06-18";"10.3";"false"
"WEA-00536";"2025-06-19";"9.4";"true"
"WEA-00537";"2025-06-20";"7.0";"true"
"WEA-00538";"2025-06-21";"9.9";"true"
"WEA-00539";"2025-06-22";"8.2";"false"
"WEA-00540";"2025-06-23";"6.9";"false"
"WEA-00541";"2025-06-24";"6.1";"false"
"WEA-00542";"2025-06-25";"5.7";"false"
"WEA-00543";"2025-06-26";"9.5";"false"
"WEA-00544";"2025-06-27";"10.7";"true"
"WEA-00545";"2025-06-28";"9.3";"false"
"WEA-00546";"2025-06-29";"6.6";"false"
"WEA-00547";"2025-06-30";"11.1";"false"
"WEA-00548";"2025-07-01";"6.3";"false"
"WEA-00549";"2025-07-02";"9.7";"true"
"WEA-00550";"2025-07-03";"10.5";"true"
"WEA-00551";"2025-07-04";"10.9";"false"
"WEA-00552";"2025-07-05";"8.8";"false"
"WEA-00553";"2025-07-06";"8.2";"true"
"WEA-00554";"2025-07-07";"12.2";"true"
"WEA-00555";"2025-07-08";"9.9";"true"
"WEA-00556";"2025-07-09";"9.7";"true"
"WEA-00557";"2025-07-10";"10.6";"true"
"WEA-00558";"2025-07-11";"8.4";"false"
"WEA-00559";"2025-07-12";"7.1";"true"
"WEA-00560";"2025-07-13";"7.9";"false"
"WEA-00561";"2025-07-14";"13.2";"false"
"WEA-00562";"2025-07-15";"9.6";"true"
"WEA-00563";"2025-07-16";"7.3";"true"
"WEA-00564";"2025-07-17";"5.9";"true"
"WEA-00565";"2025-07-18";"10.8";"true"
"WEA-00566";"2025-07-19";"8.3";"false"
"WEA-00567";"2025-07-20";"7.4";"true"
"WEA-00568";"2025-07-21";"7.0";"false"
"WEA-00569";"2025-07-22";"13.7";"false"
"WEA-00570";"2025-07-23";"4.1";"true"
"WEA-00571";"2025-07-24";"9.2";"false"
"WEA-00572";"2025-07-25";"9.6";"false"
"WEA-00573";"2025-07-26";"8.7";"false"
"WEA-00574";"2025-07-27";"9.6";"false"
"WEA-00575";"2025-07-28";"11.4";"false"
"WEA-00576";"2025-07-29";"9.2";"true"
"WEA-00577";"2025-07-30";"7.0";"false"
"WEA-00578";"2025-07-31";"6.7";"false"
"WEA-00579";"2025-08-01";"4.8";"false"
"WEA-00580";"2025-08-02";"9.9";"true"
"WEA-00581";"2025-08-03";"9.2";"true"
"WEA-00582";"2025-08-04";"6.7";"true"
"WEA-00583";"2025-08-05";"6.2";"true"
"WEA-00584";"2025-08-06";"10.2";"false"
"WEA-00585";"2025-08-07";"8.6";"true"
"WEA-00586";"2025-08-08";"9.3";"false"
"WEA-00587";"2025-08-09";"10.1";"true"
"WEA-00588";"2025-08-10";"13.9";"true"
"WEA-00589";"2025-08-11";"10.6";"true"
"WEA-00590";"2025-08-12";"7.8";"false"
"WEA-00591";"2025-08-13";"12.4";"false"
"WEA-00592";"2025-08-14";"12.5";"false"
"WEA-00593";"2025-08-15";"7.8";"true"
"WEA-00594";"2025-08-16";"10.4";"true"
"WEA-00595";"2025-08-17";"5.5";"true"
"WEA-00596";"2025-08-18";"9.6";"false"
"WEA-00597";"2025-08-19";"12.8";"false"
"WEA-00598";"2025-08-20";"11.4";"true"
"WEA-00599";"2025-08-21";"10.0";"false"
"WEA-00600";"2025-08-22";"11.4";"true"
"WEA-00601";"2025-08-23";"8.3";"true"
"WEA-00602";"2025-08-24";"12.5";"false"
"WEA-00603";"2025-08-25";"11.6";"false"
"WEA-00604";"2025-08-26";"8.9";"true"
"WEA-00605";"2025-08-27";"8.1";"false"
"WEA-00606";"2025-08-28";"9.4";"false"
"WEA-00607";"2025-08-29";"12.1";"false"
"WEA-00608";"2025-08-30";"6.2";"true"
"WEA-00609";"2025-08-31";"8.5";"true"
"WEA-00610";"2025-09-01";"12.2";"false"
"WEA-00611";"2025-09-02";"10.4";"false"
"WEA-00612";"2025-09-03";"10.1";"false"
"WEA-00613";"2025-09-04";"9.6";"false"
"WEA-00614";"2025-09-05";"9.5";"false"
"WEA-00615";"2025-09-06";"10.6";"true"
"WEA-00616";"2025-09-07";"12.2";"false"
"WEA-00617";"2025-09-08";"12.3";"false"
"WEA-00618";"2025-09-09";"10.3";"false"
"WEA-00619";"2025-09-10";"12.6";"true"
"WEA-00620";"2025-09-11";"12.4";"true"
"WEA-00621";"2025-09-12";"9.3";"false"
"WEA-00622";"2025-09-13";"16.1";"false"
"WEA-00623";"2025-09-14";"12.6";"false"
"WEA-00624";"2025-09-15";"16.6";"false"
"WEA-00625";"2025-09-16";"12.6";"true"
"WEA-00626";"2025-09-17";"11.4";"false"
"WEA-00627";"2025-09-18";"12.7";"false"
"WEA-00628";"2025-09-19";"13.5";"false"
"WEA-00629";"2025-09-20";"9.8";"false"
"WEA-00630";"2025-09-21";"9.5";"false"
"WEA-00631";"2025-09-22";"11.3";"false"
"WEA-00632";"2025-09-23";"14.6";"true"
"WEA-00633";"2025-09-24";"12.8";"false"
"WEA-00634";"2025-09-25";"13.5";"false"
"WEA-00635";"2025-09-26";"9.9";"false"
"WEA-00636";"2025-09-27";"17.8";"false"
"WEA-00637";"2025-09-28";"17.2";"false"
"WEA-00638";"2025-09-29";"14.4";"false"
"WEA-00639";"2025-09-30";"15.4";"false"
"WEA-00640";"2025-10-01";"12.7";"false"
"WEA-00641";"2025-10-02";"14.6";"false"
"WEA-00642";"2025-10-03";"16.3";"false"
"WEA-00643";"2025-10-04";"12.2";"true"
"WEA-00644";"2025-10-05";"14.0";"true"
"WEA-00645";"2025-10-06";"11.9";"false"
"WEA-00646";"2025-10-07";"11.8";"false"
"WEA-00647";"2025-10-08";"14.5";"false"
"WEA-00648";"2025-10-09";"15.9";"false"
"WEA-00649";"2025-10-10";"14.2";"true"
"WEA-00650";"2025-10-11";"11.4";"false"
"WEA-00651";"2025-10-12";"15.7";"false"
"WEA-00652";"2025-10-13";"13.6";"false"
"WEA-00653";"2025-10-14";"11.7";"true"
"WEA-00654";"2025-10-15";"18.4";"false"
"WEA-00655";"2025-10-16";"12.9";"false"
"WEA-00656";"2025-10-17";"16.2";"true"
"WEA-00657";"2025-10-18";"15.9";"false"
"WEA-00658";"2025-10-19";"18.8";"false"
"WEA-00659";"2025-10-20";"13.0";"false"
"WEA-00660";"2025-10-21";"14.9";"false"
"WEA-00661";"2025-10-22";"18.5";"true"
"WEA-00662";"2025-10-23";"20.1";"false"
"WEA-00663";"2025-10-24";"14.9";"true"
"WEA-00664";"2025-10-25";"16.1";"false"
"WEA-00665";"2025-10-26";"22.4";"true"
"WEA-00666";"2025-10-27";"16.6";"false"
"WEA-00667";"2025-10-28";"19.9";"false"
"WEA-00668";"2025-10-29";"19.8";"false"
"WEA-00669";"2025-10-30";"17.4";"false"
"WEA-00670";"2025-10-31";"15.9";"false"
"WEA-00671";"2025-11-01";"22.3";"false"
"WEA-00672";"2025-11-02";"15.4";"true"
"WEA-00673";"2025-11-03";"19.9";"false"
"WEA-00674";"2025-11-04";"18.6";"false"
"WEA-00675";"2025-11-05";"19.6";"false"
"WEA-00676";"2025-11-06";"20.0";"false"
"WEA-00677";"2025-11-07";"20.0";"true"
"WEA-00678";"2025-11-08";"18.2";"false"
"WEA-00679";"2025-11-09";"20.3";"false"
"WEA-00680";"2025-11-10";"14.6";"false"
"WEA-00681";"2025-11-11";"17.2";"false"
"WEA-00682";"2025-11-12";"17.0";"false"
"WEA-00683";"2025-11-13";"18.5";"true"
"WEA-00684";"2025-11-14";"13.5";"false"
"WEA-00685";"2025-11-15";"19.4";"false"
"WEA-00686";"2025-11-16";"19.2";"false"
"WEA-00687";"2025-11-17";"16.8";"false"
"WEA-00688";"2025-11-18";"18.7";"false"
"WEA-00689";"2025-11-19";"21.1";"false"
"WEA-00690";"2025-11-20";"23.8";"false"
"WEA-00691";"2025-11-21";"19.1";"false"
"WEA-00692";"2025-11-22";"15.3";"false"
"WEA-00693";"2025-11-23";"23.1";"false"
"WEA-00694";"2025-11-24";"13.7";"false"
"WEA-00695";"2025-11-25";"17.4";"false"
"WEA-00696";"2025-11-26";"22.6";"false"
"WEA-00697";"2025-11-27";"20.8";"false"
"WEA-00698";"2025-11-28";"20.9";"true"
"WEA-00699";"2025-11-29";"23.2";"false"
"WEA-00700";"2025-11-30";"17.4";"false"
"WEA-00701";"2025-12-01";"17.9";"true"
"WEA-00702";"2025-12-02";"20.5";"false"
"WEA-00703";"2025-12-03";"20.6";"false"
"WEA-00704";"2025-12-04";"21.8";"false"
"WEA-00705";"2025-12-05";"21.3";"false"
"WEA-00706";"2025-12-06";"21.4";"false"
"WEA-00707";"2025-12-07";"25.6";"false"
"WEA-00708";"2025-12-08";"18.9";"false"
"WEA-00709";"2025-12-09";"18.4";"false"
"WEA-00710";"2025-12-10";"20.8";"false"
"WEA-00711";"2025-12-11";"24.1";"false"
"WEA-00712";"2025-12-12";"19.4";"false"
"WEA-00713";"2025-12-13";"20.1";"false"
"WEA-00714";"2025-12-14";"21.8";"false"
"WEA-00715";"2025-12-15";"19.5";"true"
"WEA-00716";"2025-12-16";"21.0";"false"
"WEA-00717";"2025-12-17";"24.8";"false"
"WEA-00718";"2025-12-18";"22.8";"false"
"WEA-00719";"2025-12-19";"24.2";"false"
"WEA-00720";"2025-12-20";"23.6";"false"
"WEA-00721";"2025-12-21";"24.4";"false"
"WEA-00722";"2025-12-22";"26.6";"false"
"WEA-00723";"2025-12-23";"21.0";"true"
"WEA-00724";"2025-12-24";"24.1";"false"
"WEA-00725";"2025-12-25";"21.6";"false"
"WEA-00726";"2025-12-26";"22.4";"false"
"WEA-00727";"2025-12-27";"20.7";"false"
"WEA-00728";"2025-12-28";"23.2";"true"
"WEA-00729";"2025-12-29";"22.3";"true"
"WEA-00730";"2025-12-30";"19.0";"true"
"WEA-00731";"2025-12-31";"20.2";"true"
"WEA-00732";"2026-01-01";"22.4";"false"
"WEA-00733";"2026-01-02";"18.9";"false"
"WEA-00734";"2026-01-03";"24.9";"false"
"WEA-00735";"2026-01-04";"19.4";"false"
"WEA-00736";"2026-01-05";"20.1";"false"
"WEA-00737";"2026-01-06";"23.0";"false"
"WEA-00738";"2026-01-07";"18.4";"false"
"WEA-00739";"2026-01-08";"19.3";"false"
"WEA-00740";"2026-01-09";"23.0";"false"
"WEA-00741";"2026-01-10";"19.1";"true"
"WEA-00742";"2026-01-11";"26.4";"false"
"WEA-00743";"2026-01-12";"21.8";"false"
"WEA-00744";"2026-01-13";"19.0";"true"
"WEA-00745";"2026-01-14";"19.6";"false"
"WEA-00746";"2026-01-15";"19.8";"true"
"WEA-00747";"2026-01-16";"24.2";"true"
"WEA-00748";"2026-01-17";"20.4";"false"
"WEA-00749";"2026-01-18";"20.5";"false"
"WEA-00750";"2026-01-19";"21.3";"false"
"WEA-00751";"2026-01-20";"24.4";"false"
"WEA-00752";"2026-01-21";"20.1";"false"
"WEA-00753";"2026-01-22";"20.9";"false"
"WEA-00754";"2026-01-23";"18.0";"false"
"WEA-00755";"2026-01-24";"19.4";"true"
"WEA-00756";"2026-01-25";"24.8";"false"
"WEA-00757";"2026-01-26";"23.7";"true"
"WEA-00758";"2026-01-27";"16.8";"false"
"WEA-00759";"2026-01-28";"18.8";"false"
"WEA-00760";"2026-01-29";"21.4";"false"
"WEA-00761";"2026-01-30";"21.8";"false"
"WEA-00762";"2026-01-31";"22.0";"true"
"WEA-00763";"2026-02-01";"27.5";"false"
"WEA-00764";"2026-02-02";"18.5";"true"
"WEA-00765";"2026-02-03";"20.8";"false"
"WEA-00766";"2026-02-04";"21.6";"false"
"WEA-00767";"2026-02-05";"20.1";"false"
"WEA-00768";"2026-02-06";"23.8";"false"
"WEA-00769";"2026-02-07";"22.2";"false"
"WEA-00770";"2026-02-08";"22.9";"false"
"WEA-00771";"2026-02-09";"25.1";"false"
"WEA-00772";"2026-02-10";"18.9";"false"
"WEA-00773";"2026-02-11";"22.4";"false"
"WEA-00774";"2026-02-12";"23.5";"true"
"WEA-00775";"2026-02-13";"25.4";"false"
"WEA-00776";"2026-02-14";"24.2";"false"
"WEA-00777";"2026-02-15";"19.8";"true"
"WEA-00778";"2026-02-16";"19.9";"false"
"WEA-00779";"2026-02-17";"20.5";"true"
"WEA-00780";"2026-02-18";"26.1";"false"
"WEA-00781";"2026-02-19";"20.6";"false"
"WEA-00782";"2026-02-20";"19.8";"false"
"WEA-00783";"2026-02-21";"19.2";"false"
"WEA-00784";"2026-02-22";"19.9";"true"
"WEA-00785";"2026-02-23";"23.1";"false"
"WEA-00786";"2026-02-24";"17.3";"false"
"WEA-00787";"2026-02-25";"20.7";"false"
"WEA-00788";"2026-02-26";"20.5";"false"
"WEA-00789";"2026-02-27";"23.2";"false"
"WEA-00790";"2026-02-28";"23.5";"false"
"WEA-00791";"2026-03-01";"18.3";"false"
"WEA-00792";"2026-03-02";"20.3";"false"
"WEA-00793";"2026-03-03";"15.9";"false"
"WEA-00794";"2026-03-04";"20.5";"false"
"WEA-00795";"2026-03-05";"20.5";"false"
"WEA-00796";"2026-03-06";"20.6";"false"
"WEA-00797";"2026-03-07";"20.5";"true"
"WEA-00798";"2026-03-08";"18.3";"false"
"WEA-00799";"2026-03-09";"17.7";"false"
"WEA-00800";"2026-03-10";"19.4";"true"
"WEA-00801";"2026-03-11";"19.7";"false"
"WEA-00802";"2026-03-12";"17.2";"false"
"WEA-00803";"2026-03-13";"17.1";"false"
"WEA-00804";"2026-03-14";"19.3";"false"
"WEA-00805";"2026-03-15";"22.1";"false"
"WEA-00806";"2026-03-16";"19.9";"false"
"WEA-00807";"2026-03-17";"17.0";"false"
"WEA-00808";"2026-03-18";"11.8";"false"
"WEA-00809";"2026-03-19";"20.0";"false"
"WEA-00810";"2026-03-20";"16.8";"false"
"WEA-00811";"2026-03-21";"18.4";"false"
"WEA-00812";"2026-03-22";"18.6";"false"
"WEA-00813";"2026-03-23";"14.7";"false"
"WEA-00814";"2026-03-24";"19.1";"false"
"WEA-00815";"2026-03-25";"21.6";"false"
"WEA-00816";"2026-03-26";"17.6";"false"
"WEA-00817";"2026-03-27";"20.3";"false"
"WEA-00818";"2026-03-28";"20.8";"false"
"WEA-00819";"2026-03-29";"15.8";"false"
"WEA-00820";"2026-03-30";"17.8";"true"
"WEA-00821";"2026-03-31";"18.8";"true"
"WEA-00822";"2026-04-01";"17.0";"false"
"WEA-00823";"2026-04-02";"15.2";"false"
"WEA-00824";"2026-04-03";"16.3";"true"
"WEA-00825";"2026-04-04";"16.9";"false"
"WEA-00826";"2026-04-05";"20.1";"false"
"WEA-00827";"2026-04-06";"16.1";"false"
"WEA-00828";"2026-04-07";"17.8";"true"
"WEA-00829";"2026-04-08";"12.8";"false"
"WEA-00830";"2026-04-09";"14.7";"false"
"WEA-00831";"2026-04-10";"17.2";"false"
"WEA-00832";"2026-04-11";"18.9";"false"
"WEA-00833";"2026-04-12";"13.7";"true"
"WEA-00834";"2026-04-13";"17.8";"false"
"WEA-00835";"2026-04-14";"17.4";"false"
"WEA-00836";"2026-04-15";"17.9";"false"
"WEA-00837";"2026-04-16";"14.6";"false"
"WEA-00838";"2026-04-17";"14.4";"false"
"WEA-00839";"2026-04-18";"16.7";"false"
"WEA-00840";"2026-04-19";"15.7";"false"
"WEA-00841";"2026-04-20";"11.0";"true"
"WEA-00842";"2026-04-21";"16.3";"false"
"WEA-00843";"2026-04-22";"16.6";"false"
"WEA-00844";"2026-04-23";"16.3";"false"
"WEA-00845";"2026-04-24";"18.3";"false"
"WEA-00846";"2026-04-25";"13.6";"false"
"WEA-00847";"2026-04-26";"11.6";"false"
"WEA-00848";"2026-04-27";"13.8";"false"
"WEA-00849";"2026-04-28";"13.9";"false"
"WEA-00850";"2026-04-29";"14.0";"false"
"WEA-00851";"2026-04-30";"12.4";"true"
"WEA-00852";"2026-05-01";"13.6";"false"
"WEA-00853";"2026-05-02";"13.7";"false"
"WEA-00854";"2026-05-03";"12.8";"false"
"WEA-00855";"2026-05-04";"8.3";"false"
"WEA-00856";"2026-05-05";"12.4";"true"
"WEA-00857";"2026-05-06";"11.9";"false"
"WEA-00858";"2026-05-07";"15.8";"false"
"WEA-00859";"2026-05-08";"10.9";"false"
"WEA-00860";"2026-05-09";"11.8";"false"
"WEA-00861";"2026-05-10";"9.0";"true"
"WEA-00862";"2026-05-11";"10.0";"false"
"WEA-00863";"2026-05-12";"11.3";"true"
"WEA-00864";"2026-05-13";"12.5";"false"
"WEA-00865";"2026-05-14";"13.0";"true"
"WEA-00866";"2026-05-15";"12.7";"false"
"WEA-00867";"2026-05-16";"8.7";"true"
"WEA-00868";"2026-05-17";"14.1";"false"
"WEA-00869";"2026-05-18";"9.8";"true"
"WEA-00870";"2026-05-19";"12.3";"true"
"WEA-00871";"2026-05-20";"10.6";"false"
"WEA-00872";"2026-05-21";"14.4";"false"
"WEA-00873";"2026-05-22";"12.2";"false"
"WEA-00874";"2026-05-23";"12.1";"false"
"WEA-00875";"2026-05-24";"14.0";"false"
"WEA-00876";"2026-05-25";"9.8";"false"
"WEA-00877";"2026-05-26";"9.9";"true"
"WEA-00878";"2026-05-27";"11.4";"false"
"WEA-00879";"2026-05-28";"7.1";"false"
"WEA-00880";"2026-05-29";"12.1";"false"
"WEA-00881";"2026-05-30";"8.9";"false"
"WEA-00882";"2026-05-31";"13.6";"false"
"WEA-00883";"2026-06-01";"9.7";"false"
"WEA-00884";"2026-06-02";"9.4";"true"
"WEA-00885";"2026-06-03";"14.5";"false"
"WEA-00886";"2026-06-04";"9.6";"true"
"WEA-00887";"2026-06-05";"16.0";"false"
"WEA-00888";"2026-06-06";"8.5";"false"
"WEA-00889";"2026-06-07";"7.4";"false"
"WEA-00890";"2026-06-08";"10.9";"true"
"WEA-00891";"2026-06-09";"9.9";"false"
"WEA-00892";"2026-06-10";"9.6";"false"
"WEA-00893";"2026-06-11";"5.9";"true"
"WEA-00894";"2026-06-12";"11.0";"true"
"WEA-00895";"2026-06-13";"4.6";"true"
"WEA-00896";"2026-06-14";"9.5";"false"
"WEA-00897";"2026-06-15";"13.3";"true"
"WEA-00898";"2026-06-16";"7.4";"false"
"WEA-00899";"2026-06-17";"12.7";"true"
"WEA-00900";"2026-06-18";"10.8";"false"
"WEA-00901";"2026-06-19";"11.2";"false"
"WEA-00902";"2026-06-20";"8.1";"true"
"WEA-00903";"2026-06-21";"10.7";"true"
"WEA-00904";"2026-06-22";"6.9";"true"
"WEA-00905";"2026-06-23";"7.1";"false"
"WEA-00906";"2026-06-24";"10.2";"true"
"WEA-00907";"2026-06-25";"14.4";"false"
"WEA-00908";"2026-06-26";"7.9";"false"
"WEA-00909";"2026-06-27";"10.0";"true"
"WEA-00910";"2026-06-28";"10.7";"true"
"WEA-00911";"2026-06-29";"6.7";"false"
"WEA-00912";"2026-06-30";"10.0";"true"
"WEA-00913";"2026-07-01";"8.5";"false"
"WEA-00914";"2026-07-02";"6.1";"true"
"WEA-00915";"2026-07-03";"7.8";"false"
"WEA-00916";"2026-07-04";"10.3";"false"
"WEA-00917";"2026-07-05";"8.6";"true"
"WEA-00918";"2026-07-06";"10.3";"false"
"WEA-00919";"2026-07-07";"6.8";"false"
"WEA-00920";"2026-07-08";"7.4";"true"
"WEA-00921";"2026-07-09";"6.6";"false"
"WEA-00922";"2026-07-10";"8.7";"true"
"WEA-00923";"2026-07-11";"9.2";"false"
"WEA-00924";"2026-07-12";"9.2";"false"
"WEA-00925";"2026-07-13";"9.9";"true"
"WEA-00926";"2026-07-14";"5.4";"false"
"WEA-00927";"2026-07-15";"10.8";"false"
"WEA-00928";"2026-07-16";"13.1";"true"
"WEA-00929";"2026-07-17";"14.2";"false"
"WEA-00930";"2026-07-18";"5.0";"true"
"WEA-00931";"2026-07-19";"9.0";"false"
"WEA-00932";"2026-07-20";"7.4";"false"
"WEA-00933";"2026-07-21";"4.0";"false"
"WEA-00934";"2026-07-22";"10.4";"false"
"WEA-00935";"2026-07-23";"8.3";"false"
"WEA-00936";"2026-07-24";"6.6";"false"
"WEA-00937";"2026-07-25";"10.1";"true"
"WEA-00938";"2026-07-26";"7.5";"false"
"WEA-00939";"2026-07-27";"10.6";"true"
"WEA-00940";"2026-07-28";"8.5";"false"
"WEA-00941";"2026-07-29";"6.9";"false"
"WEA-00942";"2026-07-30";"7.7";"true"
"WEA-00943";"2026-07-31";"7.5";"false"
"WEA-00944";"2026-08-01";"9.4";"false"
"WEA-00945";"2026-08-02";"8.0";"false"
"WEA-00946";"2026-08-03";"12.2";"true"
"WEA-00947";"2026-08-04";"10.4";"false"
"WEA-00948";"2026-08-05";"10.1";"false"
"WEA-00949";"2026-08-06";"4.9";"true"
"WEA-00950";"2026-08-07";"9.9";"true"
"WEA-00951";"2026-08-08";"9.5";"true"
"WEA-00952";"2026-08-09";"9.4";"false"
"WEA-00953";"2026-08-10";"7.7";"false"
"WEA-00954";"2026-08-11";"11.1";"true"
"WEA-00955";"2026-08-12";"9.0";"true"
"WEA-00956";"2026-08-13";"11.0";"false"
"WEA-00957";"2026-08-14";"9.3";"false"
"WEA-00958";"2026-08-15";"5.0";"true"
"WEA-00959";"2026-08-16";"8.1";"true"
"WEA-00960";"2026-08-17";"11.5";"false"
"WEA-00961";"2026-08-18";"8.4";"false"
"WEA-00962";"2026-08-19";"8.6";"false"
"WEA-00963";"2026-08-20";"10.5";"true"
"WEA-00964";"2026-08-21";"8.0";"true"
"WEA-00965";"2026-08-22";"10.4";"false"
"WEA-00966";"2026-08-23";"13.9";"true"
"WEA-00967";"2026-08-24";"8.1";"true"
"WEA-00968";"2026-08-25";"9.3";"true"
"WEA-00969";"2026-08-26";"11.4";"true"
"WEA-00970";"2026-08-27";"11.9";"true"
"WEA-00971";"2026-08-28";"10.3";"true"
"WEA-00972";"2026-08-29";"8.5";"false"
"WEA-00973";"2026-08-30";"14.5";"false"
"WEA-00974";"2026-08-31";"9.2";"true"
"WEA-00975";"2026-09-01";"6.3";"false"
"WEA-00976";"2026-09-02";"11.7";"false"
"WEA-00977";"2026-09-03";"6.2";"true"
"WEA-00978";"2026-09-04";"14.1";"true"
"WEA-00979";"2026-09-05";"13.4";"false"
"WEA-00980";"2026-09-06";"14.0";"false"
"WEA-00981";"2026-09-07";"13.1";"true"
"WEA-00982";"2026-09-08";"10.4";"true"
"WEA-00983";"2026-09-09";"8.7";"false"
"WEA-00984";"2026-09-10";"9.7";"false"
"WEA-00985";"2026-09-11";"4.5";"false"
"WEA-00986";"2026-09-12";"12.3";"true"
"WEA-00987";"2026-09-13";"12.2";"false"
