"forecast_date";"ingredient_id";"ingredient_name";"category";"unit";"forecast_quantity_needed";"lower_bound_quantity";"upper_bound_quantity";"cumulative_forecast_quantity";"starting_inventory_quantity";"projected_inventory_end_of_day_no_order";"projected_expired_quantity_to_date";"projected_unfilled_demand_quantity";"is_synthetic"
"2026-08-02";"BASE-001";"Cooked jasmine rice";"BASE";"g";"152448.581";"121958.865";"182938.297";"152448.581";"696249";"543800.419";"0";"0";"true"
"2026-08-02";"BASE-002";"Cooked brown rice";"BASE";"g";"6822.806";"5458.245";"8187.367";"6822.806";"31122";"24299.194";"0";"0";"true"
"2026-08-02";"BASE-003";"Turmeric coconut rice";"BASE";"g";"15291.735";"12233.388";"18350.082";"15291.735";"69798";"54506.265";"0";"0";"true"
"2026-08-02";"DRNK-001";"Coconut water 330ml";"DRNK";"ea";"26.589";"21.271";"31.907";"26.589";"122";"95.411";"0";"0";"true"
"2026-08-02";"DRNK-002";"Cold pressed juice - Watermelon Lime 300ml";"DRNK";"ea";"24.687";"19.75";"29.624";"24.687";"113";"88.313";"0";"0";"true"
"2026-08-02";"DRNK-003";"Cold pressed juice - Classic OJ 300ml";"DRNK";"ea";"24.874";"19.899";"29.849";"24.874";"114";"89.126";"0";"0";"true"
"2026-08-02";"DRNK-004";"Cold pressed juice - Pineapple Mint 300ml";"DRNK";"ea";"24.516";"19.613";"29.419";"24.516";"113";"88.484";"0";"0";"true"
"2026-08-02";"DRNK-005";"Dash sparkling water - Lime 330ml";"DRNK";"ea";"27.276";"21.821";"32.731";"27.276";"125";"97.724";"0";"0";"true"
"2026-08-02";"DRNK-006";"Dash sparkling water - Raspberry 330ml";"DRNK";"ea";"27.099";"21.679";"32.519";"27.099";"124";"96.901";"0";"0";"true"
"2026-08-02";"DRNK-007";"Dash sparkling water - Peach 330ml";"DRNK";"ea";"27.149";"21.719";"32.579";"27.149";"124";"96.851";"0";"0";"true"
"2026-08-02";"DRNK-008";"Kombucha - Ginger Lemon 330ml";"DRNK";"ea";"27.025";"21.62";"32.43";"27.025";"124";"96.975";"0";"0";"true"
"2026-08-02";"DRNK-009";"Kombucha - Lemon Lime Mint 330ml";"DRNK";"ea";"26.842";"21.474";"32.21";"26.842";"123";"96.158";"0";"0";"true"
"2026-08-02";"DRNK-010";"Kombucha - Peach 330ml";"DRNK";"ea";"27.29";"21.832";"32.748";"27.29";"125";"97.71";"0";"0";"true"
"2026-08-02";"DRNK-011";"Kombucha - Raspberry Lemonade 330ml";"DRNK";"ea";"27.156";"21.725";"32.587";"27.156";"124";"96.844";"0";"0";"true"
"2026-08-02";"DRNK-012";"Sodaly - Passionfruit 330ml";"DRNK";"ea";"27.374";"21.899";"32.849";"27.374";"126";"98.626";"0";"0";"true"
"2026-08-02";"DRNK-013";"Sodaly - Guava 330ml";"DRNK";"ea";"27.168";"21.734";"32.602";"27.168";"125";"97.832";"0";"0";"true"
"2026-08-02";"DRNK-014";"Sodaly - Raspberry 330ml";"DRNK";"ea";"27.614";"22.091";"33.137";"27.614";"127";"99.386";"0";"0";"true"
"2026-08-02";"DRNK-015";"Sparkling water 500ml";"DRNK";"ea";"41.355";"33.084";"49.626";"41.355";"190";"148.645";"0";"0";"true"
"2026-08-02";"DRNK-016";"Specialty soda - Gingerella 330ml";"DRNK";"ea";"26.869";"21.495";"32.243";"26.869";"123";"96.131";"0";"0";"true"
"2026-08-02";"DRNK-017";"Specialty soda - Karma Cola 330ml";"DRNK";"ea";"27.176";"21.741";"32.611";"27.176";"125";"97.824";"0";"0";"true"
"2026-08-02";"DRNK-018";"Specialty soda - Lemmy 330ml";"DRNK";"ea";"26.914";"21.531";"32.297";"26.914";"123";"96.086";"0";"0";"true"
"2026-08-02";"DRNK-019";"Still water 600ml";"DRNK";"ea";"49.183";"39.346";"59.02";"49.183";"226";"176.817";"0";"0";"true"
"2026-08-02";"GARN-001";"Edamame";"GARN";"cup";"93.986";"75.188";"112.783";"93.986";"429.032";"335.046";"0";"0";"true"
"2026-08-02";"GARN-002";"Pickled ginger";"GARN";"g";"3303.572";"2642.857";"3964.286";"3303.572";"15080";"11776.428";"0";"0";"true"
"2026-08-02";"GARN-003";"Crispy shallots";"GARN";"spoon";"177.423";"141.939";"212.908";"177.423";"3401";"3223.577";"0";"0";"true"
"2026-08-02";"GARN-004";"Nori strips";"GARN";"g";"423.048";"338.438";"507.658";"423.048";"8109";"7685.952";"0";"0";"true"
"2026-08-02";"GARN-005";"Nori sheet";"GARN";"ea";"37.24";"29.792";"44.688";"37.24";"714";"676.76";"0";"0";"true"
"2026-08-02";"GARN-006";"63-degree egg";"GARN";"ea";"42.197";"33.757";"50.636";"42.197";"193";"150.803";"0";"0";"true"
"2026-08-02";"GARN-007";"Half-boiled egg";"GARN";"ea";"73.828";"59.063";"88.594";"73.828";"339";"265.172";"0";"0";"true"
"2026-08-02";"GARN-008";"Tamagoyaki";"GARN";"ea";"79.764";"63.811";"95.717";"79.764";"364";"284.236";"0";"0";"true"
"2026-08-02";"GARN-009";"Lemon wedge";"GARN";"ea";"77.371";"61.897";"92.845";"77.371";"353";"275.629";"0";"0";"true"
"2026-08-02";"GARN-010";"Avocado";"GARN";"g";"4360.267";"3488.213";"5232.32";"4360.267";"19905";"15544.733";"0";"0";"true"
"2026-08-02";"GARN-011";"Pineapple";"GARN";"g";"1534.275";"1227.42";"1841.13";"1534.275";"7004";"5469.725";"0";"0";"true"
"2026-08-02";"GARN-012";"Cucumber slice";"GARN";"slice";"220.587";"176.47";"264.705";"220.587";"1012";"791.413";"0";"0";"true"
"2026-08-02";"GARN-013";"Crushed walnuts";"GARN";"ea";"213.835";"171.068";"256.602";"213.835";"4119";"3905.165";"0";"0";"true"
"2026-08-02";"GARN-014";"Assorted topping (kimchi / corn / edamame / nori)";"GARN";"cup";"121.131";"96.904";"145.357";"121.131";"2322.317";"2201.186";"0";"0";"true"
"2026-08-02";"LEAF-001";"Mixed leaf salad";"LEAF";"g";"31989.189";"25591.351";"38387.027";"31989.189";"146029";"114039.811";"0";"0";"true"
"2026-08-02";"LEAF-002";"Baby spinach";"LEAF";"g";"1266.351";"1013.081";"1519.621";"1266.351";"5779";"4512.649";"0";"0";"true"
"2026-08-02";"LEAF-003";"Kale";"LEAF";"g";"1300.078";"1040.062";"1560.093";"1300.078";"5931";"4630.922";"0";"0";"true"
"2026-08-02";"LEAF-004";"Classic slaw";"LEAF";"g";"4963.216";"3970.573";"5955.859";"4963.216";"22762";"17798.784";"0";"0";"true"
"2026-08-02";"MISC-001";"Miso paste (pre-packaged)";"MISC";"pack";"21.937";"17.55";"26.324";"21.937";"101";"79.063";"0";"0";"true"
"2026-08-02";"MISC-002";"Water";"MISC";"ml";"11792.25";"9433.8";"14150.7";"11792.25";"227063";"215270.75";"0";"0";"true"
"2026-08-02";"MISC-003";"Fresh ginger";"MISC";"matchsticks";"89.054";"71.243";"106.865";"89.054";"408";"318.946";"0";"0";"true"
"2026-08-02";"MISC-004";"Yuzu jam";"MISC";"g";"1287.347";"1029.878";"1544.816";"1287.347";"5904";"4616.653";"0";"0";"true"
"2026-08-02";"PROT-001";"Seared chicken";"PROT";"g";"6861.095";"5488.876";"8233.314";"6861.095";"31330";"24468.905";"0";"0";"true"
"2026-08-02";"PROT-002";"Sous-vide chicken";"PROT";"g";"3794.065";"3035.252";"4552.878";"3794.065";"17332";"13537.935";"0";"0";"true"
"2026-08-02";"PROT-003";"Karaage chicken";"PROT";"g";"17266.382";"13813.106";"20719.659";"17266.382";"189445";"172178.618";"0";"0";"true"
"2026-08-02";"PROT-004";"Flame-seared wagyu";"PROT";"g";"5400.954";"4320.763";"6481.145";"5400.954";"24655";"19254.046";"0";"0";"true"
"2026-08-02";"PROT-005";"Aburi salmon";"PROT";"g";"12201.048";"9760.839";"14641.258";"12201.048";"55785";"43583.952";"0";"0";"true"
"2026-08-02";"PROT-006";"Sashimi salmon";"PROT";"g";"7678.069";"6142.455";"9213.682";"7678.069";"35053";"27374.931";"0";"0";"true"
"2026-08-02";"PROT-007";"Sashimi tuna";"PROT";"g";"6041.666";"4833.333";"7250";"6041.666";"27583";"21541.334";"0";"0";"true"
"2026-08-02";"PROT-008";"Tiger prawns";"PROT";"g";"3024.769";"2419.815";"3629.723";"3024.769";"33148";"30123.231";"0";"0";"true"
"2026-08-02";"PROT-009";"Pan-seared tofu";"PROT";"g";"10234.58";"8187.664";"12281.496";"10234.58";"46825";"36590.42";"0";"0";"true"
"2026-08-02";"PROT-010";"Miso beet falafel";"PROT";"ea";"425.76";"340.608";"510.912";"425.76";"4668";"4242.24";"0";"0";"true"
"2026-08-02";"PROT-011";"Crispy eggplant";"PROT";"g";"9544.932";"7635.946";"11453.919";"9544.932";"104592";"95047.068";"0";"0";"true"
"2026-08-02";"SAUC-001";"Teriyaki sauce";"SAUC";"g";"5032.041";"4025.633";"6038.449";"5032.041";"22966";"17933.959";"0";"0";"true"
"2026-08-02";"SAUC-002";"Japanese mayo";"SAUC";"g";"365.278";"292.223";"438.334";"365.278";"1668";"1302.722";"0";"0";"true"
"2026-08-02";"SAUC-003";"Spicy mayo";"SAUC";"g";"1835.608";"1468.487";"2202.73";"1835.608";"8380";"6544.392";"0";"0";"true"
"2026-08-02";"SAUC-004";"Sweet miso sauce";"SAUC";"g";"1987.433";"1589.946";"2384.92";"1987.433";"9089";"7101.567";"0";"0";"true"
"2026-08-02";"SAUC-005";"Shoyu";"SAUC";"g";"1358.402";"1086.722";"1630.082";"1358.402";"6198";"4839.598";"0";"0";"true"
"2026-08-02";"SAUC-006";"Creamy roasted sesame";"SAUC";"g";"3757.902";"3006.322";"4509.482";"3757.902";"17205";"13447.098";"0";"0";"true"
"2026-08-02";"SAUC-007";"Yuzu kosho mayo";"SAUC";"g";"3889.763";"3111.81";"4667.715";"3889.763";"17784";"13894.237";"0";"0";"true"
"2026-08-02";"SAUC-008";"Bao sauce";"SAUC";"g";"1249.969";"999.975";"1499.963";"1249.969";"5735";"4485.031";"0";"0";"true"
"2026-08-02";"SAUC-009";"Warm cashew satay";"SAUC";"g";"1071.402";"857.122";"1285.682";"1071.402";"4915";"3843.598";"0";"0";"true"
"2026-08-02";"SAUC-010";"Assorted sauce";"SAUC";"g";"14228.73";"11382.984";"17074.476";"14228.73";"64951";"50722.27";"0";"0";"true"
"2026-08-02";"SEAS-001";"Aonori seasoning";"SEAS";"g";"364.3";"291.44";"437.16";"364.3";"7005";"6640.7";"0";"0";"true"
"2026-08-02";"SEAS-002";"Furikake";"SEAS";"g";"144.586";"115.669";"173.503";"144.586";"2778";"2633.414";"0";"0";"true"
"2026-08-02";"SEAS-003";"Cinnamon";"SEAS";"dash";"25.232";"20.186";"30.278";"25.232";"486";"460.768";"0";"0";"true"
"2026-08-02";"SNCK-001";"Raw ball - Peanut Butter";"SNCK";"ea";"4.122";"3.298";"4.946";"4.122";"80";"75.878";"0";"0";"true"
"2026-08-02";"SNCK-002";"Raw ball - Choc Brownie";"SNCK";"ea";"4.006";"3.205";"4.807";"4.006";"77";"72.994";"0";"0";"true"
"2026-08-02";"SNCK-003";"Raw ball - Coconut Cacao";"SNCK";"ea";"4.046";"3.237";"4.855";"4.046";"78";"73.954";"0";"0";"true"
"2026-08-02";"SNCK-004";"Raw ball - Hazelnut";"SNCK";"ea";"4.013";"3.21";"4.816";"4.013";"77";"72.987";"0";"0";"true"
"2026-08-02";"SNCK-005";"Raw ball - Apricot Delight";"SNCK";"ea";"4.126";"3.301";"4.951";"4.126";"80";"75.874";"0";"0";"true"
"2026-08-03";"BASE-001";"Cooked jasmine rice";"BASE";"g";"139249.467";"111399.573";"167099.36";"291698.048";"696249";"300113.702";"104437.25";"0";"true"
"2026-08-03";"BASE-002";"Cooked brown rice";"BASE";"g";"6224.49";"4979.592";"7469.388";"13047.296";"31122";"13406.454";"4668.25";"0";"true"
"2026-08-03";"BASE-003";"Turmeric coconut rice";"BASE";"g";"13959.388";"11167.51";"16751.265";"29251.122";"69798";"30077.128";"10469.75";"0";"true"
"2026-08-03";"DRNK-001";"Coconut water 330ml";"DRNK";"ea";"24.393";"19.514";"29.272";"50.982";"122";"71.018";"0";"0";"true"
"2026-08-03";"DRNK-002";"Cold pressed juice - Watermelon Lime 300ml";"DRNK";"ea";"22.643";"18.114";"27.172";"47.33";"113";"65.67";"0";"0";"true"
"2026-08-03";"DRNK-003";"Cold pressed juice - Classic OJ 300ml";"DRNK";"ea";"22.822";"18.258";"27.386";"47.696";"114";"66.304";"0";"0";"true"
"2026-08-03";"DRNK-004";"Cold pressed juice - Pineapple Mint 300ml";"DRNK";"ea";"22.5";"18";"27";"47.016";"113";"65.984";"0";"0";"true"
"2026-08-03";"DRNK-005";"Dash sparkling water - Lime 330ml";"DRNK";"ea";"25";"20";"30";"52.276";"125";"72.724";"0";"0";"true"
"2026-08-03";"DRNK-006";"Dash sparkling water - Raspberry 330ml";"DRNK";"ea";"24.857";"19.886";"29.828";"51.956";"124";"72.044";"0";"0";"true"
"2026-08-03";"DRNK-007";"Dash sparkling water - Peach 330ml";"DRNK";"ea";"24.893";"19.914";"29.872";"52.042";"124";"71.958";"0";"0";"true"
"2026-08-03";"DRNK-008";"Kombucha - Ginger Lemon 330ml";"DRNK";"ea";"24.786";"19.829";"29.743";"51.811";"124";"72.189";"0";"0";"true"
"2026-08-03";"DRNK-009";"Kombucha - Lemon Lime Mint 330ml";"DRNK";"ea";"24.607";"19.686";"29.528";"51.449";"123";"71.551";"0";"0";"true"
"2026-08-03";"DRNK-010";"Kombucha - Peach 330ml";"DRNK";"ea";"25.036";"20.029";"30.043";"52.326";"125";"72.674";"0";"0";"true"
"2026-08-03";"DRNK-011";"Kombucha - Raspberry Lemonade 330ml";"DRNK";"ea";"24.892";"19.914";"29.87";"52.048";"124";"71.952";"0";"0";"true"
"2026-08-03";"DRNK-012";"Sodaly - Passionfruit 330ml";"DRNK";"ea";"25.108";"20.086";"30.13";"52.482";"126";"73.518";"0";"0";"true"
"2026-08-03";"DRNK-013";"Sodaly - Guava 330ml";"DRNK";"ea";"24.929";"19.943";"29.915";"52.097";"125";"72.903";"0";"0";"true"
"2026-08-03";"DRNK-014";"Sodaly - Raspberry 330ml";"DRNK";"ea";"25.322";"20.258";"30.386";"52.936";"127";"74.064";"0";"0";"true"
"2026-08-03";"DRNK-015";"Sparkling water 500ml";"DRNK";"ea";"37.929";"30.343";"45.515";"79.284";"190";"110.716";"0";"0";"true"
"2026-08-03";"DRNK-016";"Specialty soda - Gingerella 330ml";"DRNK";"ea";"24.643";"19.714";"29.572";"51.512";"123";"71.488";"0";"0";"true"
"2026-08-03";"DRNK-017";"Specialty soda - Karma Cola 330ml";"DRNK";"ea";"24.929";"19.943";"29.915";"52.105";"125";"72.895";"0";"0";"true"
"2026-08-03";"DRNK-018";"Specialty soda - Lemmy 330ml";"DRNK";"ea";"24.678";"19.742";"29.614";"51.592";"123";"71.408";"0";"0";"true"
"2026-08-03";"DRNK-019";"Still water 600ml";"DRNK";"ea";"45.107";"36.086";"54.128";"94.29";"226";"131.71";"0";"0";"true"
"2026-08-03";"GARN-001";"Edamame";"GARN";"cup";"85.806";"68.645";"102.968";"179.792";"429.032";"184.885";"64.355";"0";"true"
"2026-08-03";"GARN-002";"Pickled ginger";"GARN";"g";"3016.051";"2412.841";"3619.261";"6319.623";"15080";"6498.377";"2262";"0";"true"
"2026-08-03";"GARN-003";"Crispy shallots";"GARN";"spoon";"161.955";"129.564";"194.346";"339.379";"3401";"3061.621";"0";"0";"true"
"2026-08-03";"GARN-004";"Nori strips";"GARN";"g";"386.146";"308.917";"463.375";"809.194";"8109";"7299.806";"0";"0";"true"
"2026-08-03";"GARN-005";"Nori sheet";"GARN";"ea";"34";"27.2";"40.8";"71.24";"714";"642.76";"0";"0";"true"
"2026-08-03";"GARN-006";"63-degree egg";"GARN";"ea";"38.534";"30.827";"46.24";"80.731";"193";"83.269";"29";"0";"true"
"2026-08-03";"GARN-007";"Half-boiled egg";"GARN";"ea";"67.707";"54.166";"81.249";"141.536";"339";"146.714";"50.75";"0";"true"
"2026-08-03";"GARN-008";"Tamagoyaki";"GARN";"ea";"72.864";"58.291";"87.437";"152.628";"364";"156.872";"54.5";"0";"true"
"2026-08-03";"GARN-009";"Lemon wedge";"GARN";"ea";"70.678";"56.542";"84.814";"148.049";"353";"151.951";"53";"0";"true"
"2026-08-03";"GARN-010";"Avocado";"GARN";"g";"3980.853";"3184.683";"4777.024";"8341.12";"19905";"8578.13";"2985.75";"0";"true"
"2026-08-03";"GARN-011";"Pineapple";"GARN";"g";"1400.85";"1120.68";"1681.02";"2935.125";"7004";"3018.375";"1050.5";"0";"true"
"2026-08-03";"GARN-012";"Cucumber slice";"GARN";"slice";"202.331";"161.864";"242.797";"422.918";"1012";"437.332";"151.75";"0";"true"
"2026-08-03";"GARN-013";"Crushed walnuts";"GARN";"ea";"196.137";"156.909";"235.364";"409.971";"4119";"3709.029";"0";"0";"true"
"2026-08-03";"GARN-014";"Assorted topping (kimchi / corn / edamame / nori)";"GARN";"cup";"110.586";"88.469";"132.703";"231.716";"2322.317";"2090.601";"0";"0";"true"
"2026-08-03";"LEAF-001";"Mixed leaf salad";"LEAF";"g";"29205.592";"23364.473";"35046.71";"61194.781";"146029";"62929.969";"21904.25";"0";"true"
"2026-08-03";"LEAF-002";"Baby spinach";"LEAF";"g";"1155.787";"924.63";"1386.945";"2422.138";"5779";"2490.112";"866.75";"0";"true"
"2026-08-03";"LEAF-003";"Kale";"LEAF";"g";"1186.111";"948.889";"1423.333";"2486.189";"5931";"2555.061";"889.75";"0";"true"
"2026-08-03";"LEAF-004";"Classic slaw";"LEAF";"g";"4552.437";"3641.949";"5462.924";"9515.653";"22762";"9832.097";"3414.25";"0";"true"
"2026-08-03";"MISC-001";"Miso paste (pre-packaged)";"MISC";"pack";"20.107";"16.086";"24.128";"42.044";"101";"58.956";"0";"0";"true"
"2026-08-03";"MISC-002";"Water";"MISC";"ml";"10812.5";"8650";"12975";"22604.75";"227063";"204458.25";"0";"0";"true"
"2026-08-03";"MISC-003";"Fresh ginger";"MISC";"matchsticks";"81.681";"65.345";"98.017";"170.735";"408";"237.265";"0";"0";"true"
"2026-08-03";"MISC-004";"Yuzu jam";"MISC";"g";"1180.765";"944.612";"1416.918";"2468.112";"5904";"3435.888";"0";"0";"true"
"2026-08-03";"PROT-001";"Seared chicken";"PROT";"g";"6265.984";"5012.787";"7519.181";"13127.079";"31330";"13503.421";"4699.5";"0";"true"
"2026-08-03";"PROT-002";"Sous-vide chicken";"PROT";"g";"3466.29";"2773.032";"4159.548";"7260.355";"17332";"7471.895";"2599.75";"0";"true"
"2026-08-03";"PROT-003";"Karaage chicken";"PROT";"g";"15787.189";"12629.751";"18944.627";"33053.572";"189445";"156391.428";"0";"0";"true"
"2026-08-03";"PROT-004";"Flame-seared wagyu";"PROT";"g";"4930.969";"3944.775";"5917.163";"10331.923";"24655";"10624.827";"3698.25";"0";"true"
"2026-08-03";"PROT-005";"Aburi salmon";"PROT";"g";"11156.898";"8925.518";"13388.278";"23357.946";"55785";"24059.304";"8367.75";"0";"true"
"2026-08-03";"PROT-006";"Sashimi salmon";"PROT";"g";"7010.617";"5608.494";"8412.74";"14688.686";"35053";"15106.314";"5258";"0";"true"
"2026-08-03";"PROT-007";"Sashimi tuna";"PROT";"g";"5516.587";"4413.27";"6619.905";"11558.254";"27583";"11887.246";"4137.5";"0";"true"
"2026-08-03";"PROT-008";"Tiger prawns";"PROT";"g";"2762.267";"2209.813";"3314.72";"5787.036";"33148";"27360.964";"0";"0";"true"
"2026-08-03";"PROT-009";"Pan-seared tofu";"PROT";"g";"9364.978";"7491.983";"11237.974";"19599.558";"46825";"20201.692";"7023.75";"0";"true"
"2026-08-03";"PROT-010";"Miso beet falafel";"PROT";"ea";"389.01";"311.208";"466.812";"814.77";"4668";"3853.23";"0";"0";"true"
"2026-08-03";"PROT-011";"Crispy eggplant";"PROT";"g";"8716.001";"6972.801";"10459.201";"18260.933";"104592";"86331.067";"0";"0";"true"
"2026-08-03";"SAUC-001";"Teriyaki sauce";"SAUC";"g";"4593.196";"3674.557";"5511.835";"9625.237";"22966";"13340.763";"0";"0";"true"
"2026-08-03";"SAUC-002";"Japanese mayo";"SAUC";"g";"333.588";"266.87";"400.305";"698.866";"1668";"969.134";"0";"0";"true"
"2026-08-03";"SAUC-003";"Spicy mayo";"SAUC";"g";"1675.959";"1340.767";"2011.15";"3511.567";"8380";"4868.433";"0";"0";"true"
"2026-08-03";"SAUC-004";"Sweet miso sauce";"SAUC";"g";"1817.773";"1454.219";"2181.328";"3805.206";"9089";"5283.794";"0";"0";"true"
"2026-08-03";"SAUC-005";"Shoyu";"SAUC";"g";"1239.691";"991.753";"1487.629";"2598.093";"6198";"3599.907";"0";"0";"true"
"2026-08-03";"SAUC-006";"Creamy roasted sesame";"SAUC";"g";"3440.938";"2752.75";"4129.126";"7198.84";"17205";"10006.16";"0";"0";"true"
"2026-08-03";"SAUC-007";"Yuzu kosho mayo";"SAUC";"g";"3556.691";"2845.353";"4268.029";"7446.454";"17784";"10337.546";"0";"0";"true"
"2026-08-03";"SAUC-008";"Bao sauce";"SAUC";"g";"1146.881";"917.505";"1376.258";"2396.851";"5735";"3338.149";"0";"0";"true"
"2026-08-03";"SAUC-009";"Warm cashew satay";"SAUC";"g";"983.041";"786.433";"1179.649";"2054.443";"4915";"2860.557";"0";"0";"true"
"2026-08-03";"SAUC-010";"Assorted sauce";"SAUC";"g";"12990.061";"10392.049";"15588.074";"27218.792";"64951";"37732.208";"0";"0";"true"
"2026-08-03";"SEAS-001";"Aonori seasoning";"SEAS";"g";"333.57";"266.856";"400.284";"697.87";"7005";"6307.13";"0";"0";"true"
"2026-08-03";"SEAS-002";"Furikake";"SEAS";"g";"132.286";"105.829";"158.743";"276.872";"2778";"2501.128";"0";"0";"true"
"2026-08-03";"SEAS-003";"Cinnamon";"SEAS";"dash";"23.143";"18.514";"27.772";"48.375";"486";"437.625";"0";"0";"true"
"2026-08-03";"SNCK-001";"Raw ball - Peanut Butter";"SNCK";"ea";"3.785";"3.028";"4.542";"7.907";"80";"72.093";"0";"0";"true"
"2026-08-03";"SNCK-002";"Raw ball - Choc Brownie";"SNCK";"ea";"3.679";"2.943";"4.415";"7.685";"77";"69.315";"0";"0";"true"
"2026-08-03";"SNCK-003";"Raw ball - Coconut Cacao";"SNCK";"ea";"3.714";"2.971";"4.457";"7.76";"78";"70.24";"0";"0";"true"
"2026-08-03";"SNCK-004";"Raw ball - Hazelnut";"SNCK";"ea";"3.679";"2.943";"4.415";"7.692";"77";"69.308";"0";"0";"true"
"2026-08-03";"SNCK-005";"Raw ball - Apricot Delight";"SNCK";"ea";"3.786";"3.029";"4.543";"7.912";"80";"72.088";"0";"0";"true"
"2026-08-04";"BASE-001";"Cooked jasmine rice";"BASE";"g";"139249.467";"111399.573";"167099.36";"430947.514";"696249";"160864.236";"104437.25";"0";"true"
"2026-08-04";"BASE-002";"Cooked brown rice";"BASE";"g";"6224.49";"4979.592";"7469.388";"19271.786";"31122";"7181.964";"4668.25";"0";"true"
"2026-08-04";"BASE-003";"Turmeric coconut rice";"BASE";"g";"13959.388";"11167.51";"16751.265";"43210.51";"69798";"16117.74";"10469.75";"0";"true"
"2026-08-04";"DRNK-001";"Coconut water 330ml";"DRNK";"ea";"24.393";"19.514";"29.272";"75.375";"122";"46.625";"0";"0";"true"
"2026-08-04";"DRNK-002";"Cold pressed juice - Watermelon Lime 300ml";"DRNK";"ea";"22.643";"18.114";"27.172";"69.973";"113";"43.027";"0";"0";"true"
"2026-08-04";"DRNK-003";"Cold pressed juice - Classic OJ 300ml";"DRNK";"ea";"22.822";"18.258";"27.386";"70.518";"114";"43.482";"0";"0";"true"
"2026-08-04";"DRNK-004";"Cold pressed juice - Pineapple Mint 300ml";"DRNK";"ea";"22.5";"18";"27";"69.516";"113";"43.484";"0";"0";"true"
"2026-08-04";"DRNK-005";"Dash sparkling water - Lime 330ml";"DRNK";"ea";"25";"20";"30";"77.276";"125";"47.724";"0";"0";"true"
"2026-08-04";"DRNK-006";"Dash sparkling water - Raspberry 330ml";"DRNK";"ea";"24.857";"19.886";"29.828";"76.813";"124";"47.187";"0";"0";"true"
"2026-08-04";"DRNK-007";"Dash sparkling water - Peach 330ml";"DRNK";"ea";"24.893";"19.914";"29.872";"76.935";"124";"47.065";"0";"0";"true"
"2026-08-04";"DRNK-008";"Kombucha - Ginger Lemon 330ml";"DRNK";"ea";"24.786";"19.829";"29.743";"76.597";"124";"47.403";"0";"0";"true"
"2026-08-04";"DRNK-009";"Kombucha - Lemon Lime Mint 330ml";"DRNK";"ea";"24.607";"19.686";"29.528";"76.056";"123";"46.944";"0";"0";"true"
"2026-08-04";"DRNK-010";"Kombucha - Peach 330ml";"DRNK";"ea";"25.036";"20.029";"30.043";"77.362";"125";"47.638";"0";"0";"true"
"2026-08-04";"DRNK-011";"Kombucha - Raspberry Lemonade 330ml";"DRNK";"ea";"24.892";"19.914";"29.87";"76.94";"124";"47.06";"0";"0";"true"
"2026-08-04";"DRNK-012";"Sodaly - Passionfruit 330ml";"DRNK";"ea";"25.108";"20.086";"30.13";"77.59";"126";"48.41";"0";"0";"true"
"2026-08-04";"DRNK-013";"Sodaly - Guava 330ml";"DRNK";"ea";"24.929";"19.943";"29.915";"77.026";"125";"47.974";"0";"0";"true"
"2026-08-04";"DRNK-014";"Sodaly - Raspberry 330ml";"DRNK";"ea";"25.322";"20.258";"30.386";"78.258";"127";"48.742";"0";"0";"true"
"2026-08-04";"DRNK-015";"Sparkling water 500ml";"DRNK";"ea";"37.929";"30.343";"45.515";"117.213";"190";"72.787";"0";"0";"true"
"2026-08-04";"DRNK-016";"Specialty soda - Gingerella 330ml";"DRNK";"ea";"24.643";"19.714";"29.572";"76.155";"123";"46.845";"0";"0";"true"
"2026-08-04";"DRNK-017";"Specialty soda - Karma Cola 330ml";"DRNK";"ea";"24.929";"19.943";"29.915";"77.034";"125";"47.966";"0";"0";"true"
"2026-08-04";"DRNK-018";"Specialty soda - Lemmy 330ml";"DRNK";"ea";"24.678";"19.742";"29.614";"76.27";"123";"46.73";"0";"0";"true"
"2026-08-04";"DRNK-019";"Still water 600ml";"DRNK";"ea";"45.107";"36.086";"54.128";"139.397";"226";"86.603";"0";"0";"true"
"2026-08-04";"GARN-001";"Edamame";"GARN";"cup";"85.806";"68.645";"102.968";"265.598";"429.032";"99.079";"64.355";"0";"true"
"2026-08-04";"GARN-002";"Pickled ginger";"GARN";"g";"3016.051";"2412.841";"3619.261";"9335.674";"15080";"3482.326";"2262";"0";"true"
"2026-08-04";"GARN-003";"Crispy shallots";"GARN";"spoon";"161.955";"129.564";"194.346";"501.334";"3401";"2899.666";"0";"0";"true"
"2026-08-04";"GARN-004";"Nori strips";"GARN";"g";"386.146";"308.917";"463.375";"1195.34";"8109";"6913.66";"0";"0";"true"
"2026-08-04";"GARN-005";"Nori sheet";"GARN";"ea";"34";"27.2";"40.8";"105.24";"714";"608.76";"0";"0";"true"
"2026-08-04";"GARN-006";"63-degree egg";"GARN";"ea";"38.534";"30.827";"46.24";"119.264";"193";"44.736";"29";"0";"true"
"2026-08-04";"GARN-007";"Half-boiled egg";"GARN";"ea";"67.707";"54.166";"81.249";"209.243";"339";"79.007";"50.75";"0";"true"
"2026-08-04";"GARN-008";"Tamagoyaki";"GARN";"ea";"72.864";"58.291";"87.437";"225.492";"364";"84.008";"54.5";"0";"true"
"2026-08-04";"GARN-009";"Lemon wedge";"GARN";"ea";"70.678";"56.542";"84.814";"218.727";"353";"81.273";"53";"0";"true"
"2026-08-04";"GARN-010";"Avocado";"GARN";"g";"3980.853";"3184.683";"4777.024";"12321.973";"19905";"4597.277";"2985.75";"0";"true"
"2026-08-04";"GARN-011";"Pineapple";"GARN";"g";"1400.85";"1120.68";"1681.02";"4335.975";"7004";"1617.525";"1050.5";"0";"true"
"2026-08-04";"GARN-012";"Cucumber slice";"GARN";"slice";"202.331";"161.864";"242.797";"625.248";"1012";"235.002";"151.75";"0";"true"
"2026-08-04";"GARN-013";"Crushed walnuts";"GARN";"ea";"196.137";"156.909";"235.364";"606.108";"4119";"3512.892";"0";"0";"true"
"2026-08-04";"GARN-014";"Assorted topping (kimchi / corn / edamame / nori)";"GARN";"cup";"110.586";"88.469";"132.703";"342.302";"2322.317";"1980.015";"0";"0";"true"
"2026-08-04";"LEAF-001";"Mixed leaf salad";"LEAF";"g";"29205.592";"23364.473";"35046.71";"90400.372";"146029";"33724.378";"21904.25";"0";"true"
"2026-08-04";"LEAF-002";"Baby spinach";"LEAF";"g";"1155.787";"924.63";"1386.945";"3577.926";"5779";"1334.324";"866.75";"0";"true"
"2026-08-04";"LEAF-003";"Kale";"LEAF";"g";"1186.111";"948.889";"1423.333";"3672.3";"5931";"1368.95";"889.75";"0";"true"
"2026-08-04";"LEAF-004";"Classic slaw";"LEAF";"g";"4552.437";"3641.949";"5462.924";"14068.089";"22762";"5279.661";"3414.25";"0";"true"
"2026-08-04";"MISC-001";"Miso paste (pre-packaged)";"MISC";"pack";"20.107";"16.086";"24.128";"62.151";"101";"38.849";"0";"0";"true"
"2026-08-04";"MISC-002";"Water";"MISC";"ml";"10812.5";"8650";"12975";"33417.25";"227063";"193645.75";"0";"0";"true"
"2026-08-04";"MISC-003";"Fresh ginger";"MISC";"matchsticks";"81.681";"65.345";"98.017";"252.416";"408";"155.584";"0";"0";"true"
"2026-08-04";"MISC-004";"Yuzu jam";"MISC";"g";"1180.765";"944.612";"1416.918";"3648.878";"5904";"2255.122";"0";"0";"true"
"2026-08-04";"PROT-001";"Seared chicken";"PROT";"g";"6265.984";"5012.787";"7519.181";"19393.063";"31330";"7237.437";"4699.5";"0";"true"
"2026-08-04";"PROT-002";"Sous-vide chicken";"PROT";"g";"3466.29";"2773.032";"4159.548";"10726.646";"17332";"4005.604";"2599.75";"0";"true"
"2026-08-04";"PROT-003";"Karaage chicken";"PROT";"g";"15787.189";"12629.751";"18944.627";"48840.761";"189445";"140604.239";"0";"0";"true"
"2026-08-04";"PROT-004";"Flame-seared wagyu";"PROT";"g";"4930.969";"3944.775";"5917.163";"15262.892";"24655";"5693.858";"3698.25";"0";"true"
"2026-08-04";"PROT-005";"Aburi salmon";"PROT";"g";"11156.898";"8925.518";"13388.278";"34514.844";"55785";"12902.406";"8367.75";"0";"true"
"2026-08-04";"PROT-006";"Sashimi salmon";"PROT";"g";"7010.617";"5608.494";"8412.74";"21699.303";"35053";"8095.697";"5258";"0";"true"
"2026-08-04";"PROT-007";"Sashimi tuna";"PROT";"g";"5516.587";"4413.27";"6619.905";"17074.841";"27583";"6370.659";"4137.5";"0";"true"
"2026-08-04";"PROT-008";"Tiger prawns";"PROT";"g";"2762.267";"2209.813";"3314.72";"8549.302";"33148";"24598.698";"0";"0";"true"
"2026-08-04";"PROT-009";"Pan-seared tofu";"PROT";"g";"9364.978";"7491.983";"11237.974";"28964.536";"46825";"10836.714";"7023.75";"0";"true"
"2026-08-04";"PROT-010";"Miso beet falafel";"PROT";"ea";"389.01";"311.208";"466.812";"1203.781";"4668";"3464.219";"0";"0";"true"
"2026-08-04";"PROT-011";"Crispy eggplant";"PROT";"g";"8716.001";"6972.801";"10459.201";"26976.934";"104592";"77615.066";"0";"0";"true"
"2026-08-04";"SAUC-001";"Teriyaki sauce";"SAUC";"g";"4593.196";"3674.557";"5511.835";"14218.433";"22966";"8747.567";"0";"0";"true"
"2026-08-04";"SAUC-002";"Japanese mayo";"SAUC";"g";"333.588";"266.87";"400.305";"1032.454";"1668";"635.546";"0";"0";"true"
"2026-08-04";"SAUC-003";"Spicy mayo";"SAUC";"g";"1675.959";"1340.767";"2011.15";"5187.526";"8380";"3192.474";"0";"0";"true"
"2026-08-04";"SAUC-004";"Sweet miso sauce";"SAUC";"g";"1817.773";"1454.219";"2181.328";"5622.979";"9089";"3466.021";"0";"0";"true"
"2026-08-04";"SAUC-005";"Shoyu";"SAUC";"g";"1239.691";"991.753";"1487.629";"3837.783";"6198";"2360.217";"0";"0";"true"
"2026-08-04";"SAUC-006";"Creamy roasted sesame";"SAUC";"g";"3440.938";"2752.75";"4129.126";"10639.778";"17205";"6565.222";"0";"0";"true"
"2026-08-04";"SAUC-007";"Yuzu kosho mayo";"SAUC";"g";"3556.691";"2845.353";"4268.029";"11003.144";"17784";"6780.856";"0";"0";"true"
"2026-08-04";"SAUC-008";"Bao sauce";"SAUC";"g";"1146.881";"917.505";"1376.258";"3543.732";"5735";"2191.268";"0";"0";"true"
"2026-08-04";"SAUC-009";"Warm cashew satay";"SAUC";"g";"983.041";"786.433";"1179.649";"3037.485";"4915";"1877.515";"0";"0";"true"
"2026-08-04";"SAUC-010";"Assorted sauce";"SAUC";"g";"12990.061";"10392.049";"15588.074";"40208.853";"64951";"24742.147";"0";"0";"true"
"2026-08-04";"SEAS-001";"Aonori seasoning";"SEAS";"g";"333.57";"266.856";"400.284";"1031.44";"7005";"5973.56";"0";"0";"true"
"2026-08-04";"SEAS-002";"Furikake";"SEAS";"g";"132.286";"105.829";"158.743";"409.158";"2778";"2368.842";"0";"0";"true"
"2026-08-04";"SEAS-003";"Cinnamon";"SEAS";"dash";"23.143";"18.514";"27.772";"71.518";"486";"414.482";"0";"0";"true"
"2026-08-04";"SNCK-001";"Raw ball - Peanut Butter";"SNCK";"ea";"3.785";"3.028";"4.542";"11.692";"80";"68.308";"0";"0";"true"
"2026-08-04";"SNCK-002";"Raw ball - Choc Brownie";"SNCK";"ea";"3.679";"2.943";"4.415";"11.364";"77";"65.636";"0";"0";"true"
"2026-08-04";"SNCK-003";"Raw ball - Coconut Cacao";"SNCK";"ea";"3.714";"2.971";"4.457";"11.474";"78";"66.526";"0";"0";"true"
"2026-08-04";"SNCK-004";"Raw ball - Hazelnut";"SNCK";"ea";"3.679";"2.943";"4.415";"11.371";"77";"65.629";"0";"0";"true"
"2026-08-04";"SNCK-005";"Raw ball - Apricot Delight";"SNCK";"ea";"3.786";"3.029";"4.543";"11.698";"80";"68.302";"0";"0";"true"
"2026-08-05";"BASE-001";"Cooked jasmine rice";"BASE";"g";"139249.467";"111399.573";"167099.36";"570196.981";"696249";"21614.769";"104437.25";"0";"true"
"2026-08-05";"BASE-002";"Cooked brown rice";"BASE";"g";"6224.49";"4979.592";"7469.388";"25496.275";"31122";"957.475";"4668.25";"0";"true"
"2026-08-05";"BASE-003";"Turmeric coconut rice";"BASE";"g";"13959.388";"11167.51";"16751.265";"57169.898";"69798";"2158.352";"10469.75";"0";"true"
"2026-08-05";"DRNK-001";"Coconut water 330ml";"DRNK";"ea";"24.393";"19.514";"29.272";"99.768";"122";"22.232";"0";"0";"true"
"2026-08-05";"DRNK-002";"Cold pressed juice - Watermelon Lime 300ml";"DRNK";"ea";"22.643";"18.114";"27.172";"92.616";"113";"20.384";"0";"0";"true"
"2026-08-05";"DRNK-003";"Cold pressed juice - Classic OJ 300ml";"DRNK";"ea";"22.822";"18.258";"27.386";"93.34";"114";"20.66";"0";"0";"true"
"2026-08-05";"DRNK-004";"Cold pressed juice - Pineapple Mint 300ml";"DRNK";"ea";"22.5";"18";"27";"92.016";"113";"20.984";"0";"0";"true"
"2026-08-05";"DRNK-005";"Dash sparkling water - Lime 330ml";"DRNK";"ea";"25";"20";"30";"102.276";"125";"22.724";"0";"0";"true"
"2026-08-05";"DRNK-006";"Dash sparkling water - Raspberry 330ml";"DRNK";"ea";"24.857";"19.886";"29.828";"101.67";"124";"22.33";"0";"0";"true"
"2026-08-05";"DRNK-007";"Dash sparkling water - Peach 330ml";"DRNK";"ea";"24.893";"19.914";"29.872";"101.828";"124";"22.172";"0";"0";"true"
"2026-08-05";"DRNK-008";"Kombucha - Ginger Lemon 330ml";"DRNK";"ea";"24.786";"19.829";"29.743";"101.383";"124";"22.617";"0";"0";"true"
"2026-08-05";"DRNK-009";"Kombucha - Lemon Lime Mint 330ml";"DRNK";"ea";"24.607";"19.686";"29.528";"100.663";"123";"22.337";"0";"0";"true"
"2026-08-05";"DRNK-010";"Kombucha - Peach 330ml";"DRNK";"ea";"25.036";"20.029";"30.043";"102.398";"125";"22.602";"0";"0";"true"
"2026-08-05";"DRNK-011";"Kombucha - Raspberry Lemonade 330ml";"DRNK";"ea";"24.892";"19.914";"29.87";"101.832";"124";"22.168";"0";"0";"true"
"2026-08-05";"DRNK-012";"Sodaly - Passionfruit 330ml";"DRNK";"ea";"25.108";"20.086";"30.13";"102.698";"126";"23.302";"0";"0";"true"
"2026-08-05";"DRNK-013";"Sodaly - Guava 330ml";"DRNK";"ea";"24.929";"19.943";"29.915";"101.955";"125";"23.045";"0";"0";"true"
"2026-08-05";"DRNK-014";"Sodaly - Raspberry 330ml";"DRNK";"ea";"25.322";"20.258";"30.386";"103.58";"127";"23.42";"0";"0";"true"
"2026-08-05";"DRNK-015";"Sparkling water 500ml";"DRNK";"ea";"37.929";"30.343";"45.515";"155.142";"190";"34.858";"0";"0";"true"
"2026-08-05";"DRNK-016";"Specialty soda - Gingerella 330ml";"DRNK";"ea";"24.643";"19.714";"29.572";"100.798";"123";"22.202";"0";"0";"true"
"2026-08-05";"DRNK-017";"Specialty soda - Karma Cola 330ml";"DRNK";"ea";"24.929";"19.943";"29.915";"101.963";"125";"23.037";"0";"0";"true"
"2026-08-05";"DRNK-018";"Specialty soda - Lemmy 330ml";"DRNK";"ea";"24.678";"19.742";"29.614";"100.948";"123";"22.052";"0";"0";"true"
"2026-08-05";"DRNK-019";"Still water 600ml";"DRNK";"ea";"45.107";"36.086";"54.128";"184.504";"226";"41.496";"0";"0";"true"
"2026-08-05";"GARN-001";"Edamame";"GARN";"cup";"85.806";"68.645";"102.968";"351.405";"429.032";"13.272";"64.355";"0";"true"
"2026-08-05";"GARN-002";"Pickled ginger";"GARN";"g";"3016.051";"2412.841";"3619.261";"12351.725";"15080";"466.275";"2262";"0";"true"
"2026-08-05";"GARN-003";"Crispy shallots";"GARN";"spoon";"161.955";"129.564";"194.346";"663.289";"3401";"2737.711";"0";"0";"true"
"2026-08-05";"GARN-004";"Nori strips";"GARN";"g";"386.146";"308.917";"463.375";"1581.486";"8109";"6527.514";"0";"0";"true"
"2026-08-05";"GARN-005";"Nori sheet";"GARN";"ea";"34";"27.2";"40.8";"139.24";"714";"574.76";"0";"0";"true"
"2026-08-05";"GARN-006";"63-degree egg";"GARN";"ea";"38.534";"30.827";"46.24";"157.798";"193";"6.202";"29";"0";"true"
"2026-08-05";"GARN-007";"Half-boiled egg";"GARN";"ea";"67.707";"54.166";"81.249";"276.951";"339";"11.299";"50.75";"0";"true"
"2026-08-05";"GARN-008";"Tamagoyaki";"GARN";"ea";"72.864";"58.291";"87.437";"298.356";"364";"11.144";"54.5";"0";"true"
"2026-08-05";"GARN-009";"Lemon wedge";"GARN";"ea";"70.678";"56.542";"84.814";"289.405";"353";"10.595";"53";"0";"true"
"2026-08-05";"GARN-010";"Avocado";"GARN";"g";"3980.853";"3184.683";"4777.024";"16302.827";"19905";"616.423";"2985.75";"0";"true"
"2026-08-05";"GARN-011";"Pineapple";"GARN";"g";"1400.85";"1120.68";"1681.02";"5736.825";"7004";"216.675";"1050.5";"0";"true"
"2026-08-05";"GARN-012";"Cucumber slice";"GARN";"slice";"202.331";"161.864";"242.797";"827.579";"1012";"32.671";"151.75";"0";"true"
"2026-08-05";"GARN-013";"Crushed walnuts";"GARN";"ea";"196.137";"156.909";"235.364";"802.245";"4119";"3316.755";"0";"0";"true"
"2026-08-05";"GARN-014";"Assorted topping (kimchi / corn / edamame / nori)";"GARN";"cup";"110.586";"88.469";"132.703";"452.888";"2322.317";"1869.429";"0";"0";"true"
"2026-08-05";"LEAF-001";"Mixed leaf salad";"LEAF";"g";"29205.592";"23364.473";"35046.71";"119605.964";"146029";"4518.786";"21904.25";"0";"true"
"2026-08-05";"LEAF-002";"Baby spinach";"LEAF";"g";"1155.787";"924.63";"1386.945";"4733.713";"5779";"178.537";"866.75";"0";"true"
"2026-08-05";"LEAF-003";"Kale";"LEAF";"g";"1186.111";"948.889";"1423.333";"4858.411";"5931";"182.839";"889.75";"0";"true"
"2026-08-05";"LEAF-004";"Classic slaw";"LEAF";"g";"4552.437";"3641.949";"5462.924";"18620.526";"22762";"727.224";"3414.25";"0";"true"
"2026-08-05";"MISC-001";"Miso paste (pre-packaged)";"MISC";"pack";"20.107";"16.086";"24.128";"82.258";"101";"18.742";"0";"0";"true"
"2026-08-05";"MISC-002";"Water";"MISC";"ml";"10812.5";"8650";"12975";"44229.75";"227063";"182833.25";"0";"0";"true"
"2026-08-05";"MISC-003";"Fresh ginger";"MISC";"matchsticks";"81.681";"65.345";"98.017";"334.098";"408";"73.902";"0";"0";"true"
"2026-08-05";"MISC-004";"Yuzu jam";"MISC";"g";"1180.765";"944.612";"1416.918";"4829.643";"5904";"1074.357";"0";"0";"true"
"2026-08-05";"PROT-001";"Seared chicken";"PROT";"g";"6265.984";"5012.787";"7519.181";"25659.047";"31330";"971.453";"4699.5";"0";"true"
"2026-08-05";"PROT-002";"Sous-vide chicken";"PROT";"g";"3466.29";"2773.032";"4159.548";"14192.936";"17332";"539.314";"2599.75";"0";"true"
"2026-08-05";"PROT-003";"Karaage chicken";"PROT";"g";"15787.189";"12629.751";"18944.627";"64627.95";"189445";"124817.05";"0";"0";"true"
"2026-08-05";"PROT-004";"Flame-seared wagyu";"PROT";"g";"4930.969";"3944.775";"5917.163";"20193.861";"24655";"762.889";"3698.25";"0";"true"
"2026-08-05";"PROT-005";"Aburi salmon";"PROT";"g";"11156.898";"8925.518";"13388.278";"45671.742";"55785";"1745.508";"8367.75";"0";"true"
"2026-08-05";"PROT-006";"Sashimi salmon";"PROT";"g";"7010.617";"5608.494";"8412.74";"28709.92";"35053";"1085.08";"5258";"0";"true"
"2026-08-05";"PROT-007";"Sashimi tuna";"PROT";"g";"5516.587";"4413.27";"6619.905";"22591.429";"27583";"854.071";"4137.5";"0";"true"
"2026-08-05";"PROT-008";"Tiger prawns";"PROT";"g";"2762.267";"2209.813";"3314.72";"11311.569";"33148";"21836.431";"0";"0";"true"
"2026-08-05";"PROT-009";"Pan-seared tofu";"PROT";"g";"9364.978";"7491.983";"11237.974";"38329.515";"46825";"1471.735";"7023.75";"0";"true"
"2026-08-05";"PROT-010";"Miso beet falafel";"PROT";"ea";"389.01";"311.208";"466.812";"1592.791";"4668";"3075.209";"0";"0";"true"
"2026-08-05";"PROT-011";"Crispy eggplant";"PROT";"g";"8716.001";"6972.801";"10459.201";"35692.934";"104592";"68899.066";"0";"0";"true"
"2026-08-05";"SAUC-001";"Teriyaki sauce";"SAUC";"g";"4593.196";"3674.557";"5511.835";"18811.629";"22966";"4154.371";"0";"0";"true"
"2026-08-05";"SAUC-002";"Japanese mayo";"SAUC";"g";"333.588";"266.87";"400.305";"1366.041";"1668";"301.959";"0";"0";"true"
"2026-08-05";"SAUC-003";"Spicy mayo";"SAUC";"g";"1675.959";"1340.767";"2011.15";"6863.484";"8380";"1516.516";"0";"0";"true"
"2026-08-05";"SAUC-004";"Sweet miso sauce";"SAUC";"g";"1817.773";"1454.219";"2181.328";"7440.753";"9089";"1648.247";"0";"0";"true"
"2026-08-05";"SAUC-005";"Shoyu";"SAUC";"g";"1239.691";"991.753";"1487.629";"5077.474";"6198";"1120.526";"0";"0";"true"
"2026-08-05";"SAUC-006";"Creamy roasted sesame";"SAUC";"g";"3440.938";"2752.75";"4129.126";"14080.716";"17205";"3124.284";"0";"0";"true"
"2026-08-05";"SAUC-007";"Yuzu kosho mayo";"SAUC";"g";"3556.691";"2845.353";"4268.029";"14559.835";"17784";"3224.165";"0";"0";"true"
"2026-08-05";"SAUC-008";"Bao sauce";"SAUC";"g";"1146.881";"917.505";"1376.258";"4690.613";"5735";"1044.387";"0";"0";"true"
"2026-08-05";"SAUC-009";"Warm cashew satay";"SAUC";"g";"983.041";"786.433";"1179.649";"4020.526";"4915";"894.474";"0";"0";"true"
"2026-08-05";"SAUC-010";"Assorted sauce";"SAUC";"g";"12990.061";"10392.049";"15588.074";"53198.915";"64951";"11752.085";"0";"0";"true"
"2026-08-05";"SEAS-001";"Aonori seasoning";"SEAS";"g";"333.57";"266.856";"400.284";"1365.01";"7005";"5639.99";"0";"0";"true"
"2026-08-05";"SEAS-002";"Furikake";"SEAS";"g";"132.286";"105.829";"158.743";"541.444";"2778";"2236.556";"0";"0";"true"
"2026-08-05";"SEAS-003";"Cinnamon";"SEAS";"dash";"23.143";"18.514";"27.772";"94.661";"486";"391.339";"0";"0";"true"
"2026-08-05";"SNCK-001";"Raw ball - Peanut Butter";"SNCK";"ea";"3.785";"3.028";"4.542";"15.477";"80";"64.523";"0";"0";"true"
"2026-08-05";"SNCK-002";"Raw ball - Choc Brownie";"SNCK";"ea";"3.679";"2.943";"4.415";"15.043";"77";"61.957";"0";"0";"true"
"2026-08-05";"SNCK-003";"Raw ball - Coconut Cacao";"SNCK";"ea";"3.714";"2.971";"4.457";"15.188";"78";"62.812";"0";"0";"true"
"2026-08-05";"SNCK-004";"Raw ball - Hazelnut";"SNCK";"ea";"3.679";"2.943";"4.415";"15.05";"77";"61.95";"0";"0";"true"
"2026-08-05";"SNCK-005";"Raw ball - Apricot Delight";"SNCK";"ea";"3.786";"3.029";"4.543";"15.484";"80";"64.516";"0";"0";"true"
"2026-08-06";"BASE-001";"Cooked jasmine rice";"BASE";"g";"139249.467";"111399.573";"167099.36";"709446.448";"696249";"0";"174062.25";"187259.698";"true"
"2026-08-06";"BASE-002";"Cooked brown rice";"BASE";"g";"6224.49";"4979.592";"7469.388";"31720.765";"31122";"0";"7780.5";"8379.265";"true"
"2026-08-06";"BASE-003";"Turmeric coconut rice";"BASE";"g";"13959.388";"11167.51";"16751.265";"71129.286";"69798";"0";"17449.5";"18780.786";"true"
"2026-08-06";"DRNK-001";"Coconut water 330ml";"DRNK";"ea";"24.393";"19.514";"29.272";"124.161";"122";"0";"0";"2.161";"true"
"2026-08-06";"DRNK-002";"Cold pressed juice - Watermelon Lime 300ml";"DRNK";"ea";"22.643";"18.114";"27.172";"115.259";"113";"0";"0";"2.259";"true"
"2026-08-06";"DRNK-003";"Cold pressed juice - Classic OJ 300ml";"DRNK";"ea";"22.822";"18.258";"27.386";"116.162";"114";"0";"0";"2.162";"true"
"2026-08-06";"DRNK-004";"Cold pressed juice - Pineapple Mint 300ml";"DRNK";"ea";"22.5";"18";"27";"114.516";"113";"0";"0";"1.516";"true"
"2026-08-06";"DRNK-005";"Dash sparkling water - Lime 330ml";"DRNK";"ea";"25";"20";"30";"127.276";"125";"0";"0";"2.276";"true"
"2026-08-06";"DRNK-006";"Dash sparkling water - Raspberry 330ml";"DRNK";"ea";"24.857";"19.886";"29.828";"126.527";"124";"0";"0";"2.527";"true"
"2026-08-06";"DRNK-007";"Dash sparkling water - Peach 330ml";"DRNK";"ea";"24.893";"19.914";"29.872";"126.721";"124";"0";"0";"2.721";"true"
"2026-08-06";"DRNK-008";"Kombucha - Ginger Lemon 330ml";"DRNK";"ea";"24.786";"19.829";"29.743";"126.169";"124";"0";"0";"2.169";"true"
"2026-08-06";"DRNK-009";"Kombucha - Lemon Lime Mint 330ml";"DRNK";"ea";"24.607";"19.686";"29.528";"125.27";"123";"0";"0";"2.27";"true"
"2026-08-06";"DRNK-010";"Kombucha - Peach 330ml";"DRNK";"ea";"25.036";"20.029";"30.043";"127.434";"125";"0";"0";"2.434";"true"
"2026-08-06";"DRNK-011";"Kombucha - Raspberry Lemonade 330ml";"DRNK";"ea";"24.892";"19.914";"29.87";"126.724";"124";"0";"0";"2.724";"true"
"2026-08-06";"DRNK-012";"Sodaly - Passionfruit 330ml";"DRNK";"ea";"25.108";"20.086";"30.13";"127.806";"126";"0";"0";"1.806";"true"
"2026-08-06";"DRNK-013";"Sodaly - Guava 330ml";"DRNK";"ea";"24.929";"19.943";"29.915";"126.884";"125";"0";"0";"1.884";"true"
"2026-08-06";"DRNK-014";"Sodaly - Raspberry 330ml";"DRNK";"ea";"25.322";"20.258";"30.386";"128.902";"127";"0";"0";"1.902";"true"
"2026-08-06";"DRNK-015";"Sparkling water 500ml";"DRNK";"ea";"37.929";"30.343";"45.515";"193.071";"190";"0";"0";"3.071";"true"
"2026-08-06";"DRNK-016";"Specialty soda - Gingerella 330ml";"DRNK";"ea";"24.643";"19.714";"29.572";"125.441";"123";"0";"0";"2.441";"true"
"2026-08-06";"DRNK-017";"Specialty soda - Karma Cola 330ml";"DRNK";"ea";"24.929";"19.943";"29.915";"126.892";"125";"0";"0";"1.892";"true"
"2026-08-06";"DRNK-018";"Specialty soda - Lemmy 330ml";"DRNK";"ea";"24.678";"19.742";"29.614";"125.626";"123";"0";"0";"2.626";"true"
"2026-08-06";"DRNK-019";"Still water 600ml";"DRNK";"ea";"45.107";"36.086";"54.128";"229.611";"226";"0";"0";"3.611";"true"
"2026-08-06";"GARN-001";"Edamame";"GARN";"cup";"85.806";"68.645";"102.968";"437.211";"429.032";"0";"64.355";"72.534";"true"
"2026-08-06";"GARN-002";"Pickled ginger";"GARN";"g";"3016.051";"2412.841";"3619.261";"15367.776";"15080";"0";"2262";"2549.776";"true"
"2026-08-06";"GARN-003";"Crispy shallots";"GARN";"spoon";"161.955";"129.564";"194.346";"825.244";"3401";"2575.756";"0";"0";"true"
"2026-08-06";"GARN-004";"Nori strips";"GARN";"g";"386.146";"308.917";"463.375";"1967.632";"8109";"6141.368";"0";"0";"true"
"2026-08-06";"GARN-005";"Nori sheet";"GARN";"ea";"34";"27.2";"40.8";"173.24";"714";"540.76";"0";"0";"true"
"2026-08-06";"GARN-006";"63-degree egg";"GARN";"ea";"38.534";"30.827";"46.24";"196.332";"193";"0";"29";"32.332";"true"
"2026-08-06";"GARN-007";"Half-boiled egg";"GARN";"ea";"67.707";"54.166";"81.249";"344.658";"339";"0";"50.75";"56.408";"true"
"2026-08-06";"GARN-008";"Tamagoyaki";"GARN";"ea";"72.864";"58.291";"87.437";"371.22";"364";"0";"54.5";"61.72";"true"
"2026-08-06";"GARN-009";"Lemon wedge";"GARN";"ea";"70.678";"56.542";"84.814";"360.083";"353";"0";"53";"60.083";"true"
"2026-08-06";"GARN-010";"Avocado";"GARN";"g";"3980.853";"3184.683";"4777.024";"20283.68";"19905";"0";"2985.75";"3364.43";"true"
"2026-08-06";"GARN-011";"Pineapple";"GARN";"g";"1400.85";"1120.68";"1681.02";"7137.675";"7004";"0";"1050.5";"1184.175";"true"
"2026-08-06";"GARN-012";"Cucumber slice";"GARN";"slice";"202.331";"161.864";"242.797";"1029.909";"1012";"0";"151.75";"169.659";"true"
"2026-08-06";"GARN-013";"Crushed walnuts";"GARN";"ea";"196.137";"156.909";"235.364";"998.381";"4119";"3120.619";"0";"0";"true"
"2026-08-06";"GARN-014";"Assorted topping (kimchi / corn / edamame / nori)";"GARN";"cup";"110.586";"88.469";"132.703";"563.474";"2322.317";"1758.843";"0";"0";"true"
"2026-08-06";"LEAF-001";"Mixed leaf salad";"LEAF";"g";"29205.592";"23364.473";"35046.71";"148811.556";"146029";"0";"21904.25";"24686.806";"true"
"2026-08-06";"LEAF-002";"Baby spinach";"LEAF";"g";"1155.787";"924.63";"1386.945";"5889.5";"5779";"0";"866.75";"977.25";"true"
"2026-08-06";"LEAF-003";"Kale";"LEAF";"g";"1186.111";"948.889";"1423.333";"6044.522";"5931";"0";"889.75";"1003.272";"true"
"2026-08-06";"LEAF-004";"Classic slaw";"LEAF";"g";"4552.437";"3641.949";"5462.924";"23172.963";"22762";"0";"3414.25";"3825.213";"true"
"2026-08-06";"MISC-001";"Miso paste (pre-packaged)";"MISC";"pack";"20.107";"16.086";"24.128";"102.365";"101";"0";"0";"1.365";"true"
"2026-08-06";"MISC-002";"Water";"MISC";"ml";"10812.5";"8650";"12975";"55042.25";"227063";"172020.75";"0";"0";"true"
"2026-08-06";"MISC-003";"Fresh ginger";"MISC";"matchsticks";"81.681";"65.345";"98.017";"415.779";"408";"0";"0";"7.779";"true"
"2026-08-06";"MISC-004";"Yuzu jam";"MISC";"g";"1180.765";"944.612";"1416.918";"6010.408";"5904";"0";"0";"106.408";"true"
"2026-08-06";"PROT-001";"Seared chicken";"PROT";"g";"6265.984";"5012.787";"7519.181";"31925.031";"31330";"0";"7832.5";"8427.531";"true"
"2026-08-06";"PROT-002";"Sous-vide chicken";"PROT";"g";"3466.29";"2773.032";"4159.548";"17659.226";"17332";"0";"4333";"4660.226";"true"
"2026-08-06";"PROT-003";"Karaage chicken";"PROT";"g";"15787.189";"12629.751";"18944.627";"80415.139";"189445";"109029.861";"0";"0";"true"
"2026-08-06";"PROT-004";"Flame-seared wagyu";"PROT";"g";"4930.969";"3944.775";"5917.163";"25124.83";"24655";"0";"6163.75";"6633.58";"true"
"2026-08-06";"PROT-005";"Aburi salmon";"PROT";"g";"11156.898";"8925.518";"13388.278";"56828.64";"55785";"0";"13946.25";"14989.89";"true"
"2026-08-06";"PROT-006";"Sashimi salmon";"PROT";"g";"7010.617";"5608.494";"8412.74";"35720.536";"35053";"0";"8763.25";"9430.786";"true"
"2026-08-06";"PROT-007";"Sashimi tuna";"PROT";"g";"5516.587";"4413.27";"6619.905";"28108.016";"27583";"0";"6895.75";"7420.766";"true"
"2026-08-06";"PROT-008";"Tiger prawns";"PROT";"g";"2762.267";"2209.813";"3314.72";"14073.836";"33148";"19074.164";"0";"0";"true"
"2026-08-06";"PROT-009";"Pan-seared tofu";"PROT";"g";"9364.978";"7491.983";"11237.974";"47694.493";"46825";"0";"11706.25";"12575.743";"true"
"2026-08-06";"PROT-010";"Miso beet falafel";"PROT";"ea";"389.01";"311.208";"466.812";"1981.801";"4668";"2686.199";"0";"0";"true"
"2026-08-06";"PROT-011";"Crispy eggplant";"PROT";"g";"8716.001";"6972.801";"10459.201";"44408.935";"104592";"60183.065";"0";"0";"true"
"2026-08-06";"SAUC-001";"Teriyaki sauce";"SAUC";"g";"4593.196";"3674.557";"5511.835";"23404.825";"22966";"0";"0";"438.825";"true"
"2026-08-06";"SAUC-002";"Japanese mayo";"SAUC";"g";"333.588";"266.87";"400.305";"1699.629";"1668";"0";"0";"31.629";"true"
"2026-08-06";"SAUC-003";"Spicy mayo";"SAUC";"g";"1675.959";"1340.767";"2011.15";"8539.443";"8380";"0";"0";"159.443";"true"
"2026-08-06";"SAUC-004";"Sweet miso sauce";"SAUC";"g";"1817.773";"1454.219";"2181.328";"9258.526";"9089";"0";"0";"169.526";"true"
"2026-08-06";"SAUC-005";"Shoyu";"SAUC";"g";"1239.691";"991.753";"1487.629";"6317.165";"6198";"0";"0";"119.165";"true"
"2026-08-06";"SAUC-006";"Creamy roasted sesame";"SAUC";"g";"3440.938";"2752.75";"4129.126";"17521.655";"17205";"0";"0";"316.655";"true"
"2026-08-06";"SAUC-007";"Yuzu kosho mayo";"SAUC";"g";"3556.691";"2845.353";"4268.029";"18116.526";"17784";"0";"0";"332.526";"true"
"2026-08-06";"SAUC-008";"Bao sauce";"SAUC";"g";"1146.881";"917.505";"1376.258";"5837.495";"5735";"0";"0";"102.495";"true"
"2026-08-06";"SAUC-009";"Warm cashew satay";"SAUC";"g";"983.041";"786.433";"1179.649";"5003.567";"4915";"0";"0";"88.567";"true"
"2026-08-06";"SAUC-010";"Assorted sauce";"SAUC";"g";"12990.061";"10392.049";"15588.074";"66188.976";"64951";"0";"0";"1237.976";"true"
"2026-08-06";"SEAS-001";"Aonori seasoning";"SEAS";"g";"333.57";"266.856";"400.284";"1698.58";"7005";"5306.42";"0";"0";"true"
"2026-08-06";"SEAS-002";"Furikake";"SEAS";"g";"132.286";"105.829";"158.743";"673.73";"2778";"2104.27";"0";"0";"true"
"2026-08-06";"SEAS-003";"Cinnamon";"SEAS";"dash";"23.143";"18.514";"27.772";"117.804";"486";"368.196";"0";"0";"true"
"2026-08-06";"SNCK-001";"Raw ball - Peanut Butter";"SNCK";"ea";"3.785";"3.028";"4.542";"19.262";"80";"60.738";"0";"0";"true"
"2026-08-06";"SNCK-002";"Raw ball - Choc Brownie";"SNCK";"ea";"3.679";"2.943";"4.415";"18.722";"77";"58.278";"0";"0";"true"
"2026-08-06";"SNCK-003";"Raw ball - Coconut Cacao";"SNCK";"ea";"3.714";"2.971";"4.457";"18.902";"78";"59.098";"0";"0";"true"
"2026-08-06";"SNCK-004";"Raw ball - Hazelnut";"SNCK";"ea";"3.679";"2.943";"4.415";"18.729";"77";"58.271";"0";"0";"true"
"2026-08-06";"SNCK-005";"Raw ball - Apricot Delight";"SNCK";"ea";"3.786";"3.029";"4.543";"19.27";"80";"60.73";"0";"0";"true"
"2026-08-07";"BASE-001";"Cooked jasmine rice";"BASE";"g";"139249.467";"111399.573";"167099.36";"848695.915";"696249";"0";"174062.25";"326509.165";"true"
"2026-08-07";"BASE-002";"Cooked brown rice";"BASE";"g";"6224.49";"4979.592";"7469.388";"37945.255";"31122";"0";"7780.5";"14603.755";"true"
"2026-08-07";"BASE-003";"Turmeric coconut rice";"BASE";"g";"13959.388";"11167.51";"16751.265";"85088.673";"69798";"0";"17449.5";"32740.173";"true"
"2026-08-07";"DRNK-001";"Coconut water 330ml";"DRNK";"ea";"24.393";"19.514";"29.272";"148.554";"122";"0";"0";"26.554";"true"
"2026-08-07";"DRNK-002";"Cold pressed juice - Watermelon Lime 300ml";"DRNK";"ea";"22.643";"18.114";"27.172";"137.902";"113";"0";"0";"24.902";"true"
"2026-08-07";"DRNK-003";"Cold pressed juice - Classic OJ 300ml";"DRNK";"ea";"22.822";"18.258";"27.386";"138.984";"114";"0";"0";"24.984";"true"
"2026-08-07";"DRNK-004";"Cold pressed juice - Pineapple Mint 300ml";"DRNK";"ea";"22.5";"18";"27";"137.016";"113";"0";"0";"24.016";"true"
"2026-08-07";"DRNK-005";"Dash sparkling water - Lime 330ml";"DRNK";"ea";"25";"20";"30";"152.276";"125";"0";"0";"27.276";"true"
"2026-08-07";"DRNK-006";"Dash sparkling water - Raspberry 330ml";"DRNK";"ea";"24.857";"19.886";"29.828";"151.384";"124";"0";"0";"27.384";"true"
"2026-08-07";"DRNK-007";"Dash sparkling water - Peach 330ml";"DRNK";"ea";"24.893";"19.914";"29.872";"151.614";"124";"0";"0";"27.614";"true"
"2026-08-07";"DRNK-008";"Kombucha - Ginger Lemon 330ml";"DRNK";"ea";"24.786";"19.829";"29.743";"150.955";"124";"0";"0";"26.955";"true"
"2026-08-07";"DRNK-009";"Kombucha - Lemon Lime Mint 330ml";"DRNK";"ea";"24.607";"19.686";"29.528";"149.877";"123";"0";"0";"26.877";"true"
"2026-08-07";"DRNK-010";"Kombucha - Peach 330ml";"DRNK";"ea";"25.036";"20.029";"30.043";"152.47";"125";"0";"0";"27.47";"true"
"2026-08-07";"DRNK-011";"Kombucha - Raspberry Lemonade 330ml";"DRNK";"ea";"24.892";"19.914";"29.87";"151.616";"124";"0";"0";"27.616";"true"
"2026-08-07";"DRNK-012";"Sodaly - Passionfruit 330ml";"DRNK";"ea";"25.108";"20.086";"30.13";"152.914";"126";"0";"0";"26.914";"true"
"2026-08-07";"DRNK-013";"Sodaly - Guava 330ml";"DRNK";"ea";"24.929";"19.943";"29.915";"151.813";"125";"0";"0";"26.813";"true"
"2026-08-07";"DRNK-014";"Sodaly - Raspberry 330ml";"DRNK";"ea";"25.322";"20.258";"30.386";"154.224";"127";"0";"0";"27.224";"true"
"2026-08-07";"DRNK-015";"Sparkling water 500ml";"DRNK";"ea";"37.929";"30.343";"45.515";"231";"190";"0";"0";"41";"true"
"2026-08-07";"DRNK-016";"Specialty soda - Gingerella 330ml";"DRNK";"ea";"24.643";"19.714";"29.572";"150.084";"123";"0";"0";"27.084";"true"
"2026-08-07";"DRNK-017";"Specialty soda - Karma Cola 330ml";"DRNK";"ea";"24.929";"19.943";"29.915";"151.821";"125";"0";"0";"26.821";"true"
"2026-08-07";"DRNK-018";"Specialty soda - Lemmy 330ml";"DRNK";"ea";"24.678";"19.742";"29.614";"150.304";"123";"0";"0";"27.304";"true"
"2026-08-07";"DRNK-019";"Still water 600ml";"DRNK";"ea";"45.107";"36.086";"54.128";"274.718";"226";"0";"0";"48.718";"true"
"2026-08-07";"GARN-001";"Edamame";"GARN";"cup";"85.806";"68.645";"102.968";"523.018";"429.032";"0";"64.355";"158.341";"true"
"2026-08-07";"GARN-002";"Pickled ginger";"GARN";"g";"3016.051";"2412.841";"3619.261";"18383.827";"15080";"0";"2262";"5565.827";"true"
"2026-08-07";"GARN-003";"Crispy shallots";"GARN";"spoon";"161.955";"129.564";"194.346";"987.199";"3401";"2413.801";"0";"0";"true"
"2026-08-07";"GARN-004";"Nori strips";"GARN";"g";"386.146";"308.917";"463.375";"2353.778";"8109";"5755.222";"0";"0";"true"
"2026-08-07";"GARN-005";"Nori sheet";"GARN";"ea";"34";"27.2";"40.8";"207.24";"714";"506.76";"0";"0";"true"
"2026-08-07";"GARN-006";"63-degree egg";"GARN";"ea";"38.534";"30.827";"46.24";"234.865";"193";"0";"29";"70.865";"true"
"2026-08-07";"GARN-007";"Half-boiled egg";"GARN";"ea";"67.707";"54.166";"81.249";"412.365";"339";"0";"50.75";"124.115";"true"
"2026-08-07";"GARN-008";"Tamagoyaki";"GARN";"ea";"72.864";"58.291";"87.437";"444.084";"364";"0";"54.5";"134.584";"true"
"2026-08-07";"GARN-009";"Lemon wedge";"GARN";"ea";"70.678";"56.542";"84.814";"430.761";"353";"0";"53";"130.761";"true"
"2026-08-07";"GARN-010";"Avocado";"GARN";"g";"3980.853";"3184.683";"4777.024";"24264.533";"19905";"0";"2985.75";"7345.283";"true"
"2026-08-07";"GARN-011";"Pineapple";"GARN";"g";"1400.85";"1120.68";"1681.02";"8538.525";"7004";"0";"1050.5";"2585.025";"true"
"2026-08-07";"GARN-012";"Cucumber slice";"GARN";"slice";"202.331";"161.864";"242.797";"1232.24";"1012";"0";"151.75";"371.99";"true"
"2026-08-07";"GARN-013";"Crushed walnuts";"GARN";"ea";"196.137";"156.909";"235.364";"1194.518";"4119";"2924.482";"0";"0";"true"
"2026-08-07";"GARN-014";"Assorted topping (kimchi / corn / edamame / nori)";"GARN";"cup";"110.586";"88.469";"132.703";"674.06";"2322.317";"1648.257";"0";"0";"true"
"2026-08-07";"LEAF-001";"Mixed leaf salad";"LEAF";"g";"29205.592";"23364.473";"35046.71";"178017.147";"146029";"0";"36507.25";"68495.397";"true"
"2026-08-07";"LEAF-002";"Baby spinach";"LEAF";"g";"1155.787";"924.63";"1386.945";"7045.287";"5779";"0";"1444.75";"2711.037";"true"
"2026-08-07";"LEAF-003";"Kale";"LEAF";"g";"1186.111";"948.889";"1423.333";"7230.633";"5931";"0";"1482.75";"2782.383";"true"
"2026-08-07";"LEAF-004";"Classic slaw";"LEAF";"g";"4552.437";"3641.949";"5462.924";"27725.4";"22762";"0";"5690.5";"10653.9";"true"
"2026-08-07";"MISC-001";"Miso paste (pre-packaged)";"MISC";"pack";"20.107";"16.086";"24.128";"122.472";"101";"0";"0";"21.472";"true"
"2026-08-07";"MISC-002";"Water";"MISC";"ml";"10812.5";"8650";"12975";"65854.75";"227063";"161208.25";"0";"0";"true"
"2026-08-07";"MISC-003";"Fresh ginger";"MISC";"matchsticks";"81.681";"65.345";"98.017";"497.46";"408";"0";"0";"89.46";"true"
"2026-08-07";"MISC-004";"Yuzu jam";"MISC";"g";"1180.765";"944.612";"1416.918";"7191.173";"5904";"0";"0";"1287.173";"true"
"2026-08-07";"PROT-001";"Seared chicken";"PROT";"g";"6265.984";"5012.787";"7519.181";"38191.015";"31330";"0";"7832.5";"14693.515";"true"
"2026-08-07";"PROT-002";"Sous-vide chicken";"PROT";"g";"3466.29";"2773.032";"4159.548";"21125.517";"17332";"0";"4333";"8126.517";"true"
"2026-08-07";"PROT-003";"Karaage chicken";"PROT";"g";"15787.189";"12629.751";"18944.627";"96202.329";"189445";"93242.671";"0";"0";"true"
"2026-08-07";"PROT-004";"Flame-seared wagyu";"PROT";"g";"4930.969";"3944.775";"5917.163";"30055.799";"24655";"0";"6163.75";"11564.549";"true"
"2026-08-07";"PROT-005";"Aburi salmon";"PROT";"g";"11156.898";"8925.518";"13388.278";"67985.538";"55785";"0";"13946.25";"26146.788";"true"
"2026-08-07";"PROT-006";"Sashimi salmon";"PROT";"g";"7010.617";"5608.494";"8412.74";"42731.153";"35053";"0";"8763.25";"16441.403";"true"
"2026-08-07";"PROT-007";"Sashimi tuna";"PROT";"g";"5516.587";"4413.27";"6619.905";"33624.604";"27583";"0";"6895.75";"12937.354";"true"
"2026-08-07";"PROT-008";"Tiger prawns";"PROT";"g";"2762.267";"2209.813";"3314.72";"16836.102";"33148";"16311.898";"0";"0";"true"
"2026-08-07";"PROT-009";"Pan-seared tofu";"PROT";"g";"9364.978";"7491.983";"11237.974";"57059.472";"46825";"0";"11706.25";"21940.722";"true"
"2026-08-07";"PROT-010";"Miso beet falafel";"PROT";"ea";"389.01";"311.208";"466.812";"2370.812";"4668";"2297.188";"0";"0";"true"
"2026-08-07";"PROT-011";"Crispy eggplant";"PROT";"g";"8716.001";"6972.801";"10459.201";"53124.936";"104592";"51467.064";"0";"0";"true"
"2026-08-07";"SAUC-001";"Teriyaki sauce";"SAUC";"g";"4593.196";"3674.557";"5511.835";"27998.02";"22966";"0";"0";"5032.02";"true"
"2026-08-07";"SAUC-002";"Japanese mayo";"SAUC";"g";"333.588";"266.87";"400.305";"2033.216";"1668";"0";"0";"365.216";"true"
"2026-08-07";"SAUC-003";"Spicy mayo";"SAUC";"g";"1675.959";"1340.767";"2011.15";"10215.402";"8380";"0";"0";"1835.402";"true"
"2026-08-07";"SAUC-004";"Sweet miso sauce";"SAUC";"g";"1817.773";"1454.219";"2181.328";"11076.299";"9089";"0";"0";"1987.299";"true"
"2026-08-07";"SAUC-005";"Shoyu";"SAUC";"g";"1239.691";"991.753";"1487.629";"7556.856";"6198";"0";"0";"1358.856";"true"
"2026-08-07";"SAUC-006";"Creamy roasted sesame";"SAUC";"g";"3440.938";"2752.75";"4129.126";"20962.593";"17205";"0";"0";"3757.593";"true"
"2026-08-07";"SAUC-007";"Yuzu kosho mayo";"SAUC";"g";"3556.691";"2845.353";"4268.029";"21673.216";"17784";"0";"0";"3889.216";"true"
"2026-08-07";"SAUC-008";"Bao sauce";"SAUC";"g";"1146.881";"917.505";"1376.258";"6984.376";"5735";"0";"0";"1249.376";"true"
"2026-08-07";"SAUC-009";"Warm cashew satay";"SAUC";"g";"983.041";"786.433";"1179.649";"5986.608";"4915";"0";"0";"1071.608";"true"
"2026-08-07";"SAUC-010";"Assorted sauce";"SAUC";"g";"12990.061";"10392.049";"15588.074";"79179.038";"64951";"0";"0";"14228.038";"true"
"2026-08-07";"SEAS-001";"Aonori seasoning";"SEAS";"g";"333.57";"266.856";"400.284";"2032.15";"7005";"4972.85";"0";"0";"true"
"2026-08-07";"SEAS-002";"Furikake";"SEAS";"g";"132.286";"105.829";"158.743";"806.016";"2778";"1971.984";"0";"0";"true"
"2026-08-07";"SEAS-003";"Cinnamon";"SEAS";"dash";"23.143";"18.514";"27.772";"140.947";"486";"345.053";"0";"0";"true"
"2026-08-07";"SNCK-001";"Raw ball - Peanut Butter";"SNCK";"ea";"3.785";"3.028";"4.542";"23.047";"80";"56.953";"0";"0";"true"
"2026-08-07";"SNCK-002";"Raw ball - Choc Brownie";"SNCK";"ea";"3.679";"2.943";"4.415";"22.401";"77";"54.599";"0";"0";"true"
"2026-08-07";"SNCK-003";"Raw ball - Coconut Cacao";"SNCK";"ea";"3.714";"2.971";"4.457";"22.616";"78";"55.384";"0";"0";"true"
"2026-08-07";"SNCK-004";"Raw ball - Hazelnut";"SNCK";"ea";"3.679";"2.943";"4.415";"22.408";"77";"54.592";"0";"0";"true"
"2026-08-07";"SNCK-005";"Raw ball - Apricot Delight";"SNCK";"ea";"3.786";"3.029";"4.543";"23.056";"80";"56.944";"0";"0";"true"
"2026-08-08";"BASE-001";"Cooked jasmine rice";"BASE";"g";"156064.632";"124851.706";"187277.558";"1004760.547";"696249";"0";"174062.25";"482573.797";"true"
"2026-08-08";"BASE-002";"Cooked brown rice";"BASE";"g";"6990.561";"5592.449";"8388.673";"44935.816";"31122";"0";"7780.5";"21594.316";"true"
"2026-08-08";"BASE-003";"Turmeric coconut rice";"BASE";"g";"15661.02";"12528.816";"18793.224";"100749.694";"69798";"0";"17449.5";"48401.194";"true"
"2026-08-08";"DRNK-001";"Coconut water 330ml";"DRNK";"ea";"27.136";"21.709";"32.563";"175.69";"122";"0";"0";"53.69";"true"
"2026-08-08";"DRNK-002";"Cold pressed juice - Watermelon Lime 300ml";"DRNK";"ea";"25.199";"20.159";"30.239";"163.101";"113";"0";"0";"50.101";"true"
"2026-08-08";"DRNK-003";"Cold pressed juice - Classic OJ 300ml";"DRNK";"ea";"25.384";"20.307";"30.461";"164.368";"114";"0";"0";"50.368";"true"
"2026-08-08";"DRNK-004";"Cold pressed juice - Pineapple Mint 300ml";"DRNK";"ea";"25.014";"20.011";"30.017";"162.03";"113";"0";"0";"49.03";"true"
"2026-08-08";"DRNK-005";"Dash sparkling water - Lime 330ml";"DRNK";"ea";"27.855";"22.284";"33.426";"180.131";"125";"0";"0";"55.131";"true"
"2026-08-08";"DRNK-006";"Dash sparkling water - Raspberry 330ml";"DRNK";"ea";"27.659";"22.127";"33.191";"179.043";"124";"0";"0";"55.043";"true"
"2026-08-08";"DRNK-007";"Dash sparkling water - Peach 330ml";"DRNK";"ea";"27.719";"22.175";"33.263";"179.333";"124";"0";"0";"55.333";"true"
"2026-08-08";"DRNK-008";"Kombucha - Ginger Lemon 330ml";"DRNK";"ea";"27.587";"22.07";"33.104";"178.542";"124";"0";"0";"54.542";"true"
"2026-08-08";"DRNK-009";"Kombucha - Lemon Lime Mint 330ml";"DRNK";"ea";"27.408";"21.926";"32.89";"177.285";"123";"0";"0";"54.285";"true"
"2026-08-08";"DRNK-010";"Kombucha - Peach 330ml";"DRNK";"ea";"27.852";"22.282";"33.422";"180.322";"125";"0";"0";"55.322";"true"
"2026-08-08";"DRNK-011";"Kombucha - Raspberry Lemonade 330ml";"DRNK";"ea";"27.73";"22.184";"33.276";"179.346";"124";"0";"0";"55.346";"true"
"2026-08-08";"DRNK-012";"Sodaly - Passionfruit 330ml";"DRNK";"ea";"27.942";"22.354";"33.53";"180.856";"126";"0";"0";"54.856";"true"
"2026-08-08";"DRNK-013";"Sodaly - Guava 330ml";"DRNK";"ea";"27.723";"22.178";"33.268";"179.536";"125";"0";"0";"54.536";"true"
"2026-08-08";"DRNK-014";"Sodaly - Raspberry 330ml";"DRNK";"ea";"28.192";"22.554";"33.83";"182.416";"127";"0";"0";"55.416";"true"
"2026-08-08";"DRNK-015";"Sparkling water 500ml";"DRNK";"ea";"42.214";"33.771";"50.657";"273.214";"190";"0";"0";"83.214";"true"
"2026-08-08";"DRNK-016";"Specialty soda - Gingerella 330ml";"DRNK";"ea";"27.427";"21.942";"32.912";"177.511";"123";"0";"0";"54.511";"true"
"2026-08-08";"DRNK-017";"Specialty soda - Karma Cola 330ml";"DRNK";"ea";"27.738";"22.19";"33.286";"179.559";"125";"0";"0";"54.559";"true"
"2026-08-08";"DRNK-018";"Specialty soda - Lemmy 330ml";"DRNK";"ea";"27.477";"21.982";"32.972";"177.781";"123";"0";"0";"54.781";"true"
"2026-08-08";"DRNK-019";"Still water 600ml";"DRNK";"ea";"50.205";"40.164";"60.246";"324.923";"226";"0";"0";"98.923";"true"
"2026-08-08";"GARN-001";"Edamame";"GARN";"cup";"96.248";"76.999";"115.498";"619.266";"429.032";"0";"64.355";"254.589";"true"
"2026-08-08";"GARN-002";"Pickled ginger";"GARN";"g";"3383.143";"2706.514";"4059.772";"21766.97";"15080";"0";"2262";"8948.97";"true"
"2026-08-08";"GARN-003";"Crispy shallots";"GARN";"spoon";"181.719";"145.375";"218.063";"1168.918";"3401";"2232.082";"0";"0";"true"
"2026-08-08";"GARN-004";"Nori strips";"GARN";"g";"433.304";"346.643";"519.965";"2787.082";"8109";"5321.918";"0";"0";"true"
"2026-08-08";"GARN-005";"Nori sheet";"GARN";"ea";"38.136";"30.509";"45.763";"245.376";"714";"468.624";"0";"0";"true"
"2026-08-08";"GARN-006";"63-degree egg";"GARN";"ea";"43.206";"34.565";"51.848";"278.072";"193";"0";"29";"114.072";"true"
"2026-08-08";"GARN-007";"Half-boiled egg";"GARN";"ea";"75.365";"60.292";"90.438";"487.731";"339";"0";"50.75";"199.481";"true"
"2026-08-08";"GARN-008";"Tamagoyaki";"GARN";"ea";"81.651";"65.32";"97.981";"525.734";"364";"0";"54.5";"216.234";"true"
"2026-08-08";"GARN-009";"Lemon wedge";"GARN";"ea";"79.201";"63.361";"95.041";"509.962";"353";"0";"53";"209.962";"true"
"2026-08-08";"GARN-010";"Avocado";"GARN";"g";"4465.12";"3572.096";"5358.144";"28729.653";"19905";"0";"2985.75";"11810.403";"true"
"2026-08-08";"GARN-011";"Pineapple";"GARN";"g";"1571.1";"1256.88";"1885.32";"10109.625";"7004";"0";"1050.5";"4156.125";"true"
"2026-08-08";"GARN-012";"Cucumber slice";"GARN";"slice";"225.154";"180.123";"270.184";"1457.394";"1012";"0";"151.75";"597.144";"true"
"2026-08-08";"GARN-013";"Crushed walnuts";"GARN";"ea";"218.261";"174.609";"261.913";"1412.779";"4119";"2706.221";"0";"0";"true"
"2026-08-08";"GARN-014";"Assorted topping (kimchi / corn / edamame / nori)";"GARN";"cup";"124.048";"99.238";"148.858";"798.108";"2322.317";"1524.209";"0";"0";"true"
"2026-08-08";"LEAF-001";"Mixed leaf salad";"LEAF";"g";"32758.849";"26207.079";"39310.619";"210775.996";"146029";"0";"36507.25";"101254.246";"true"
"2026-08-08";"LEAF-002";"Baby spinach";"LEAF";"g";"1297.138";"1037.711";"1556.566";"8342.426";"5779";"0";"1444.75";"4008.176";"true"
"2026-08-08";"LEAF-003";"Kale";"LEAF";"g";"1332.011";"1065.609";"1598.413";"8562.644";"5931";"0";"1482.75";"4114.394";"true"
"2026-08-08";"LEAF-004";"Classic slaw";"LEAF";"g";"5065.958";"4052.766";"6079.149";"32791.358";"22762";"0";"5690.5";"15719.858";"true"
"2026-08-08";"MISC-001";"Miso paste (pre-packaged)";"MISC";"pack";"22.403";"17.922";"26.884";"144.875";"101";"0";"0";"43.875";"true"
"2026-08-08";"MISC-002";"Water";"MISC";"ml";"12039.5";"9631.6";"14447.4";"77894.25";"227063";"149168.75";"0";"0";"true"
"2026-08-08";"MISC-003";"Fresh ginger";"MISC";"matchsticks";"90.9";"72.72";"109.08";"588.36";"408";"0";"0";"180.36";"true"
"2026-08-08";"MISC-004";"Yuzu jam";"MISC";"g";"1314.031";"1051.224";"1576.837";"8505.204";"5904";"0";"0";"2601.204";"true"
"2026-08-08";"PROT-001";"Seared chicken";"PROT";"g";"7024.783";"5619.826";"8429.74";"45215.798";"31330";"0";"7832.5";"21718.298";"true"
"2026-08-08";"PROT-002";"Sous-vide chicken";"PROT";"g";"3883.418";"3106.734";"4660.101";"25008.935";"17332";"0";"4333";"12009.935";"true"
"2026-08-08";"PROT-003";"Karaage chicken";"PROT";"g";"17663.607";"14130.886";"21196.328";"113865.936";"189445";"75579.064";"0";"0";"true"
"2026-08-08";"PROT-004";"Flame-seared wagyu";"PROT";"g";"5531.019";"4424.815";"6637.222";"35586.818";"24655";"0";"6163.75";"17095.568";"true"
"2026-08-08";"PROT-005";"Aburi salmon";"PROT";"g";"12480.756";"9984.604";"14976.907";"80466.294";"55785";"0";"13946.25";"38627.544";"true"
"2026-08-08";"PROT-006";"Sashimi salmon";"PROT";"g";"7862.274";"6289.819";"9434.728";"50593.427";"35053";"0";"8763.25";"24303.677";"true"
"2026-08-08";"PROT-007";"Sashimi tuna";"PROT";"g";"6186.518";"4949.215";"7423.822";"39811.122";"27583";"0";"6895.75";"19123.872";"true"
"2026-08-08";"PROT-008";"Tiger prawns";"PROT";"g";"3096.954";"2477.563";"3716.344";"19933.056";"33148";"13214.944";"0";"0";"true"
"2026-08-08";"PROT-009";"Pan-seared tofu";"PROT";"g";"10464.21";"8371.368";"12557.052";"67523.681";"46825";"0";"11706.25";"32404.931";"true"
"2026-08-08";"PROT-010";"Miso beet falafel";"PROT";"ea";"435.76";"348.608";"522.912";"2806.572";"4668";"1861.428";"0";"0";"true"
"2026-08-08";"PROT-011";"Crispy eggplant";"PROT";"g";"9773.253";"7818.603";"11727.904";"62898.189";"104592";"41693.811";"0";"0";"true"
"2026-08-08";"SAUC-001";"Teriyaki sauce";"SAUC";"g";"5154.01";"4123.208";"6184.812";"33152.031";"22966";"0";"0";"10186.031";"true"
"2026-08-08";"SAUC-002";"Japanese mayo";"SAUC";"g";"374.01";"299.208";"448.812";"2407.227";"1668";"0";"0";"739.227";"true"
"2026-08-08";"SAUC-003";"Spicy mayo";"SAUC";"g";"1879.701";"1503.761";"2255.641";"12095.103";"8380";"0";"0";"3715.103";"true"
"2026-08-08";"SAUC-004";"Sweet miso sauce";"SAUC";"g";"2032.691";"1626.153";"2439.229";"13108.99";"9089";"0";"0";"4019.99";"true"
"2026-08-08";"SAUC-005";"Shoyu";"SAUC";"g";"1391.474";"1113.179";"1669.769";"8948.33";"6198";"0";"0";"2750.33";"true"
"2026-08-08";"SAUC-006";"Creamy roasted sesame";"SAUC";"g";"3840.418";"3072.334";"4608.501";"24803.01";"17205";"0";"0";"7598.01";"true"
"2026-08-08";"SAUC-007";"Yuzu kosho mayo";"SAUC";"g";"3979.072";"3183.258";"4774.887";"25652.289";"17784";"0";"0";"7868.289";"true"
"2026-08-08";"SAUC-008";"Bao sauce";"SAUC";"g";"1275.552";"1020.441";"1530.662";"8259.928";"5735";"0";"0";"2524.928";"true"
"2026-08-08";"SAUC-009";"Warm cashew satay";"SAUC";"g";"1093.33";"874.664";"1311.996";"7079.938";"4915";"0";"0";"2164.938";"true"
"2026-08-08";"SAUC-010";"Assorted sauce";"SAUC";"g";"14571.455";"11657.164";"17485.746";"93750.493";"64951";"0";"0";"28799.493";"true"
"2026-08-08";"SEAS-001";"Aonori seasoning";"SEAS";"g";"372.298";"297.838";"446.758";"2404.448";"7005";"4600.552";"0";"0";"true"
"2026-08-08";"SEAS-002";"Furikake";"SEAS";"g";"147.842";"118.274";"177.41";"953.858";"2778";"1824.142";"0";"0";"true"
"2026-08-08";"SEAS-003";"Cinnamon";"SEAS";"dash";"25.755";"20.604";"30.906";"166.702";"486";"319.298";"0";"0";"true"
"2026-08-08";"SNCK-001";"Raw ball - Peanut Butter";"SNCK";"ea";"4.204";"3.363";"5.045";"27.251";"80";"52.749";"0";"0";"true"
"2026-08-08";"SNCK-002";"Raw ball - Choc Brownie";"SNCK";"ea";"4.086";"3.269";"4.903";"26.487";"77";"50.513";"0";"0";"true"
"2026-08-08";"SNCK-003";"Raw ball - Coconut Cacao";"SNCK";"ea";"4.128";"3.302";"4.954";"26.744";"78";"51.256";"0";"0";"true"
"2026-08-08";"SNCK-004";"Raw ball - Hazelnut";"SNCK";"ea";"4.098";"3.278";"4.918";"26.506";"77";"50.494";"0";"0";"true"
"2026-08-08";"SNCK-005";"Raw ball - Apricot Delight";"SNCK";"ea";"4.211";"3.369";"5.053";"27.267";"80";"52.733";"0";"0";"true"
"2026-08-09";"BASE-001";"Cooked jasmine rice";"BASE";"g";"152448.581";"121958.865";"182938.297";"1157209.128";"696249";"0";"174062.25";"635022.378";"true"
"2026-08-09";"BASE-002";"Cooked brown rice";"BASE";"g";"6822.806";"5458.245";"8187.367";"51758.622";"31122";"0";"7780.5";"28417.122";"true"
"2026-08-09";"BASE-003";"Turmeric coconut rice";"BASE";"g";"15291.735";"12233.388";"18350.082";"116041.428";"69798";"0";"17449.5";"63692.928";"true"
"2026-08-09";"DRNK-001";"Coconut water 330ml";"DRNK";"ea";"26.589";"21.271";"31.907";"202.279";"122";"0";"0";"80.279";"true"
"2026-08-09";"DRNK-002";"Cold pressed juice - Watermelon Lime 300ml";"DRNK";"ea";"24.687";"19.75";"29.624";"187.788";"113";"0";"0";"74.788";"true"
"2026-08-09";"DRNK-003";"Cold pressed juice - Classic OJ 300ml";"DRNK";"ea";"24.874";"19.899";"29.849";"189.242";"114";"0";"0";"75.242";"true"
"2026-08-09";"DRNK-004";"Cold pressed juice - Pineapple Mint 300ml";"DRNK";"ea";"24.516";"19.613";"29.419";"186.546";"113";"0";"0";"73.546";"true"
"2026-08-09";"DRNK-005";"Dash sparkling water - Lime 330ml";"DRNK";"ea";"27.276";"21.821";"32.731";"207.407";"125";"0";"0";"82.407";"true"
"2026-08-09";"DRNK-006";"Dash sparkling water - Raspberry 330ml";"DRNK";"ea";"27.099";"21.679";"32.519";"206.142";"124";"0";"0";"82.142";"true"
"2026-08-09";"DRNK-007";"Dash sparkling water - Peach 330ml";"DRNK";"ea";"27.149";"21.719";"32.579";"206.482";"124";"0";"0";"82.482";"true"
"2026-08-09";"DRNK-008";"Kombucha - Ginger Lemon 330ml";"DRNK";"ea";"27.025";"21.62";"32.43";"205.567";"124";"0";"0";"81.567";"true"
"2026-08-09";"DRNK-009";"Kombucha - Lemon Lime Mint 330ml";"DRNK";"ea";"26.842";"21.474";"32.21";"204.127";"123";"0";"0";"81.127";"true"
"2026-08-09";"DRNK-010";"Kombucha - Peach 330ml";"DRNK";"ea";"27.29";"21.832";"32.748";"207.612";"125";"0";"0";"82.612";"true"
"2026-08-09";"DRNK-011";"Kombucha - Raspberry Lemonade 330ml";"DRNK";"ea";"27.156";"21.725";"32.587";"206.502";"124";"0";"0";"82.502";"true"
"2026-08-09";"DRNK-012";"Sodaly - Passionfruit 330ml";"DRNK";"ea";"27.374";"21.899";"32.849";"208.23";"126";"0";"0";"82.23";"true"
"2026-08-09";"DRNK-013";"Sodaly - Guava 330ml";"DRNK";"ea";"27.168";"21.734";"32.602";"206.704";"125";"0";"0";"81.704";"true"
"2026-08-09";"DRNK-014";"Sodaly - Raspberry 330ml";"DRNK";"ea";"27.614";"22.091";"33.137";"210.03";"127";"0";"0";"83.03";"true"
"2026-08-09";"DRNK-015";"Sparkling water 500ml";"DRNK";"ea";"41.355";"33.084";"49.626";"314.569";"190";"0";"0";"124.569";"true"
"2026-08-09";"DRNK-016";"Specialty soda - Gingerella 330ml";"DRNK";"ea";"26.869";"21.495";"32.243";"204.38";"123";"0";"0";"81.38";"true"
"2026-08-09";"DRNK-017";"Specialty soda - Karma Cola 330ml";"DRNK";"ea";"27.176";"21.741";"32.611";"206.735";"125";"0";"0";"81.735";"true"
"2026-08-09";"DRNK-018";"Specialty soda - Lemmy 330ml";"DRNK";"ea";"26.914";"21.531";"32.297";"204.695";"123";"0";"0";"81.695";"true"
"2026-08-09";"DRNK-019";"Still water 600ml";"DRNK";"ea";"49.183";"39.346";"59.02";"374.106";"226";"0";"0";"148.106";"true"
"2026-08-09";"GARN-001";"Edamame";"GARN";"cup";"93.986";"75.188";"112.783";"713.252";"429.032";"0";"64.355";"348.575";"true"
"2026-08-09";"GARN-002";"Pickled ginger";"GARN";"g";"3303.572";"2642.857";"3964.286";"25070.542";"15080";"0";"2262";"12252.542";"true"
"2026-08-09";"GARN-003";"Crispy shallots";"GARN";"spoon";"177.423";"141.939";"212.908";"1346.342";"3401";"2054.658";"0";"0";"true"
"2026-08-09";"GARN-004";"Nori strips";"GARN";"g";"423.048";"338.438";"507.658";"3210.13";"8109";"4898.87";"0";"0";"true"
"2026-08-09";"GARN-005";"Nori sheet";"GARN";"ea";"37.24";"29.792";"44.688";"282.616";"714";"431.384";"0";"0";"true"
"2026-08-09";"GARN-006";"63-degree egg";"GARN";"ea";"42.197";"33.757";"50.636";"320.269";"193";"0";"29";"156.269";"true"
"2026-08-09";"GARN-007";"Half-boiled egg";"GARN";"ea";"73.828";"59.063";"88.594";"561.559";"339";"0";"50.75";"273.309";"true"
"2026-08-09";"GARN-008";"Tamagoyaki";"GARN";"ea";"79.764";"63.811";"95.717";"605.498";"364";"0";"54.5";"295.998";"true"
"2026-08-09";"GARN-009";"Lemon wedge";"GARN";"ea";"77.371";"61.897";"92.845";"587.333";"353";"0";"53";"287.333";"true"
"2026-08-09";"GARN-010";"Avocado";"GARN";"g";"4360.267";"3488.213";"5232.32";"33089.92";"19905";"0";"2985.75";"16170.67";"true"
"2026-08-09";"GARN-011";"Pineapple";"GARN";"g";"1534.275";"1227.42";"1841.13";"11643.9";"7004";"0";"1050.5";"5690.4";"true"
"2026-08-09";"GARN-012";"Cucumber slice";"GARN";"slice";"220.587";"176.47";"264.705";"1677.981";"1012";"0";"151.75";"817.731";"true"
"2026-08-09";"GARN-013";"Crushed walnuts";"GARN";"ea";"213.835";"171.068";"256.602";"1626.614";"4119";"2492.386";"0";"0";"true"
"2026-08-09";"GARN-014";"Assorted topping (kimchi / corn / edamame / nori)";"GARN";"cup";"121.131";"96.904";"145.357";"919.238";"2322.317";"1403.079";"0";"0";"true"
"2026-08-09";"LEAF-001";"Mixed leaf salad";"LEAF";"g";"31989.189";"25591.351";"38387.027";"242765.185";"146029";"0";"36507.25";"133243.435";"true"
"2026-08-09";"LEAF-002";"Baby spinach";"LEAF";"g";"1266.351";"1013.081";"1519.621";"9608.777";"5779";"0";"1444.75";"5274.527";"true"
"2026-08-09";"LEAF-003";"Kale";"LEAF";"g";"1300.078";"1040.062";"1560.093";"9862.722";"5931";"0";"1482.75";"5414.472";"true"
"2026-08-09";"LEAF-004";"Classic slaw";"LEAF";"g";"4963.216";"3970.573";"5955.859";"37754.574";"22762";"0";"5690.5";"20683.074";"true"
"2026-08-09";"MISC-001";"Miso paste (pre-packaged)";"MISC";"pack";"21.937";"17.55";"26.324";"166.812";"101";"0";"0";"65.812";"true"
"2026-08-09";"MISC-002";"Water";"MISC";"ml";"11792.25";"9433.8";"14150.7";"89686.5";"227063";"137376.5";"0";"0";"true"
"2026-08-09";"MISC-003";"Fresh ginger";"MISC";"matchsticks";"89.054";"71.243";"106.865";"677.414";"408";"0";"0";"269.414";"true"
"2026-08-09";"MISC-004";"Yuzu jam";"MISC";"g";"1287.347";"1029.878";"1544.816";"9792.551";"5904";"0";"0";"3888.551";"true"
"2026-08-09";"PROT-001";"Seared chicken";"PROT";"g";"6861.095";"5488.876";"8233.314";"52076.893";"31330";"0";"7832.5";"28579.393";"true"
"2026-08-09";"PROT-002";"Sous-vide chicken";"PROT";"g";"3794.065";"3035.252";"4552.878";"28802.999";"17332";"0";"4333";"15803.999";"true"
"2026-08-09";"PROT-003";"Karaage chicken";"PROT";"g";"17266.382";"13813.106";"20719.659";"131132.318";"189445";"58312.682";"0";"0";"true"
"2026-08-09";"PROT-004";"Flame-seared wagyu";"PROT";"g";"5400.954";"4320.763";"6481.145";"40987.772";"24655";"0";"6163.75";"22496.522";"true"
"2026-08-09";"PROT-005";"Aburi salmon";"PROT";"g";"12201.048";"9760.839";"14641.258";"92667.342";"55785";"0";"13946.25";"50828.592";"true"
"2026-08-09";"PROT-006";"Sashimi salmon";"PROT";"g";"7678.069";"6142.455";"9213.682";"58271.496";"35053";"0";"8763.25";"31981.746";"true"
"2026-08-09";"PROT-007";"Sashimi tuna";"PROT";"g";"6041.666";"4833.333";"7250";"45852.789";"27583";"0";"6895.75";"25165.539";"true"
"2026-08-09";"PROT-008";"Tiger prawns";"PROT";"g";"3024.769";"2419.815";"3629.723";"22957.825";"33148";"10190.175";"0";"0";"true"
"2026-08-09";"PROT-009";"Pan-seared tofu";"PROT";"g";"10234.58";"8187.664";"12281.496";"77758.261";"46825";"0";"11706.25";"42639.511";"true"
"2026-08-09";"PROT-010";"Miso beet falafel";"PROT";"ea";"425.76";"340.608";"510.912";"3232.332";"4668";"1435.668";"0";"0";"true"
"2026-08-09";"PROT-011";"Crispy eggplant";"PROT";"g";"9544.932";"7635.946";"11453.919";"72443.121";"104592";"32148.879";"0";"0";"true"
"2026-08-09";"SAUC-001";"Teriyaki sauce";"SAUC";"g";"5032.041";"4025.633";"6038.449";"38184.072";"22966";"0";"0";"15218.072";"true"
"2026-08-09";"SAUC-002";"Japanese mayo";"SAUC";"g";"365.278";"292.223";"438.334";"2772.505";"1668";"0";"0";"1104.505";"true"
"2026-08-09";"SAUC-003";"Spicy mayo";"SAUC";"g";"1835.608";"1468.487";"2202.73";"13930.711";"8380";"0";"0";"5550.711";"true"
"2026-08-09";"SAUC-004";"Sweet miso sauce";"SAUC";"g";"1987.433";"1589.946";"2384.92";"15096.423";"9089";"0";"0";"6007.423";"true"
"2026-08-09";"SAUC-005";"Shoyu";"SAUC";"g";"1358.402";"1086.722";"1630.082";"10306.732";"6198";"0";"0";"4108.732";"true"
"2026-08-09";"SAUC-006";"Creamy roasted sesame";"SAUC";"g";"3757.902";"3006.322";"4509.482";"28560.912";"17205";"0";"0";"11355.912";"true"
"2026-08-09";"SAUC-007";"Yuzu kosho mayo";"SAUC";"g";"3889.763";"3111.81";"4667.715";"29542.051";"17784";"0";"0";"11758.051";"true"
"2026-08-09";"SAUC-008";"Bao sauce";"SAUC";"g";"1249.969";"999.975";"1499.963";"9509.897";"5735";"0";"0";"3774.897";"true"
"2026-08-09";"SAUC-009";"Warm cashew satay";"SAUC";"g";"1071.402";"857.122";"1285.682";"8151.34";"4915";"0";"0";"3236.34";"true"
"2026-08-09";"SAUC-010";"Assorted sauce";"SAUC";"g";"14228.73";"11382.984";"17074.476";"107979.223";"64951";"0";"0";"43028.223";"true"
"2026-08-09";"SEAS-001";"Aonori seasoning";"SEAS";"g";"364.3";"291.44";"437.16";"2768.748";"7005";"4236.252";"0";"0";"true"
"2026-08-09";"SEAS-002";"Furikake";"SEAS";"g";"144.586";"115.669";"173.503";"1098.444";"2778";"1679.556";"0";"0";"true"
"2026-08-09";"SEAS-003";"Cinnamon";"SEAS";"dash";"25.232";"20.186";"30.278";"191.934";"486";"294.066";"0";"0";"true"
"2026-08-09";"SNCK-001";"Raw ball - Peanut Butter";"SNCK";"ea";"4.122";"3.298";"4.946";"31.373";"80";"48.627";"0";"0";"true"
"2026-08-09";"SNCK-002";"Raw ball - Choc Brownie";"SNCK";"ea";"4.006";"3.205";"4.807";"30.493";"77";"46.507";"0";"0";"true"
"2026-08-09";"SNCK-003";"Raw ball - Coconut Cacao";"SNCK";"ea";"4.046";"3.237";"4.855";"30.79";"78";"47.21";"0";"0";"true"
"2026-08-09";"SNCK-004";"Raw ball - Hazelnut";"SNCK";"ea";"4.013";"3.21";"4.816";"30.519";"77";"46.481";"0";"0";"true"
"2026-08-09";"SNCK-005";"Raw ball - Apricot Delight";"SNCK";"ea";"4.126";"3.301";"4.951";"31.393";"80";"48.607";"0";"0";"true"
"2026-08-10";"BASE-001";"Cooked jasmine rice";"BASE";"g";"139249.467";"111399.573";"167099.36";"1296458.594";"696249";"0";"174062.25";"774271.844";"true"
"2026-08-10";"BASE-002";"Cooked brown rice";"BASE";"g";"6224.49";"4979.592";"7469.388";"57983.112";"31122";"0";"7780.5";"34641.612";"true"
"2026-08-10";"BASE-003";"Turmeric coconut rice";"BASE";"g";"13959.388";"11167.51";"16751.265";"130000.816";"69798";"0";"17449.5";"77652.316";"true"
"2026-08-10";"DRNK-001";"Coconut water 330ml";"DRNK";"ea";"24.393";"19.514";"29.272";"226.672";"122";"0";"0";"104.672";"true"
"2026-08-10";"DRNK-002";"Cold pressed juice - Watermelon Lime 300ml";"DRNK";"ea";"22.643";"18.114";"27.172";"210.431";"113";"0";"0";"97.431";"true"
"2026-08-10";"DRNK-003";"Cold pressed juice - Classic OJ 300ml";"DRNK";"ea";"22.822";"18.258";"27.386";"212.064";"114";"0";"0";"98.064";"true"
"2026-08-10";"DRNK-004";"Cold pressed juice - Pineapple Mint 300ml";"DRNK";"ea";"22.5";"18";"27";"209.046";"113";"0";"0";"96.046";"true"
"2026-08-10";"DRNK-005";"Dash sparkling water - Lime 330ml";"DRNK";"ea";"25";"20";"30";"232.407";"125";"0";"0";"107.407";"true"
"2026-08-10";"DRNK-006";"Dash sparkling water - Raspberry 330ml";"DRNK";"ea";"24.857";"19.886";"29.828";"230.999";"124";"0";"0";"106.999";"true"
"2026-08-10";"DRNK-007";"Dash sparkling water - Peach 330ml";"DRNK";"ea";"24.893";"19.914";"29.872";"231.375";"124";"0";"0";"107.375";"true"
"2026-08-10";"DRNK-008";"Kombucha - Ginger Lemon 330ml";"DRNK";"ea";"24.786";"19.829";"29.743";"230.353";"124";"0";"0";"106.353";"true"
"2026-08-10";"DRNK-009";"Kombucha - Lemon Lime Mint 330ml";"DRNK";"ea";"24.607";"19.686";"29.528";"228.734";"123";"0";"0";"105.734";"true"
"2026-08-10";"DRNK-010";"Kombucha - Peach 330ml";"DRNK";"ea";"25.036";"20.029";"30.043";"232.648";"125";"0";"0";"107.648";"true"
"2026-08-10";"DRNK-011";"Kombucha - Raspberry Lemonade 330ml";"DRNK";"ea";"24.892";"19.914";"29.87";"231.394";"124";"0";"0";"107.394";"true"
"2026-08-10";"DRNK-012";"Sodaly - Passionfruit 330ml";"DRNK";"ea";"25.108";"20.086";"30.13";"233.338";"126";"0";"0";"107.338";"true"
"2026-08-10";"DRNK-013";"Sodaly - Guava 330ml";"DRNK";"ea";"24.929";"19.943";"29.915";"231.633";"125";"0";"0";"106.633";"true"
"2026-08-10";"DRNK-014";"Sodaly - Raspberry 330ml";"DRNK";"ea";"25.322";"20.258";"30.386";"235.352";"127";"0";"0";"108.352";"true"
"2026-08-10";"DRNK-015";"Sparkling water 500ml";"DRNK";"ea";"37.929";"30.343";"45.515";"352.498";"190";"0";"0";"162.498";"true"
"2026-08-10";"DRNK-016";"Specialty soda - Gingerella 330ml";"DRNK";"ea";"24.643";"19.714";"29.572";"229.023";"123";"0";"0";"106.023";"true"
"2026-08-10";"DRNK-017";"Specialty soda - Karma Cola 330ml";"DRNK";"ea";"24.929";"19.943";"29.915";"231.664";"125";"0";"0";"106.664";"true"
"2026-08-10";"DRNK-018";"Specialty soda - Lemmy 330ml";"DRNK";"ea";"24.678";"19.742";"29.614";"229.373";"123";"0";"0";"106.373";"true"
"2026-08-10";"DRNK-019";"Still water 600ml";"DRNK";"ea";"45.107";"36.086";"54.128";"419.213";"226";"0";"0";"193.213";"true"
"2026-08-10";"GARN-001";"Edamame";"GARN";"cup";"85.806";"68.645";"102.968";"799.058";"429.032";"0";"64.355";"434.381";"true"
"2026-08-10";"GARN-002";"Pickled ginger";"GARN";"g";"3016.051";"2412.841";"3619.261";"28086.593";"15080";"0";"2262";"15268.593";"true"
"2026-08-10";"GARN-003";"Crispy shallots";"GARN";"spoon";"161.955";"129.564";"194.346";"1508.297";"3401";"1892.703";"0";"0";"true"
"2026-08-10";"GARN-004";"Nori strips";"GARN";"g";"386.146";"308.917";"463.375";"3596.276";"8109";"4512.724";"0";"0";"true"
"2026-08-10";"GARN-005";"Nori sheet";"GARN";"ea";"34";"27.2";"40.8";"316.616";"714";"397.384";"0";"0";"true"
"2026-08-10";"GARN-006";"63-degree egg";"GARN";"ea";"38.534";"30.827";"46.24";"358.802";"193";"0";"29";"194.802";"true"
"2026-08-10";"GARN-007";"Half-boiled egg";"GARN";"ea";"67.707";"54.166";"81.249";"629.267";"339";"0";"50.75";"341.017";"true"
"2026-08-10";"GARN-008";"Tamagoyaki";"GARN";"ea";"72.864";"58.291";"87.437";"678.362";"364";"0";"54.5";"368.862";"true"
"2026-08-10";"GARN-009";"Lemon wedge";"GARN";"ea";"70.678";"56.542";"84.814";"658.011";"353";"0";"53";"358.011";"true"
"2026-08-10";"GARN-010";"Avocado";"GARN";"g";"3980.853";"3184.683";"4777.024";"37070.773";"19905";"0";"2985.75";"20151.523";"true"
"2026-08-10";"GARN-011";"Pineapple";"GARN";"g";"1400.85";"1120.68";"1681.02";"13044.75";"7004";"0";"1050.5";"7091.25";"true"
"2026-08-10";"GARN-012";"Cucumber slice";"GARN";"slice";"202.331";"161.864";"242.797";"1880.311";"1012";"0";"151.75";"1020.061";"true"
"2026-08-10";"GARN-013";"Crushed walnuts";"GARN";"ea";"196.137";"156.909";"235.364";"1822.751";"4119";"2296.249";"0";"0";"true"
"2026-08-10";"GARN-014";"Assorted topping (kimchi / corn / edamame / nori)";"GARN";"cup";"110.586";"88.469";"132.703";"1029.824";"2322.317";"1292.493";"0";"0";"true"
"2026-08-10";"LEAF-001";"Mixed leaf salad";"LEAF";"g";"29205.592";"23364.473";"35046.71";"271970.777";"146029";"0";"36507.25";"162449.027";"true"
"2026-08-10";"LEAF-002";"Baby spinach";"LEAF";"g";"1155.787";"924.63";"1386.945";"10764.564";"5779";"0";"1444.75";"6430.314";"true"
"2026-08-10";"LEAF-003";"Kale";"LEAF";"g";"1186.111";"948.889";"1423.333";"11048.833";"5931";"0";"1482.75";"6600.583";"true"
"2026-08-10";"LEAF-004";"Classic slaw";"LEAF";"g";"4552.437";"3641.949";"5462.924";"42307.01";"22762";"0";"5690.5";"25235.51";"true"
"2026-08-10";"MISC-001";"Miso paste (pre-packaged)";"MISC";"pack";"20.107";"16.086";"24.128";"186.919";"101";"0";"0";"85.919";"true"
"2026-08-10";"MISC-002";"Water";"MISC";"ml";"10812.5";"8650";"12975";"100499";"227063";"126564";"0";"0";"true"
"2026-08-10";"MISC-003";"Fresh ginger";"MISC";"matchsticks";"81.681";"65.345";"98.017";"759.095";"408";"0";"0";"351.095";"true"
"2026-08-10";"MISC-004";"Yuzu jam";"MISC";"g";"1180.765";"944.612";"1416.918";"10973.316";"5904";"0";"0";"5069.316";"true"
"2026-08-10";"PROT-001";"Seared chicken";"PROT";"g";"6265.984";"5012.787";"7519.181";"58342.877";"31330";"0";"7832.5";"34845.377";"true"
"2026-08-10";"PROT-002";"Sous-vide chicken";"PROT";"g";"3466.29";"2773.032";"4159.548";"32269.29";"17332";"0";"4333";"19270.29";"true"
"2026-08-10";"PROT-003";"Karaage chicken";"PROT";"g";"15787.189";"12629.751";"18944.627";"146919.507";"189445";"42525.493";"0";"0";"true"
"2026-08-10";"PROT-004";"Flame-seared wagyu";"PROT";"g";"4930.969";"3944.775";"5917.163";"45918.741";"24655";"0";"6163.75";"27427.491";"true"
"2026-08-10";"PROT-005";"Aburi salmon";"PROT";"g";"11156.898";"8925.518";"13388.278";"103824.24";"55785";"0";"13946.25";"61985.49";"true"
"2026-08-10";"PROT-006";"Sashimi salmon";"PROT";"g";"7010.617";"5608.494";"8412.74";"65282.113";"35053";"0";"8763.25";"38992.363";"true"
"2026-08-10";"PROT-007";"Sashimi tuna";"PROT";"g";"5516.587";"4413.27";"6619.905";"51369.376";"27583";"0";"6895.75";"30682.126";"true"
"2026-08-10";"PROT-008";"Tiger prawns";"PROT";"g";"2762.267";"2209.813";"3314.72";"25720.092";"33148";"7427.908";"0";"0";"true"
"2026-08-10";"PROT-009";"Pan-seared tofu";"PROT";"g";"9364.978";"7491.983";"11237.974";"87123.239";"46825";"0";"11706.25";"52004.489";"true"
"2026-08-10";"PROT-010";"Miso beet falafel";"PROT";"ea";"389.01";"311.208";"466.812";"3621.343";"4668";"1046.657";"0";"0";"true"
"2026-08-10";"PROT-011";"Crispy eggplant";"PROT";"g";"8716.001";"6972.801";"10459.201";"81159.122";"104592";"23432.878";"0";"0";"true"
"2026-08-10";"SAUC-001";"Teriyaki sauce";"SAUC";"g";"4593.196";"3674.557";"5511.835";"42777.268";"22966";"0";"0";"19811.268";"true"
"2026-08-10";"SAUC-002";"Japanese mayo";"SAUC";"g";"333.588";"266.87";"400.305";"3106.093";"1668";"0";"0";"1438.093";"true"
"2026-08-10";"SAUC-003";"Spicy mayo";"SAUC";"g";"1675.959";"1340.767";"2011.15";"15606.67";"8380";"0";"0";"7226.67";"true"
"2026-08-10";"SAUC-004";"Sweet miso sauce";"SAUC";"g";"1817.773";"1454.219";"2181.328";"16914.196";"9089";"0";"0";"7825.196";"true"
"2026-08-10";"SAUC-005";"Shoyu";"SAUC";"g";"1239.691";"991.753";"1487.629";"11546.423";"6198";"0";"0";"5348.423";"true"
"2026-08-10";"SAUC-006";"Creamy roasted sesame";"SAUC";"g";"3440.938";"2752.75";"4129.126";"32001.85";"17205";"0";"0";"14796.85";"true"
"2026-08-10";"SAUC-007";"Yuzu kosho mayo";"SAUC";"g";"3556.691";"2845.353";"4268.029";"33098.742";"17784";"0";"0";"15314.742";"true"
"2026-08-10";"SAUC-008";"Bao sauce";"SAUC";"g";"1146.881";"917.505";"1376.258";"10656.778";"5735";"0";"0";"4921.778";"true"
"2026-08-10";"SAUC-009";"Warm cashew satay";"SAUC";"g";"983.041";"786.433";"1179.649";"9134.381";"4915";"0";"0";"4219.381";"true"
"2026-08-10";"SAUC-010";"Assorted sauce";"SAUC";"g";"12990.061";"10392.049";"15588.074";"120969.284";"64951";"0";"0";"56018.284";"true"
"2026-08-10";"SEAS-001";"Aonori seasoning";"SEAS";"g";"333.57";"266.856";"400.284";"3102.318";"7005";"3902.682";"0";"0";"true"
"2026-08-10";"SEAS-002";"Furikake";"SEAS";"g";"132.286";"105.829";"158.743";"1230.73";"2778";"1547.27";"0";"0";"true"
"2026-08-10";"SEAS-003";"Cinnamon";"SEAS";"dash";"23.143";"18.514";"27.772";"215.077";"486";"270.923";"0";"0";"true"
"2026-08-10";"SNCK-001";"Raw ball - Peanut Butter";"SNCK";"ea";"3.785";"3.028";"4.542";"35.158";"80";"44.842";"0";"0";"true"
"2026-08-10";"SNCK-002";"Raw ball - Choc Brownie";"SNCK";"ea";"3.679";"2.943";"4.415";"34.172";"77";"42.828";"0";"0";"true"
"2026-08-10";"SNCK-003";"Raw ball - Coconut Cacao";"SNCK";"ea";"3.714";"2.971";"4.457";"34.504";"78";"43.496";"0";"0";"true"
"2026-08-10";"SNCK-004";"Raw ball - Hazelnut";"SNCK";"ea";"3.679";"2.943";"4.415";"34.198";"77";"42.802";"0";"0";"true"
"2026-08-10";"SNCK-005";"Raw ball - Apricot Delight";"SNCK";"ea";"3.786";"3.029";"4.543";"35.179";"80";"44.821";"0";"0";"true"
"2026-08-11";"BASE-001";"Cooked jasmine rice";"BASE";"g";"139249.467";"111399.573";"167099.36";"1435708.061";"696249";"0";"174062.25";"913521.311";"true"
"2026-08-11";"BASE-002";"Cooked brown rice";"BASE";"g";"6224.49";"4979.592";"7469.388";"64207.602";"31122";"0";"7780.5";"40866.102";"true"
"2026-08-11";"BASE-003";"Turmeric coconut rice";"BASE";"g";"13959.388";"11167.51";"16751.265";"143960.204";"69798";"0";"17449.5";"91611.704";"true"
"2026-08-11";"DRNK-001";"Coconut water 330ml";"DRNK";"ea";"24.393";"19.514";"29.272";"251.065";"122";"0";"0";"129.065";"true"
"2026-08-11";"DRNK-002";"Cold pressed juice - Watermelon Lime 300ml";"DRNK";"ea";"22.643";"18.114";"27.172";"233.074";"113";"0";"0";"120.074";"true"
"2026-08-11";"DRNK-003";"Cold pressed juice - Classic OJ 300ml";"DRNK";"ea";"22.822";"18.258";"27.386";"234.886";"114";"0";"0";"120.886";"true"
"2026-08-11";"DRNK-004";"Cold pressed juice - Pineapple Mint 300ml";"DRNK";"ea";"22.5";"18";"27";"231.546";"113";"0";"0";"118.546";"true"
"2026-08-11";"DRNK-005";"Dash sparkling water - Lime 330ml";"DRNK";"ea";"25";"20";"30";"257.407";"125";"0";"0";"132.407";"true"
"2026-08-11";"DRNK-006";"Dash sparkling water - Raspberry 330ml";"DRNK";"ea";"24.857";"19.886";"29.828";"255.856";"124";"0";"0";"131.856";"true"
"2026-08-11";"DRNK-007";"Dash sparkling water - Peach 330ml";"DRNK";"ea";"24.893";"19.914";"29.872";"256.268";"124";"0";"0";"132.268";"true"
"2026-08-11";"DRNK-008";"Kombucha - Ginger Lemon 330ml";"DRNK";"ea";"24.786";"19.829";"29.743";"255.139";"124";"0";"0";"131.139";"true"
"2026-08-11";"DRNK-009";"Kombucha - Lemon Lime Mint 330ml";"DRNK";"ea";"24.607";"19.686";"29.528";"253.341";"123";"0";"0";"130.341";"true"
"2026-08-11";"DRNK-010";"Kombucha - Peach 330ml";"DRNK";"ea";"25.036";"20.029";"30.043";"257.684";"125";"0";"0";"132.684";"true"
"2026-08-11";"DRNK-011";"Kombucha - Raspberry Lemonade 330ml";"DRNK";"ea";"24.892";"19.914";"29.87";"256.286";"124";"0";"0";"132.286";"true"
"2026-08-11";"DRNK-012";"Sodaly - Passionfruit 330ml";"DRNK";"ea";"25.108";"20.086";"30.13";"258.446";"126";"0";"0";"132.446";"true"
"2026-08-11";"DRNK-013";"Sodaly - Guava 330ml";"DRNK";"ea";"24.929";"19.943";"29.915";"256.562";"125";"0";"0";"131.562";"true"
"2026-08-11";"DRNK-014";"Sodaly - Raspberry 330ml";"DRNK";"ea";"25.322";"20.258";"30.386";"260.674";"127";"0";"0";"133.674";"true"
"2026-08-11";"DRNK-015";"Sparkling water 500ml";"DRNK";"ea";"37.929";"30.343";"45.515";"390.427";"190";"0";"0";"200.427";"true"
"2026-08-11";"DRNK-016";"Specialty soda - Gingerella 330ml";"DRNK";"ea";"24.643";"19.714";"29.572";"253.666";"123";"0";"0";"130.666";"true"
"2026-08-11";"DRNK-017";"Specialty soda - Karma Cola 330ml";"DRNK";"ea";"24.929";"19.943";"29.915";"256.593";"125";"0";"0";"131.593";"true"
"2026-08-11";"DRNK-018";"Specialty soda - Lemmy 330ml";"DRNK";"ea";"24.678";"19.742";"29.614";"254.051";"123";"0";"0";"131.051";"true"
"2026-08-11";"DRNK-019";"Still water 600ml";"DRNK";"ea";"45.107";"36.086";"54.128";"464.32";"226";"0";"0";"238.32";"true"
"2026-08-11";"GARN-001";"Edamame";"GARN";"cup";"85.806";"68.645";"102.968";"884.865";"429.032";"0";"107.258";"563.091";"true"
"2026-08-11";"GARN-002";"Pickled ginger";"GARN";"g";"3016.051";"2412.841";"3619.261";"31102.644";"15080";"0";"3770";"19792.644";"true"
"2026-08-11";"GARN-003";"Crispy shallots";"GARN";"spoon";"161.955";"129.564";"194.346";"1670.252";"3401";"1730.748";"0";"0";"true"
"2026-08-11";"GARN-004";"Nori strips";"GARN";"g";"386.146";"308.917";"463.375";"3982.422";"8109";"4126.578";"0";"0";"true"
"2026-08-11";"GARN-005";"Nori sheet";"GARN";"ea";"34";"27.2";"40.8";"350.616";"714";"363.384";"0";"0";"true"
"2026-08-11";"GARN-006";"63-degree egg";"GARN";"ea";"38.534";"30.827";"46.24";"397.336";"193";"0";"48.25";"252.586";"true"
"2026-08-11";"GARN-007";"Half-boiled egg";"GARN";"ea";"67.707";"54.166";"81.249";"696.974";"339";"0";"84.75";"442.724";"true"
"2026-08-11";"GARN-008";"Tamagoyaki";"GARN";"ea";"72.864";"58.291";"87.437";"751.226";"364";"0";"91";"478.226";"true"
"2026-08-11";"GARN-009";"Lemon wedge";"GARN";"ea";"70.678";"56.542";"84.814";"728.689";"353";"0";"88.25";"463.939";"true"
"2026-08-11";"GARN-010";"Avocado";"GARN";"g";"3980.853";"3184.683";"4777.024";"41051.626";"19905";"0";"4976.25";"26122.876";"true"
"2026-08-11";"GARN-011";"Pineapple";"GARN";"g";"1400.85";"1120.68";"1681.02";"14445.6";"7004";"0";"1751";"9192.6";"true"
"2026-08-11";"GARN-012";"Cucumber slice";"GARN";"slice";"202.331";"161.864";"242.797";"2082.642";"1012";"0";"253";"1323.642";"true"
"2026-08-11";"GARN-013";"Crushed walnuts";"GARN";"ea";"196.137";"156.909";"235.364";"2018.887";"4119";"2100.113";"0";"0";"true"
"2026-08-11";"GARN-014";"Assorted topping (kimchi / corn / edamame / nori)";"GARN";"cup";"110.586";"88.469";"132.703";"1140.41";"2322.317";"1181.907";"0";"0";"true"
"2026-08-11";"LEAF-001";"Mixed leaf salad";"LEAF";"g";"29205.592";"23364.473";"35046.71";"301176.368";"146029";"0";"36507.25";"191654.618";"true"
"2026-08-11";"LEAF-002";"Baby spinach";"LEAF";"g";"1155.787";"924.63";"1386.945";"11920.351";"5779";"0";"1444.75";"7586.101";"true"
"2026-08-11";"LEAF-003";"Kale";"LEAF";"g";"1186.111";"948.889";"1423.333";"12234.944";"5931";"0";"1482.75";"7786.694";"true"
"2026-08-11";"LEAF-004";"Classic slaw";"LEAF";"g";"4552.437";"3641.949";"5462.924";"46859.447";"22762";"0";"5690.5";"29787.947";"true"
"2026-08-11";"MISC-001";"Miso paste (pre-packaged)";"MISC";"pack";"20.107";"16.086";"24.128";"207.026";"101";"0";"0";"106.026";"true"
"2026-08-11";"MISC-002";"Water";"MISC";"ml";"10812.5";"8650";"12975";"111311.5";"227063";"115751.5";"0";"0";"true"
"2026-08-11";"MISC-003";"Fresh ginger";"MISC";"matchsticks";"81.681";"65.345";"98.017";"840.777";"408";"0";"0";"432.777";"true"
"2026-08-11";"MISC-004";"Yuzu jam";"MISC";"g";"1180.765";"944.612";"1416.918";"12154.082";"5904";"0";"0";"6250.082";"true"
"2026-08-11";"PROT-001";"Seared chicken";"PROT";"g";"6265.984";"5012.787";"7519.181";"64608.861";"31330";"0";"7832.5";"41111.361";"true"
"2026-08-11";"PROT-002";"Sous-vide chicken";"PROT";"g";"3466.29";"2773.032";"4159.548";"35735.58";"17332";"0";"4333";"22736.58";"true"
"2026-08-11";"PROT-003";"Karaage chicken";"PROT";"g";"15787.189";"12629.751";"18944.627";"162706.696";"189445";"26738.304";"0";"0";"true"
"2026-08-11";"PROT-004";"Flame-seared wagyu";"PROT";"g";"4930.969";"3944.775";"5917.163";"50849.71";"24655";"0";"6163.75";"32358.46";"true"
"2026-08-11";"PROT-005";"Aburi salmon";"PROT";"g";"11156.898";"8925.518";"13388.278";"114981.138";"55785";"0";"13946.25";"73142.388";"true"
"2026-08-11";"PROT-006";"Sashimi salmon";"PROT";"g";"7010.617";"5608.494";"8412.74";"72292.73";"35053";"0";"8763.25";"46002.98";"true"
"2026-08-11";"PROT-007";"Sashimi tuna";"PROT";"g";"5516.587";"4413.27";"6619.905";"56885.964";"27583";"0";"6895.75";"36198.714";"true"
"2026-08-11";"PROT-008";"Tiger prawns";"PROT";"g";"2762.267";"2209.813";"3314.72";"28482.358";"33148";"4665.642";"0";"0";"true"
"2026-08-11";"PROT-009";"Pan-seared tofu";"PROT";"g";"9364.978";"7491.983";"11237.974";"96488.218";"46825";"0";"11706.25";"61369.468";"true"
"2026-08-11";"PROT-010";"Miso beet falafel";"PROT";"ea";"389.01";"311.208";"466.812";"4010.353";"4668";"657.647";"0";"0";"true"
"2026-08-11";"PROT-011";"Crispy eggplant";"PROT";"g";"8716.001";"6972.801";"10459.201";"89875.122";"104592";"14716.878";"0";"0";"true"
"2026-08-11";"SAUC-001";"Teriyaki sauce";"SAUC";"g";"4593.196";"3674.557";"5511.835";"47370.464";"22966";"0";"0";"24404.464";"true"
"2026-08-11";"SAUC-002";"Japanese mayo";"SAUC";"g";"333.588";"266.87";"400.305";"3439.68";"1668";"0";"0";"1771.68";"true"
"2026-08-11";"SAUC-003";"Spicy mayo";"SAUC";"g";"1675.959";"1340.767";"2011.15";"17282.629";"8380";"0";"0";"8902.629";"true"
"2026-08-11";"SAUC-004";"Sweet miso sauce";"SAUC";"g";"1817.773";"1454.219";"2181.328";"18731.969";"9089";"0";"0";"9642.969";"true"
"2026-08-11";"SAUC-005";"Shoyu";"SAUC";"g";"1239.691";"991.753";"1487.629";"12786.113";"6198";"0";"0";"6588.113";"true"
"2026-08-11";"SAUC-006";"Creamy roasted sesame";"SAUC";"g";"3440.938";"2752.75";"4129.126";"35442.788";"17205";"0";"0";"18237.788";"true"
"2026-08-11";"SAUC-007";"Yuzu kosho mayo";"SAUC";"g";"3556.691";"2845.353";"4268.029";"36655.433";"17784";"0";"0";"18871.433";"true"
"2026-08-11";"SAUC-008";"Bao sauce";"SAUC";"g";"1146.881";"917.505";"1376.258";"11803.66";"5735";"0";"0";"6068.66";"true"
"2026-08-11";"SAUC-009";"Warm cashew satay";"SAUC";"g";"983.041";"786.433";"1179.649";"10117.423";"4915";"0";"0";"5202.423";"true"
"2026-08-11";"SAUC-010";"Assorted sauce";"SAUC";"g";"12990.061";"10392.049";"15588.074";"133959.346";"64951";"0";"0";"69008.346";"true"
"2026-08-11";"SEAS-001";"Aonori seasoning";"SEAS";"g";"333.57";"266.856";"400.284";"3435.888";"7005";"3569.112";"0";"0";"true"
"2026-08-11";"SEAS-002";"Furikake";"SEAS";"g";"132.286";"105.829";"158.743";"1363.016";"2778";"1414.984";"0";"0";"true"
"2026-08-11";"SEAS-003";"Cinnamon";"SEAS";"dash";"23.143";"18.514";"27.772";"238.22";"486";"247.78";"0";"0";"true"
"2026-08-11";"SNCK-001";"Raw ball - Peanut Butter";"SNCK";"ea";"3.785";"3.028";"4.542";"38.943";"80";"41.057";"0";"0";"true"
"2026-08-11";"SNCK-002";"Raw ball - Choc Brownie";"SNCK";"ea";"3.679";"2.943";"4.415";"37.851";"77";"39.149";"0";"0";"true"
"2026-08-11";"SNCK-003";"Raw ball - Coconut Cacao";"SNCK";"ea";"3.714";"2.971";"4.457";"38.218";"78";"39.782";"0";"0";"true"
"2026-08-11";"SNCK-004";"Raw ball - Hazelnut";"SNCK";"ea";"3.679";"2.943";"4.415";"37.877";"77";"39.123";"0";"0";"true"
"2026-08-11";"SNCK-005";"Raw ball - Apricot Delight";"SNCK";"ea";"3.786";"3.029";"4.543";"38.965";"80";"41.035";"0";"0";"true"
