"recipe_line_id";"menu_variant_id";"menu_item_id";"menu_variant_name";"portion_size";"ingredient_id";"ingredient_name";"ingredient_group_code";"quantity_per_portion";"unit";"preparation_loss_fraction";"preparation_loss_pct";"effective_quantity_per_portion";"recipe_component_status";"inventory_consumption_eligible";"source_row_number";"source_file"
"RL-0001";"MI-001-SMALL";"MI-001";"Chicken Teriyaki Bowl - Small";"Small";"BASE-001";"Cooked jasmine rice";"BASE";"150";"g";"0.02";"2";"153.061224";"SOURCE_RECIPE";"true";"2";"Recipe and menu data_1_1(1).xlsx"
"RL-0002";"MI-001-SMALL";"MI-001";"Chicken Teriyaki Bowl - Small";"Small";"LEAF-001";"Mixed leaf salad";"LEAF";"30";"g";"0.08";"8";"32.608696";"SOURCE_RECIPE";"true";"3";"Recipe and menu data_1_1(1).xlsx"
"RL-0003";"MI-001-SMALL";"MI-001";"Chicken Teriyaki Bowl - Small";"Small";"PROT-001";"Seared chicken";"PROT";"80";"g";"0.05";"5";"84.210526";"SOURCE_RECIPE";"true";"4";"Recipe and menu data_1_1(1).xlsx"
"RL-0004";"MI-001-SMALL";"MI-001";"Chicken Teriyaki Bowl - Small";"Small";"SAUC-001";"Teriyaki sauce";"SAUC";"30";"g";"0.03";"3";"30.927835";"SOURCE_RECIPE";"true";"5";"Recipe and menu data_1_1(1).xlsx"
"RL-0005";"MI-001-SMALL";"MI-001";"Chicken Teriyaki Bowl - Small";"Small";"SAUC-002";"Japanese mayo";"SAUC";"10";"g";"0.03";"3";"10.309278";"SOURCE_RECIPE";"true";"6";"Recipe and menu data_1_1(1).xlsx"
"RL-0006";"MI-001-SMALL";"MI-001";"Chicken Teriyaki Bowl - Small";"Small";"GARN-001";"Edamame";"GARN";"0.25";"cup";"0.03";"3";"0.257732";"SOURCE_RECIPE";"true";"7";"Recipe and menu data_1_1(1).xlsx"
"RL-0007";"MI-001-SMALL";"MI-001";"Chicken Teriyaki Bowl - Small";"Small";"GARN-002";"Pickled ginger";"GARN";"10";"g";"0.02";"2";"10.204082";"SOURCE_RECIPE";"true";"8";"Recipe and menu data_1_1(1).xlsx"
"RL-0008";"MI-001-SMALL";"MI-001";"Chicken Teriyaki Bowl - Small";"Small";"GARN-003";"Crispy shallots";"GARN";"1";"spoon";"0.02";"2";"1.020408";"SOURCE_RECIPE";"true";"9";"Recipe and menu data_1_1(1).xlsx"
"RL-0009";"MI-001-SMALL";"MI-001";"Chicken Teriyaki Bowl - Small";"Small";"GARN-004";"Nori strips";"GARN";"2";"g";"0";"0";"2";"SOURCE_RECIPE";"true";"10";"Recipe and menu data_1_1(1).xlsx"
"RL-0010";"MI-001-LARGE";"MI-001";"Chicken Teriyaki Bowl - Large";"Large";"BASE-001";"Cooked jasmine rice";"BASE";"250";"g";"0.02";"2";"255.102041";"SOURCE_RECIPE";"true";"11";"Recipe and menu data_1_1(1).xlsx"
"RL-0011";"MI-001-LARGE";"MI-001";"Chicken Teriyaki Bowl - Large";"Large";"LEAF-001";"Mixed leaf salad";"LEAF";"40";"g";"0.08";"8";"43.478261";"SOURCE_RECIPE";"true";"12";"Recipe and menu data_1_1(1).xlsx"
"RL-0012";"MI-001-LARGE";"MI-001";"Chicken Teriyaki Bowl - Large";"Large";"PROT-001";"Seared chicken";"PROT";"110";"g";"0.05";"5";"115.789474";"SOURCE_RECIPE";"true";"13";"Recipe and menu data_1_1(1).xlsx"
"RL-0013";"MI-001-LARGE";"MI-001";"Chicken Teriyaki Bowl - Large";"Large";"SAUC-001";"Teriyaki sauce";"SAUC";"40";"g";"0.03";"3";"41.237113";"SOURCE_RECIPE";"true";"14";"Recipe and menu data_1_1(1).xlsx"
"RL-0014";"MI-001-LARGE";"MI-001";"Chicken Teriyaki Bowl - Large";"Large";"SAUC-002";"Japanese mayo";"SAUC";"10";"g";"0.03";"3";"10.309278";"SOURCE_RECIPE";"true";"15";"Recipe and menu data_1_1(1).xlsx"
"RL-0015";"MI-001-LARGE";"MI-001";"Chicken Teriyaki Bowl - Large";"Large";"GARN-001";"Edamame";"GARN";"0.25";"cup";"0.03";"3";"0.257732";"SOURCE_RECIPE";"true";"16";"Recipe and menu data_1_1(1).xlsx"
"RL-0016";"MI-001-LARGE";"MI-001";"Chicken Teriyaki Bowl - Large";"Large";"GARN-002";"Pickled ginger";"GARN";"10";"g";"0.02";"2";"10.204082";"SOURCE_RECIPE";"true";"17";"Recipe and menu data_1_1(1).xlsx"
"RL-0017";"MI-001-LARGE";"MI-001";"Chicken Teriyaki Bowl - Large";"Large";"GARN-003";"Crispy shallots";"GARN";"1";"spoon";"0.02";"2";"1.020408";"SOURCE_RECIPE";"true";"18";"Recipe and menu data_1_1(1).xlsx"
"RL-0018";"MI-001-LARGE";"MI-001";"Chicken Teriyaki Bowl - Large";"Large";"GARN-004";"Nori strips";"GARN";"2";"g";"0";"0";"2";"SOURCE_RECIPE";"true";"19";"Recipe and menu data_1_1(1).xlsx"
"RL-0019";"MI-007-SMALL";"MI-007";"Wagyu Beef Bowl - Small";"Small";"BASE-001";"Cooked jasmine rice";"BASE";"150";"g";"0.02";"2";"153.061224";"SOURCE_RECIPE";"true";"20";"Recipe and menu data_1_1(1).xlsx"
"RL-0020";"MI-007-SMALL";"MI-007";"Wagyu Beef Bowl - Small";"Small";"LEAF-001";"Mixed leaf salad";"LEAF";"30";"g";"0.08";"8";"32.608696";"SOURCE_RECIPE";"true";"21";"Recipe and menu data_1_1(1).xlsx"
"RL-0021";"MI-007-SMALL";"MI-007";"Wagyu Beef Bowl - Small";"Small";"PROT-004";"Flame-seared wagyu";"PROT";"60";"g";"0.08";"8";"65.217391";"SOURCE_RECIPE";"true";"22";"Recipe and menu data_1_1(1).xlsx"
"RL-0022";"MI-007-SMALL";"MI-007";"Wagyu Beef Bowl - Small";"Small";"SAUC-001";"Teriyaki sauce";"SAUC";"30";"g";"0.03";"3";"30.927835";"SOURCE_RECIPE";"true";"23";"Recipe and menu data_1_1(1).xlsx"
"RL-0023";"MI-007-SMALL";"MI-007";"Wagyu Beef Bowl - Small";"Small";"GARN-001";"Edamame";"GARN";"0.25";"cup";"0.03";"3";"0.257732";"SOURCE_RECIPE";"true";"24";"Recipe and menu data_1_1(1).xlsx"
"RL-0024";"MI-007-SMALL";"MI-007";"Wagyu Beef Bowl - Small";"Small";"GARN-002";"Pickled ginger";"GARN";"10";"g";"0.02";"2";"10.204082";"SOURCE_RECIPE";"true";"25";"Recipe and menu data_1_1(1).xlsx"
"RL-0025";"MI-007-SMALL";"MI-007";"Wagyu Beef Bowl - Small";"Small";"GARN-003";"Crispy shallots";"GARN";"1";"spoon";"0.02";"2";"1.020408";"SOURCE_RECIPE";"true";"26";"Recipe and menu data_1_1(1).xlsx"
"RL-0026";"MI-007-SMALL";"MI-007";"Wagyu Beef Bowl - Small";"Small";"GARN-004";"Nori strips";"GARN";"2";"g";"0";"0";"2";"SOURCE_RECIPE";"true";"27";"Recipe and menu data_1_1(1).xlsx"
"RL-0027";"MI-007-SMALL";"MI-007";"Wagyu Beef Bowl - Small";"Small";"GARN-006";"63-degree egg";"GARN";"1";"ea";"0.05";"5";"1.052632";"SOURCE_RECIPE";"true";"28";"Recipe and menu data_1_1(1).xlsx"
"RL-0028";"MI-007-LARGE";"MI-007";"Wagyu Beef Bowl - Large";"Large";"BASE-001";"Cooked jasmine rice";"BASE";"250";"g";"0.02";"2";"255.102041";"SOURCE_RECIPE";"true";"29";"Recipe and menu data_1_1(1).xlsx"
"RL-0029";"MI-007-LARGE";"MI-007";"Wagyu Beef Bowl - Large";"Large";"LEAF-001";"Mixed leaf salad";"LEAF";"40";"g";"0.08";"8";"43.478261";"SOURCE_RECIPE";"true";"30";"Recipe and menu data_1_1(1).xlsx"
"RL-0030";"MI-007-LARGE";"MI-007";"Wagyu Beef Bowl - Large";"Large";"PROT-004";"Flame-seared wagyu";"PROT";"80";"g";"0.08";"8";"86.956522";"SOURCE_RECIPE";"true";"31";"Recipe and menu data_1_1(1).xlsx"
"RL-0031";"MI-007-LARGE";"MI-007";"Wagyu Beef Bowl - Large";"Large";"SAUC-001";"Teriyaki sauce";"SAUC";"40";"g";"0.03";"3";"41.237113";"SOURCE_RECIPE";"true";"32";"Recipe and menu data_1_1(1).xlsx"
"RL-0032";"MI-007-LARGE";"MI-007";"Wagyu Beef Bowl - Large";"Large";"GARN-001";"Edamame";"GARN";"0.25";"cup";"0.03";"3";"0.257732";"SOURCE_RECIPE";"true";"33";"Recipe and menu data_1_1(1).xlsx"
"RL-0033";"MI-007-LARGE";"MI-007";"Wagyu Beef Bowl - Large";"Large";"GARN-002";"Pickled ginger";"GARN";"10";"g";"0.02";"2";"10.204082";"SOURCE_RECIPE";"true";"34";"Recipe and menu data_1_1(1).xlsx"
"RL-0034";"MI-007-LARGE";"MI-007";"Wagyu Beef Bowl - Large";"Large";"GARN-003";"Crispy shallots";"GARN";"1";"spoon";"0.02";"2";"1.020408";"SOURCE_RECIPE";"true";"35";"Recipe and menu data_1_1(1).xlsx"
"RL-0035";"MI-007-LARGE";"MI-007";"Wagyu Beef Bowl - Large";"Large";"GARN-004";"Nori strips";"GARN";"2";"g";"0";"0";"2";"SOURCE_RECIPE";"true";"36";"Recipe and menu data_1_1(1).xlsx"
"RL-0036";"MI-007-LARGE";"MI-007";"Wagyu Beef Bowl - Large";"Large";"GARN-006";"63-degree egg";"GARN";"1";"ea";"0.05";"5";"1.052632";"SOURCE_RECIPE";"true";"37";"Recipe and menu data_1_1(1).xlsx"
"RL-0037";"MI-008-SMALL";"MI-008";"Karaage Chicken Bowl - Small";"Small";"BASE-001";"Cooked jasmine rice";"BASE";"150";"g";"0.02";"2";"153.061224";"SOURCE_RECIPE";"true";"38";"Recipe and menu data_1_1(1).xlsx"
"RL-0038";"MI-008-SMALL";"MI-008";"Karaage Chicken Bowl - Small";"Small";"LEAF-001";"Mixed leaf salad";"LEAF";"10";"g";"0.08";"8";"10.869565";"SOURCE_RECIPE";"true";"39";"Recipe and menu data_1_1(1).xlsx"
"RL-0039";"MI-008-SMALL";"MI-008";"Karaage Chicken Bowl - Small";"Small";"PROT-003";"Karaage chicken";"PROT";"100";"g";"0.03";"3";"103.092784";"SOURCE_RECIPE";"true";"40";"Recipe and menu data_1_1(1).xlsx"
"RL-0040";"MI-008-SMALL";"MI-008";"Karaage Chicken Bowl - Small";"Small";"SAUC-001";"Teriyaki sauce";"SAUC";"30";"g";"0.03";"3";"30.927835";"SOURCE_RECIPE";"true";"41";"Recipe and menu data_1_1(1).xlsx"
"RL-0041";"MI-008-SMALL";"MI-008";"Karaage Chicken Bowl - Small";"Small";"SAUC-003";"Spicy mayo";"SAUC";"10";"g";"0.03";"3";"10.309278";"SOURCE_RECIPE";"true";"42";"Recipe and menu data_1_1(1).xlsx"
"RL-0042";"MI-008-SMALL";"MI-008";"Karaage Chicken Bowl - Small";"Small";"GARN-001";"Edamame";"GARN";"0.25";"cup";"0.03";"3";"0.257732";"SOURCE_RECIPE";"true";"43";"Recipe and menu data_1_1(1).xlsx"
"RL-0043";"MI-008-SMALL";"MI-008";"Karaage Chicken Bowl - Small";"Small";"GARN-002";"Pickled ginger";"GARN";"10";"g";"0.02";"2";"10.204082";"SOURCE_RECIPE";"true";"44";"Recipe and menu data_1_1(1).xlsx"
"RL-0044";"MI-008-LARGE";"MI-008";"Karaage Chicken Bowl - Large";"Large";"BASE-001";"Cooked jasmine rice";"BASE";"250";"g";"0.02";"2";"255.102041";"SOURCE_RECIPE";"true";"45";"Recipe and menu data_1_1(1).xlsx"
"RL-0045";"MI-008-LARGE";"MI-008";"Karaage Chicken Bowl - Large";"Large";"LEAF-001";"Mixed leaf salad";"LEAF";"15";"g";"0.08";"8";"16.304348";"SOURCE_RECIPE";"true";"46";"Recipe and menu data_1_1(1).xlsx"
"RL-0046";"MI-008-LARGE";"MI-008";"Karaage Chicken Bowl - Large";"Large";"PROT-003";"Karaage chicken";"PROT";"130";"g";"0.03";"3";"134.020619";"SOURCE_RECIPE";"true";"47";"Recipe and menu data_1_1(1).xlsx"
"RL-0047";"MI-008-LARGE";"MI-008";"Karaage Chicken Bowl - Large";"Large";"SAUC-001";"Teriyaki sauce";"SAUC";"40";"g";"0.03";"3";"41.237113";"SOURCE_RECIPE";"true";"48";"Recipe and menu data_1_1(1).xlsx"
"RL-0048";"MI-008-LARGE";"MI-008";"Karaage Chicken Bowl - Large";"Large";"SAUC-003";"Spicy mayo";"SAUC";"10";"g";"0.03";"3";"10.309278";"SOURCE_RECIPE";"true";"49";"Recipe and menu data_1_1(1).xlsx"
"RL-0049";"MI-008-LARGE";"MI-008";"Karaage Chicken Bowl - Large";"Large";"GARN-001";"Edamame";"GARN";"0.25";"cup";"0.03";"3";"0.257732";"SOURCE_RECIPE";"true";"50";"Recipe and menu data_1_1(1).xlsx"
"RL-0050";"MI-008-LARGE";"MI-008";"Karaage Chicken Bowl - Large";"Large";"GARN-002";"Pickled ginger";"GARN";"10";"g";"0.02";"2";"10.204082";"SOURCE_RECIPE";"true";"51";"Recipe and menu data_1_1(1).xlsx"
"RL-0051";"MI-003-SMALL";"MI-003";"Miso Eggplant Bowl - Small";"Small";"BASE-001";"Cooked jasmine rice";"BASE";"150";"g";"0.02";"2";"153.061224";"SOURCE_RECIPE";"true";"52";"Recipe and menu data_1_1(1).xlsx"
"RL-0052";"MI-003-SMALL";"MI-003";"Miso Eggplant Bowl - Small";"Small";"LEAF-001";"Mixed leaf salad";"LEAF";"10";"g";"0.08";"8";"10.869565";"SOURCE_RECIPE";"true";"53";"Recipe and menu data_1_1(1).xlsx"
"RL-0053";"MI-003-SMALL";"MI-003";"Miso Eggplant Bowl - Small";"Small";"PROT-011";"Crispy eggplant";"PROT";"100";"g";"0.05";"5";"105.263158";"SOURCE_RECIPE";"true";"54";"Recipe and menu data_1_1(1).xlsx"
"RL-0054";"MI-003-SMALL";"MI-003";"Miso Eggplant Bowl - Small";"Small";"SAUC-004";"Sweet miso sauce";"SAUC";"30";"g";"0.03";"3";"30.927835";"SOURCE_RECIPE";"true";"55";"Recipe and menu data_1_1(1).xlsx"
"RL-0055";"MI-003-SMALL";"MI-003";"Miso Eggplant Bowl - Small";"Small";"GARN-001";"Edamame";"GARN";"0.25";"cup";"0.03";"3";"0.257732";"SOURCE_RECIPE";"true";"56";"Recipe and menu data_1_1(1).xlsx"
"RL-0056";"MI-003-SMALL";"MI-003";"Miso Eggplant Bowl - Small";"Small";"GARN-002";"Pickled ginger";"GARN";"10";"g";"0.02";"2";"10.204082";"SOURCE_RECIPE";"true";"57";"Recipe and menu data_1_1(1).xlsx"
"RL-0057";"MI-003-SMALL";"MI-003";"Miso Eggplant Bowl - Small";"Small";"GARN-003";"Crispy shallots";"GARN";"1";"spoon";"0.02";"2";"1.020408";"SOURCE_RECIPE";"true";"58";"Recipe and menu data_1_1(1).xlsx"
"RL-0058";"MI-003-SMALL";"MI-003";"Miso Eggplant Bowl - Small";"Small";"GARN-004";"Nori strips";"GARN";"2";"g";"0";"0";"2";"SOURCE_RECIPE";"true";"59";"Recipe and menu data_1_1(1).xlsx"
"RL-0059";"MI-003-LARGE";"MI-003";"Miso Eggplant Bowl - Large";"Large";"BASE-001";"Cooked jasmine rice";"BASE";"250";"g";"0.02";"2";"255.102041";"SOURCE_RECIPE";"true";"60";"Recipe and menu data_1_1(1).xlsx"
"RL-0060";"MI-003-LARGE";"MI-003";"Miso Eggplant Bowl - Large";"Large";"LEAF-001";"Mixed leaf salad";"LEAF";"15";"g";"0.08";"8";"16.304348";"SOURCE_RECIPE";"true";"61";"Recipe and menu data_1_1(1).xlsx"
"RL-0061";"MI-003-LARGE";"MI-003";"Miso Eggplant Bowl - Large";"Large";"PROT-011";"Crispy eggplant";"PROT";"130";"g";"0.05";"5";"136.842105";"SOURCE_RECIPE";"true";"62";"Recipe and menu data_1_1(1).xlsx"
"RL-0062";"MI-003-LARGE";"MI-003";"Miso Eggplant Bowl - Large";"Large";"SAUC-004";"Sweet miso sauce";"SAUC";"40";"g";"0.03";"3";"41.237113";"SOURCE_RECIPE";"true";"63";"Recipe and menu data_1_1(1).xlsx"
"RL-0063";"MI-003-LARGE";"MI-003";"Miso Eggplant Bowl - Large";"Large";"GARN-001";"Edamame";"GARN";"0.25";"cup";"0.03";"3";"0.257732";"SOURCE_RECIPE";"true";"64";"Recipe and menu data_1_1(1).xlsx"
"RL-0064";"MI-003-LARGE";"MI-003";"Miso Eggplant Bowl - Large";"Large";"GARN-002";"Pickled ginger";"GARN";"10";"g";"0.02";"2";"10.204082";"SOURCE_RECIPE";"true";"65";"Recipe and menu data_1_1(1).xlsx"
"RL-0065";"MI-003-LARGE";"MI-003";"Miso Eggplant Bowl - Large";"Large";"GARN-003";"Crispy shallots";"GARN";"1";"spoon";"0.02";"2";"1.020408";"SOURCE_RECIPE";"true";"66";"Recipe and menu data_1_1(1).xlsx"
"RL-0066";"MI-003-LARGE";"MI-003";"Miso Eggplant Bowl - Large";"Large";"GARN-004";"Nori strips";"GARN";"2";"g";"0";"0";"2";"SOURCE_RECIPE";"true";"67";"Recipe and menu data_1_1(1).xlsx"
"RL-0067";"MI-005-SMALL";"MI-005";"Sashimi Bowl - Small";"Small";"BASE-001";"Cooked jasmine rice";"BASE";"150";"g";"0.02";"2";"153.061224";"SOURCE_RECIPE";"true";"68";"Recipe and menu data_1_1(1).xlsx"
"RL-0068";"MI-005-SMALL";"MI-005";"Sashimi Bowl - Small";"Small";"SEAS-002";"Furikake";"SEAS";"2";"g";"0";"0";"2";"SOURCE_RECIPE";"true";"69";"Recipe and menu data_1_1(1).xlsx"
"RL-0069";"MI-005-SMALL";"MI-005";"Sashimi Bowl - Small";"Small";"LEAF-001";"Mixed leaf salad";"LEAF";"10";"g";"0.08";"8";"10.869565";"SOURCE_RECIPE";"true";"70";"Recipe and menu data_1_1(1).xlsx"
"RL-0070";"MI-005-SMALL";"MI-005";"Sashimi Bowl - Small";"Small";"PROT-006";"Sashimi salmon";"PROT";"30";"g";"0.12";"12";"34.090909";"SOURCE_RECIPE";"true";"71";"Recipe and menu data_1_1(1).xlsx"
"RL-0071";"MI-005-SMALL";"MI-005";"Sashimi Bowl - Small";"Small";"PROT-007";"Sashimi tuna";"PROT";"60";"g";"0.1";"10";"66.666667";"SOURCE_RECIPE";"true";"72";"Recipe and menu data_1_1(1).xlsx"
"RL-0072";"MI-005-SMALL";"MI-005";"Sashimi Bowl - Small";"Small";"SAUC-005";"Shoyu";"SAUC";"30";"g";"0.03";"3";"30.927835";"SOURCE_RECIPE";"true";"73";"Recipe and menu data_1_1(1).xlsx"
"RL-0073";"MI-005-SMALL";"MI-005";"Sashimi Bowl - Small";"Small";"GARN-001";"Edamame";"GARN";"0.25";"cup";"0.03";"3";"0.257732";"SOURCE_RECIPE";"true";"74";"Recipe and menu data_1_1(1).xlsx"
"RL-0074";"MI-005-SMALL";"MI-005";"Sashimi Bowl - Small";"Small";"GARN-002";"Pickled ginger";"GARN";"10";"g";"0.02";"2";"10.204082";"SOURCE_RECIPE";"true";"75";"Recipe and menu data_1_1(1).xlsx"
"RL-0075";"MI-005-SMALL";"MI-005";"Sashimi Bowl - Small";"Small";"GARN-010";"Avocado";"GARN";"40";"g";"0.25";"25";"53.333333";"SOURCE_RECIPE";"true";"76";"Recipe and menu data_1_1(1).xlsx"
"RL-0076";"MI-005-SMALL";"MI-005";"Sashimi Bowl - Small";"Small";"GARN-004";"Nori strips";"GARN";"2";"g";"0";"0";"2";"SOURCE_RECIPE";"true";"77";"Recipe and menu data_1_1(1).xlsx"
"RL-0077";"MI-005-LARGE";"MI-005";"Sashimi Bowl - Large";"Large";"BASE-001";"Cooked jasmine rice";"BASE";"250";"g";"0.02";"2";"255.102041";"SOURCE_RECIPE";"true";"78";"Recipe and menu data_1_1(1).xlsx"
"RL-0078";"MI-005-LARGE";"MI-005";"Sashimi Bowl - Large";"Large";"SEAS-002";"Furikake";"SEAS";"2";"g";"0";"0";"2";"SOURCE_RECIPE";"true";"79";"Recipe and menu data_1_1(1).xlsx"
"RL-0079";"MI-005-LARGE";"MI-005";"Sashimi Bowl - Large";"Large";"LEAF-001";"Mixed leaf salad";"LEAF";"15";"g";"0.08";"8";"16.304348";"SOURCE_RECIPE";"true";"80";"Recipe and menu data_1_1(1).xlsx"
"RL-0080";"MI-005-LARGE";"MI-005";"Sashimi Bowl - Large";"Large";"PROT-006";"Sashimi salmon";"PROT";"40";"g";"0.12";"12";"45.454545";"SOURCE_RECIPE";"true";"81";"Recipe and menu data_1_1(1).xlsx"
"RL-0081";"MI-005-LARGE";"MI-005";"Sashimi Bowl - Large";"Large";"PROT-007";"Sashimi tuna";"PROT";"80";"g";"0.1";"10";"88.888889";"SOURCE_RECIPE";"true";"82";"Recipe and menu data_1_1(1).xlsx"
"RL-0082";"MI-005-LARGE";"MI-005";"Sashimi Bowl - Large";"Large";"SAUC-005";"Shoyu";"SAUC";"40";"g";"0.03";"3";"41.237113";"SOURCE_RECIPE";"true";"83";"Recipe and menu data_1_1(1).xlsx"
"RL-0083";"MI-005-LARGE";"MI-005";"Sashimi Bowl - Large";"Large";"GARN-001";"Edamame";"GARN";"0.25";"cup";"0.03";"3";"0.257732";"SOURCE_RECIPE";"true";"84";"Recipe and menu data_1_1(1).xlsx"
"RL-0084";"MI-005-LARGE";"MI-005";"Sashimi Bowl - Large";"Large";"GARN-002";"Pickled ginger";"GARN";"10";"g";"0.02";"2";"10.204082";"SOURCE_RECIPE";"true";"85";"Recipe and menu data_1_1(1).xlsx"
"RL-0085";"MI-005-LARGE";"MI-005";"Sashimi Bowl - Large";"Large";"GARN-010";"Avocado";"GARN";"40";"g";"0.25";"25";"53.333333";"SOURCE_RECIPE";"true";"86";"Recipe and menu data_1_1(1).xlsx"
"RL-0086";"MI-005-LARGE";"MI-005";"Sashimi Bowl - Large";"Large";"GARN-004";"Nori strips";"GARN";"2";"g";"0";"0";"2";"SOURCE_RECIPE";"true";"87";"Recipe and menu data_1_1(1).xlsx"
"RL-0087";"MI-006-SMALL";"MI-006";"Poke Bowl - Small";"Small";"BASE-003";"Turmeric coconut rice";"BASE";"150";"g";"0.02";"2";"153.061224";"SOURCE_RECIPE";"true";"88";"Recipe and menu data_1_1(1).xlsx"
"RL-0088";"MI-006-SMALL";"MI-006";"Poke Bowl - Small";"Small";"LEAF-002";"Baby spinach";"LEAF";"30";"g";"0.06";"6";"31.914894";"SOURCE_RECIPE";"true";"89";"Recipe and menu data_1_1(1).xlsx"
"RL-0089";"MI-006-SMALL";"MI-006";"Poke Bowl - Small";"Small";"PROT-006";"Sashimi salmon";"PROT";"65";"g";"0.12";"12";"73.863636";"SOURCE_RECIPE";"true";"90";"Recipe and menu data_1_1(1).xlsx"
"RL-0090";"MI-006-SMALL";"MI-006";"Poke Bowl - Small";"Small";"SAUC-006";"Creamy roasted sesame";"SAUC";"30";"g";"0.03";"3";"30.927835";"SOURCE_RECIPE";"true";"91";"Recipe and menu data_1_1(1).xlsx"
"RL-0091";"MI-006-SMALL";"MI-006";"Poke Bowl - Small";"Small";"GARN-001";"Edamame";"GARN";"0.25";"cup";"0.03";"3";"0.257732";"SOURCE_RECIPE";"true";"92";"Recipe and menu data_1_1(1).xlsx"
"RL-0092";"MI-006-SMALL";"MI-006";"Poke Bowl - Small";"Small";"GARN-002";"Pickled ginger";"GARN";"10";"g";"0.02";"2";"10.204082";"SOURCE_RECIPE";"true";"93";"Recipe and menu data_1_1(1).xlsx"
"RL-0093";"MI-006-SMALL";"MI-006";"Poke Bowl - Small";"Small";"GARN-003";"Crispy shallots";"GARN";"1";"spoon";"0.02";"2";"1.020408";"SOURCE_RECIPE";"true";"94";"Recipe and menu data_1_1(1).xlsx"
"RL-0094";"MI-006-SMALL";"MI-006";"Poke Bowl - Small";"Small";"GARN-004";"Nori strips";"GARN";"2";"g";"0";"0";"2";"SOURCE_RECIPE";"true";"95";"Recipe and menu data_1_1(1).xlsx"
"RL-0095";"MI-006-LARGE";"MI-006";"Poke Bowl - Large";"Large";"BASE-003";"Turmeric coconut rice";"BASE";"250";"g";"0.02";"2";"255.102041";"SOURCE_RECIPE";"true";"96";"Recipe and menu data_1_1(1).xlsx"
"RL-0096";"MI-006-LARGE";"MI-006";"Poke Bowl - Large";"Large";"LEAF-002";"Baby spinach";"LEAF";"40";"g";"0.06";"6";"42.553191";"SOURCE_RECIPE";"true";"97";"Recipe and menu data_1_1(1).xlsx"
"RL-0097";"MI-006-LARGE";"MI-006";"Poke Bowl - Large";"Large";"PROT-006";"Sashimi salmon";"PROT";"95";"g";"0.12";"12";"107.954545";"SOURCE_RECIPE";"true";"98";"Recipe and menu data_1_1(1).xlsx"
"RL-0098";"MI-006-LARGE";"MI-006";"Poke Bowl - Large";"Large";"SAUC-006";"Creamy roasted sesame";"SAUC";"40";"g";"0.03";"3";"41.237113";"SOURCE_RECIPE";"true";"99";"Recipe and menu data_1_1(1).xlsx"
"RL-0099";"MI-006-LARGE";"MI-006";"Poke Bowl - Large";"Large";"GARN-001";"Edamame";"GARN";"0.25";"cup";"0.03";"3";"0.257732";"SOURCE_RECIPE";"true";"100";"Recipe and menu data_1_1(1).xlsx"
"RL-0100";"MI-006-LARGE";"MI-006";"Poke Bowl - Large";"Large";"GARN-002";"Pickled ginger";"GARN";"10";"g";"0.02";"2";"10.204082";"SOURCE_RECIPE";"true";"101";"Recipe and menu data_1_1(1).xlsx"
"RL-0101";"MI-006-LARGE";"MI-006";"Poke Bowl - Large";"Large";"GARN-003";"Crispy shallots";"GARN";"1";"spoon";"0.02";"2";"1.020408";"SOURCE_RECIPE";"true";"102";"Recipe and menu data_1_1(1).xlsx"
"RL-0102";"MI-006-LARGE";"MI-006";"Poke Bowl - Large";"Large";"GARN-004";"Nori strips";"GARN";"2";"g";"0";"0";"2";"SOURCE_RECIPE";"true";"103";"Recipe and menu data_1_1(1).xlsx"
"RL-0103";"MI-067-SMALL";"MI-067";"Aburi Salmon Bowl - Small";"Small";"BASE-003";"Turmeric coconut rice";"BASE";"150";"g";"0.02";"2";"153.061224";"SOURCE_RECIPE";"true";"104";"Recipe and menu data_1_1(1).xlsx"
"RL-0104";"MI-067-SMALL";"MI-067";"Aburi Salmon Bowl - Small";"Small";"LEAF-002";"Baby spinach";"LEAF";"30";"g";"0.06";"6";"31.914894";"SOURCE_RECIPE";"true";"105";"Recipe and menu data_1_1(1).xlsx"
"RL-0105";"MI-067-SMALL";"MI-067";"Aburi Salmon Bowl - Small";"Small";"PROT-005";"Aburi salmon";"PROT";"65";"g";"0.12";"12";"73.863636";"SOURCE_RECIPE";"true";"106";"Recipe and menu data_1_1(1).xlsx"
"RL-0106";"MI-067-SMALL";"MI-067";"Aburi Salmon Bowl - Small";"Small";"SAUC-006";"Creamy roasted sesame";"SAUC";"30";"g";"0.03";"3";"30.927835";"SOURCE_RECIPE";"true";"107";"Recipe and menu data_1_1(1).xlsx"
"RL-0107";"MI-067-SMALL";"MI-067";"Aburi Salmon Bowl - Small";"Small";"GARN-001";"Edamame";"GARN";"0.25";"cup";"0.03";"3";"0.257732";"SOURCE_RECIPE";"true";"108";"Recipe and menu data_1_1(1).xlsx"
"RL-0108";"MI-067-SMALL";"MI-067";"Aburi Salmon Bowl - Small";"Small";"GARN-002";"Pickled ginger";"GARN";"10";"g";"0.02";"2";"10.204082";"SOURCE_RECIPE";"true";"109";"Recipe and menu data_1_1(1).xlsx"
"RL-0109";"MI-067-SMALL";"MI-067";"Aburi Salmon Bowl - Small";"Small";"GARN-003";"Crispy shallots";"GARN";"1";"spoon";"0.02";"2";"1.020408";"SOURCE_RECIPE";"true";"110";"Recipe and menu data_1_1(1).xlsx"
"RL-0110";"MI-067-SMALL";"MI-067";"Aburi Salmon Bowl - Small";"Small";"GARN-004";"Nori strips";"GARN";"2";"g";"0";"0";"2";"SOURCE_RECIPE";"true";"111";"Recipe and menu data_1_1(1).xlsx"
"RL-0111";"MI-067-LARGE";"MI-067";"Aburi Salmon Bowl - Large";"Large";"BASE-003";"Turmeric coconut rice";"BASE";"250";"g";"0.02";"2";"255.102041";"SOURCE_RECIPE";"true";"112";"Recipe and menu data_1_1(1).xlsx"
"RL-0112";"MI-067-LARGE";"MI-067";"Aburi Salmon Bowl - Large";"Large";"LEAF-002";"Baby spinach";"LEAF";"40";"g";"0.06";"6";"42.553191";"SOURCE_RECIPE";"true";"113";"Recipe and menu data_1_1(1).xlsx"
"RL-0113";"MI-067-LARGE";"MI-067";"Aburi Salmon Bowl - Large";"Large";"PROT-005";"Aburi salmon";"PROT";"95";"g";"0.12";"12";"107.954545";"SOURCE_RECIPE";"true";"114";"Recipe and menu data_1_1(1).xlsx"
"RL-0114";"MI-067-LARGE";"MI-067";"Aburi Salmon Bowl - Large";"Large";"SAUC-006";"Creamy roasted sesame";"SAUC";"40";"g";"0.03";"3";"41.237113";"SOURCE_RECIPE";"true";"115";"Recipe and menu data_1_1(1).xlsx"
"RL-0115";"MI-067-LARGE";"MI-067";"Aburi Salmon Bowl - Large";"Large";"GARN-001";"Edamame";"GARN";"0.25";"cup";"0.03";"3";"0.257732";"SOURCE_RECIPE";"true";"116";"Recipe and menu data_1_1(1).xlsx"
"RL-0116";"MI-067-LARGE";"MI-067";"Aburi Salmon Bowl - Large";"Large";"GARN-002";"Pickled ginger";"GARN";"10";"g";"0.02";"2";"10.204082";"SOURCE_RECIPE";"true";"117";"Recipe and menu data_1_1(1).xlsx"
"RL-0117";"MI-067-LARGE";"MI-067";"Aburi Salmon Bowl - Large";"Large";"GARN-003";"Crispy shallots";"GARN";"1";"spoon";"0.02";"2";"1.020408";"SOURCE_RECIPE";"true";"118";"Recipe and menu data_1_1(1).xlsx"
"RL-0118";"MI-067-LARGE";"MI-067";"Aburi Salmon Bowl - Large";"Large";"GARN-004";"Nori strips";"GARN";"2";"g";"0";"0";"2";"SOURCE_RECIPE";"true";"119";"Recipe and menu data_1_1(1).xlsx"
"RL-0119";"MI-004-SMALL";"MI-004";"Miso Falalalafel - Small";"Small";"BASE-003";"Turmeric coconut rice";"BASE";"150";"g";"0.02";"2";"153.061224";"SOURCE_RECIPE";"true";"120";"Recipe and menu data_1_1(1).xlsx"
"RL-0120";"MI-004-SMALL";"MI-004";"Miso Falalalafel - Small";"Small";"LEAF-001";"Mixed leaf salad";"LEAF";"10";"g";"0.08";"8";"10.869565";"SOURCE_RECIPE";"true";"121";"Recipe and menu data_1_1(1).xlsx"
"RL-0121";"MI-004-SMALL";"MI-004";"Miso Falalalafel - Small";"Small";"PROT-010";"Miso beet falafel";"PROT";"4";"ea";"0.02";"2";"4.081633";"SOURCE_RECIPE";"true";"122";"Recipe and menu data_1_1(1).xlsx"
"RL-0122";"MI-004-SMALL";"MI-004";"Miso Falalalafel - Small";"Small";"SAUC-003";"Spicy mayo";"SAUC";"30";"g";"0.03";"3";"30.927835";"SOURCE_RECIPE";"true";"123";"Recipe and menu data_1_1(1).xlsx"
"RL-0123";"MI-004-SMALL";"MI-004";"Miso Falalalafel - Small";"Small";"GARN-001";"Edamame";"GARN";"0.25";"cup";"0.03";"3";"0.257732";"SOURCE_RECIPE";"true";"124";"Recipe and menu data_1_1(1).xlsx"
"RL-0124";"MI-004-SMALL";"MI-004";"Miso Falalalafel - Small";"Small";"GARN-011";"Pineapple";"GARN";"30";"g";"0.2";"20";"37.5";"SOURCE_RECIPE";"true";"125";"Recipe and menu data_1_1(1).xlsx"
"RL-0125";"MI-004-SMALL";"MI-004";"Miso Falalalafel - Small";"Small";"GARN-010";"Avocado";"GARN";"40";"g";"0.25";"25";"53.333333";"SOURCE_RECIPE";"true";"126";"Recipe and menu data_1_1(1).xlsx"
"RL-0126";"MI-004-LARGE";"MI-004";"Miso Falalalafel - Large";"Large";"BASE-003";"Turmeric coconut rice";"BASE";"250";"g";"0.02";"2";"255.102041";"SOURCE_RECIPE";"true";"127";"Recipe and menu data_1_1(1).xlsx"
"RL-0127";"MI-004-LARGE";"MI-004";"Miso Falalalafel - Large";"Large";"LEAF-001";"Mixed leaf salad";"LEAF";"15";"g";"0.08";"8";"16.304348";"SOURCE_RECIPE";"true";"128";"Recipe and menu data_1_1(1).xlsx"
"RL-0128";"MI-004-LARGE";"MI-004";"Miso Falalalafel - Large";"Large";"PROT-010";"Miso beet falafel";"PROT";"6";"ea";"0.02";"2";"6.122449";"SOURCE_RECIPE";"true";"129";"Recipe and menu data_1_1(1).xlsx"
"RL-0129";"MI-004-LARGE";"MI-004";"Miso Falalalafel - Large";"Large";"SAUC-003";"Spicy mayo";"SAUC";"40";"g";"0.03";"3";"41.237113";"SOURCE_RECIPE";"true";"130";"Recipe and menu data_1_1(1).xlsx"
"RL-0130";"MI-004-LARGE";"MI-004";"Miso Falalalafel - Large";"Large";"GARN-001";"Edamame";"GARN";"0.25";"cup";"0.03";"3";"0.257732";"SOURCE_RECIPE";"true";"131";"Recipe and menu data_1_1(1).xlsx"
"RL-0131";"MI-004-LARGE";"MI-004";"Miso Falalalafel - Large";"Large";"GARN-011";"Pineapple";"GARN";"30";"g";"0.2";"20";"37.5";"SOURCE_RECIPE";"true";"132";"Recipe and menu data_1_1(1).xlsx"
"RL-0132";"MI-004-LARGE";"MI-004";"Miso Falalalafel - Large";"Large";"GARN-010";"Avocado";"GARN";"40";"g";"0.25";"25";"53.333333";"SOURCE_RECIPE";"true";"133";"Recipe and menu data_1_1(1).xlsx"
"RL-0133";"MI-002-SMALL";"MI-002";"Tofu Teriyaki Bowl - Small";"Small";"BASE-002";"Cooked brown rice";"BASE";"150";"g";"0.02";"2";"153.061224";"SOURCE_RECIPE";"true";"134";"Recipe and menu data_1_1(1).xlsx"
"RL-0134";"MI-002-SMALL";"MI-002";"Tofu Teriyaki Bowl - Small";"Small";"LEAF-003";"Kale";"LEAF";"30";"g";"0.1";"10";"33.333333";"SOURCE_RECIPE";"true";"135";"Recipe and menu data_1_1(1).xlsx"
"RL-0135";"MI-002-SMALL";"MI-002";"Tofu Teriyaki Bowl - Small";"Small";"PROT-009";"Pan-seared tofu";"PROT";"65";"g";"0.03";"3";"67.010309";"SOURCE_RECIPE";"true";"136";"Recipe and menu data_1_1(1).xlsx"
"RL-0136";"MI-002-SMALL";"MI-002";"Tofu Teriyaki Bowl - Small";"Small";"SAUC-001";"Teriyaki sauce";"SAUC";"30";"g";"0.03";"3";"30.927835";"SOURCE_RECIPE";"true";"137";"Recipe and menu data_1_1(1).xlsx"
"RL-0137";"MI-002-SMALL";"MI-002";"Tofu Teriyaki Bowl - Small";"Small";"GARN-001";"Edamame";"GARN";"0.25";"cup";"0.03";"3";"0.257732";"SOURCE_RECIPE";"true";"138";"Recipe and menu data_1_1(1).xlsx"
"RL-0138";"MI-002-SMALL";"MI-002";"Tofu Teriyaki Bowl - Small";"Small";"GARN-002";"Pickled ginger";"GARN";"10";"g";"0.02";"2";"10.204082";"SOURCE_RECIPE";"true";"139";"Recipe and menu data_1_1(1).xlsx"
"RL-0139";"MI-002-SMALL";"MI-002";"Tofu Teriyaki Bowl - Small";"Small";"GARN-003";"Crispy shallots";"GARN";"1";"spoon";"0.02";"2";"1.020408";"SOURCE_RECIPE";"true";"140";"Recipe and menu data_1_1(1).xlsx"
"RL-0140";"MI-002-SMALL";"MI-002";"Tofu Teriyaki Bowl - Small";"Small";"GARN-004";"Nori strips";"GARN";"2";"g";"0";"0";"2";"SOURCE_RECIPE";"true";"141";"Recipe and menu data_1_1(1).xlsx"
"RL-0141";"MI-002-LARGE";"MI-002";"Tofu Teriyaki Bowl - Large";"Large";"BASE-002";"Cooked brown rice";"BASE";"250";"g";"0.02";"2";"255.102041";"SOURCE_RECIPE";"true";"142";"Recipe and menu data_1_1(1).xlsx"
"RL-0142";"MI-002-LARGE";"MI-002";"Tofu Teriyaki Bowl - Large";"Large";"LEAF-003";"Kale";"LEAF";"40";"g";"0.1";"10";"44.444444";"SOURCE_RECIPE";"true";"143";"Recipe and menu data_1_1(1).xlsx"
"RL-0143";"MI-002-LARGE";"MI-002";"Tofu Teriyaki Bowl - Large";"Large";"PROT-009";"Pan-seared tofu";"PROT";"95";"g";"0.03";"3";"97.938144";"SOURCE_RECIPE";"true";"144";"Recipe and menu data_1_1(1).xlsx"
"RL-0144";"MI-002-LARGE";"MI-002";"Tofu Teriyaki Bowl - Large";"Large";"SAUC-001";"Teriyaki sauce";"SAUC";"40";"g";"0.03";"3";"41.237113";"SOURCE_RECIPE";"true";"145";"Recipe and menu data_1_1(1).xlsx"
"RL-0145";"MI-002-LARGE";"MI-002";"Tofu Teriyaki Bowl - Large";"Large";"GARN-001";"Edamame";"GARN";"0.25";"cup";"0.03";"3";"0.257732";"SOURCE_RECIPE";"true";"146";"Recipe and menu data_1_1(1).xlsx"
"RL-0146";"MI-002-LARGE";"MI-002";"Tofu Teriyaki Bowl - Large";"Large";"GARN-002";"Pickled ginger";"GARN";"10";"g";"0.02";"2";"10.204082";"SOURCE_RECIPE";"true";"147";"Recipe and menu data_1_1(1).xlsx"
"RL-0147";"MI-002-LARGE";"MI-002";"Tofu Teriyaki Bowl - Large";"Large";"GARN-003";"Crispy shallots";"GARN";"1";"spoon";"0.02";"2";"1.020408";"SOURCE_RECIPE";"true";"148";"Recipe and menu data_1_1(1).xlsx"
"RL-0148";"MI-002-LARGE";"MI-002";"Tofu Teriyaki Bowl - Large";"Large";"GARN-004";"Nori strips";"GARN";"2";"g";"0";"0";"2";"SOURCE_RECIPE";"true";"149";"Recipe and menu data_1_1(1).xlsx"
"RL-0149";"MI-009-SMALL";"MI-009";"Power Meal - Small";"Small";"BASE-001";"Cooked jasmine rice";"BASE";"150";"g";"0.02";"2";"153.061224";"SOURCE_RECIPE";"true";"150";"Recipe and menu data_1_1(1).xlsx"
"RL-0150";"MI-009-SMALL";"MI-009";"Power Meal - Small";"Small";"SEAS-001";"Aonori seasoning";"SEAS";"2";"g";"0";"0";"2";"SOURCE_RECIPE";"true";"151";"Recipe and menu data_1_1(1).xlsx"
"RL-0151";"MI-009-SMALL";"MI-009";"Power Meal - Small";"Small";"LEAF-001";"Mixed leaf salad";"LEAF";"15";"g";"0.08";"8";"16.304348";"SOURCE_RECIPE";"true";"152";"Recipe and menu data_1_1(1).xlsx"
"RL-0152";"MI-009-SMALL";"MI-009";"Power Meal - Small";"Small";"PROT-003";"Karaage chicken";"PROT";"80";"g";"0.03";"3";"82.474227";"SOURCE_RECIPE";"true";"153";"Recipe and menu data_1_1(1).xlsx"
"RL-0153";"MI-009-SMALL";"MI-009";"Power Meal - Small";"Small";"PROT-005";"Aburi salmon";"PROT";"50";"g";"0.12";"12";"56.818182";"SOURCE_RECIPE";"true";"154";"Recipe and menu data_1_1(1).xlsx"
"RL-0154";"MI-009-SMALL";"MI-009";"Power Meal - Small";"Small";"SAUC-007";"Yuzu kosho mayo";"SAUC";"30";"g";"0.03";"3";"30.927835";"SOURCE_RECIPE";"true";"155";"Recipe and menu data_1_1(1).xlsx"
"RL-0155";"MI-009-SMALL";"MI-009";"Power Meal - Small";"Small";"GARN-001";"Edamame";"GARN";"0.25";"cup";"0.03";"3";"0.257732";"SOURCE_RECIPE";"true";"156";"Recipe and menu data_1_1(1).xlsx"
"RL-0156";"MI-009-SMALL";"MI-009";"Power Meal - Small";"Small";"GARN-002";"Pickled ginger";"GARN";"10";"g";"0.02";"2";"10.204082";"SOURCE_RECIPE";"true";"157";"Recipe and menu data_1_1(1).xlsx"
"RL-0157";"MI-009-SMALL";"MI-009";"Power Meal - Small";"Small";"GARN-009";"Lemon wedge";"GARN";"1";"ea";"0";"0";"1";"SOURCE_RECIPE";"true";"158";"Recipe and menu data_1_1(1).xlsx"
"RL-0158";"MI-009-SMALL";"MI-009";"Power Meal - Small";"Small";"GARN-008";"Tamagoyaki";"GARN";"1";"ea";"0.03";"3";"1.030928";"SOURCE_RECIPE";"true";"159";"Recipe and menu data_1_1(1).xlsx"
"RL-0159";"MI-009-LARGE";"MI-009";"Power Meal - Large";"Large";"BASE-001";"Cooked jasmine rice";"BASE";"250";"g";"0.02";"2";"255.102041";"SOURCE_RECIPE";"true";"160";"Recipe and menu data_1_1(1).xlsx"
"RL-0160";"MI-009-LARGE";"MI-009";"Power Meal - Large";"Large";"SEAS-001";"Aonori seasoning";"SEAS";"2";"g";"0";"0";"2";"SOURCE_RECIPE";"true";"161";"Recipe and menu data_1_1(1).xlsx"
"RL-0161";"MI-009-LARGE";"MI-009";"Power Meal - Large";"Large";"LEAF-001";"Mixed leaf salad";"LEAF";"15";"g";"0.08";"8";"16.304348";"SOURCE_RECIPE";"true";"162";"Recipe and menu data_1_1(1).xlsx"
"RL-0162";"MI-009-LARGE";"MI-009";"Power Meal - Large";"Large";"PROT-003";"Karaage chicken";"PROT";"100";"g";"0.03";"3";"103.092784";"SOURCE_RECIPE";"true";"163";"Recipe and menu data_1_1(1).xlsx"
"RL-0163";"MI-009-LARGE";"MI-009";"Power Meal - Large";"Large";"PROT-005";"Aburi salmon";"PROT";"60";"g";"0.12";"12";"68.181818";"SOURCE_RECIPE";"true";"164";"Recipe and menu data_1_1(1).xlsx"
"RL-0164";"MI-009-LARGE";"MI-009";"Power Meal - Large";"Large";"SAUC-007";"Yuzu kosho mayo";"SAUC";"40";"g";"0.03";"3";"41.237113";"SOURCE_RECIPE";"true";"165";"Recipe and menu data_1_1(1).xlsx"
"RL-0165";"MI-009-LARGE";"MI-009";"Power Meal - Large";"Large";"GARN-001";"Edamame";"GARN";"0.25";"cup";"0.03";"3";"0.257732";"SOURCE_RECIPE";"true";"166";"Recipe and menu data_1_1(1).xlsx"
"RL-0166";"MI-009-LARGE";"MI-009";"Power Meal - Large";"Large";"GARN-002";"Pickled ginger";"GARN";"10";"g";"0.02";"2";"10.204082";"SOURCE_RECIPE";"true";"167";"Recipe and menu data_1_1(1).xlsx"
"RL-0167";"MI-009-LARGE";"MI-009";"Power Meal - Large";"Large";"GARN-009";"Lemon wedge";"GARN";"1";"ea";"0";"0";"1";"SOURCE_RECIPE";"true";"168";"Recipe and menu data_1_1(1).xlsx"
"RL-0168";"MI-009-LARGE";"MI-009";"Power Meal - Large";"Large";"GARN-008";"Tamagoyaki";"GARN";"1";"ea";"0.03";"3";"1.030928";"SOURCE_RECIPE";"true";"169";"Recipe and menu data_1_1(1).xlsx"
"RL-0169";"MI-010-SMALL";"MI-010";"Salmon Yuzu Bowl - Small";"Small";"BASE-001";"Cooked jasmine rice";"BASE";"150";"g";"0.02";"2";"153.061224";"SOURCE_RECIPE";"true";"170";"Recipe and menu data_1_1(1).xlsx"
"RL-0170";"MI-010-SMALL";"MI-010";"Salmon Yuzu Bowl - Small";"Small";"SEAS-001";"Aonori seasoning";"SEAS";"2";"g";"0";"0";"2";"SOURCE_RECIPE";"true";"171";"Recipe and menu data_1_1(1).xlsx"
"RL-0171";"MI-010-SMALL";"MI-010";"Salmon Yuzu Bowl - Small";"Small";"LEAF-001";"Mixed leaf salad";"LEAF";"30";"g";"0.08";"8";"32.608696";"SOURCE_RECIPE";"true";"172";"Recipe and menu data_1_1(1).xlsx"
"RL-0172";"MI-010-SMALL";"MI-010";"Salmon Yuzu Bowl - Small";"Small";"PROT-005";"Aburi salmon";"PROT";"65";"g";"0.12";"12";"73.863636";"SOURCE_RECIPE";"true";"173";"Recipe and menu data_1_1(1).xlsx"
"RL-0173";"MI-010-SMALL";"MI-010";"Salmon Yuzu Bowl - Small";"Small";"SAUC-007";"Yuzu kosho mayo";"SAUC";"30";"g";"0.03";"3";"30.927835";"SOURCE_RECIPE";"true";"174";"Recipe and menu data_1_1(1).xlsx"
"RL-0174";"MI-010-SMALL";"MI-010";"Salmon Yuzu Bowl - Small";"Small";"GARN-001";"Edamame";"GARN";"0.25";"cup";"0.03";"3";"0.257732";"SOURCE_RECIPE";"true";"175";"Recipe and menu data_1_1(1).xlsx"
"RL-0175";"MI-010-SMALL";"MI-010";"Salmon Yuzu Bowl - Small";"Small";"GARN-002";"Pickled ginger";"GARN";"10";"g";"0.02";"2";"10.204082";"SOURCE_RECIPE";"true";"176";"Recipe and menu data_1_1(1).xlsx"
"RL-0176";"MI-010-SMALL";"MI-010";"Salmon Yuzu Bowl - Small";"Small";"GARN-005";"Nori sheet";"GARN";"1";"ea";"0";"0";"1";"SOURCE_RECIPE";"true";"177";"Recipe and menu data_1_1(1).xlsx"
"RL-0177";"MI-010-SMALL";"MI-010";"Salmon Yuzu Bowl - Small";"Small";"GARN-009";"Lemon wedge";"GARN";"1";"ea";"0";"0";"1";"SOURCE_RECIPE";"true";"178";"Recipe and menu data_1_1(1).xlsx"
"RL-0178";"MI-010-SMALL";"MI-010";"Salmon Yuzu Bowl - Small";"Small";"GARN-008";"Tamagoyaki";"GARN";"1";"ea";"0.03";"3";"1.030928";"SOURCE_RECIPE";"true";"179";"Recipe and menu data_1_1(1).xlsx"
"RL-0179";"MI-010-LARGE";"MI-010";"Salmon Yuzu Bowl - Large";"Large";"BASE-001";"Cooked jasmine rice";"BASE";"250";"g";"0.02";"2";"255.102041";"SOURCE_RECIPE";"true";"180";"Recipe and menu data_1_1(1).xlsx"
"RL-0180";"MI-010-LARGE";"MI-010";"Salmon Yuzu Bowl - Large";"Large";"SEAS-001";"Aonori seasoning";"SEAS";"2";"g";"0";"0";"2";"SOURCE_RECIPE";"true";"181";"Recipe and menu data_1_1(1).xlsx"
"RL-0181";"MI-010-LARGE";"MI-010";"Salmon Yuzu Bowl - Large";"Large";"LEAF-001";"Mixed leaf salad";"LEAF";"40";"g";"0.08";"8";"43.478261";"SOURCE_RECIPE";"true";"182";"Recipe and menu data_1_1(1).xlsx"
"RL-0182";"MI-010-LARGE";"MI-010";"Salmon Yuzu Bowl - Large";"Large";"PROT-005";"Aburi salmon";"PROT";"95";"g";"0.12";"12";"107.954545";"SOURCE_RECIPE";"true";"183";"Recipe and menu data_1_1(1).xlsx"
"RL-0183";"MI-010-LARGE";"MI-010";"Salmon Yuzu Bowl - Large";"Large";"SAUC-007";"Yuzu kosho mayo";"SAUC";"40";"g";"0.03";"3";"41.237113";"SOURCE_RECIPE";"true";"184";"Recipe and menu data_1_1(1).xlsx"
"RL-0184";"MI-010-LARGE";"MI-010";"Salmon Yuzu Bowl - Large";"Large";"GARN-001";"Edamame";"GARN";"0.25";"cup";"0.03";"3";"0.257732";"SOURCE_RECIPE";"true";"185";"Recipe and menu data_1_1(1).xlsx"
"RL-0185";"MI-010-LARGE";"MI-010";"Salmon Yuzu Bowl - Large";"Large";"GARN-002";"Pickled ginger";"GARN";"10";"g";"0.02";"2";"10.204082";"SOURCE_RECIPE";"true";"186";"Recipe and menu data_1_1(1).xlsx"
"RL-0186";"MI-010-LARGE";"MI-010";"Salmon Yuzu Bowl - Large";"Large";"GARN-005";"Nori sheet";"GARN";"1";"ea";"0";"0";"1";"SOURCE_RECIPE";"true";"187";"Recipe and menu data_1_1(1).xlsx"
"RL-0187";"MI-010-LARGE";"MI-010";"Salmon Yuzu Bowl - Large";"Large";"GARN-009";"Lemon wedge";"GARN";"1";"ea";"0";"0";"1";"SOURCE_RECIPE";"true";"188";"Recipe and menu data_1_1(1).xlsx"
"RL-0188";"MI-010-LARGE";"MI-010";"Salmon Yuzu Bowl - Large";"Large";"GARN-008";"Tamagoyaki";"GARN";"1";"ea";"0.03";"3";"1.030928";"SOURCE_RECIPE";"true";"189";"Recipe and menu data_1_1(1).xlsx"
"RL-0189";"MI-011-STANDARD";"MI-011";"Karaage Bento";"Standard";"BASE-001";"Cooked jasmine rice";"BASE";"150";"g";"0.02";"2";"153.061224";"SOURCE_RECIPE";"true";"190";"Recipe and menu data_1_1(1).xlsx"
"RL-0190";"MI-011-STANDARD";"MI-011";"Karaage Bento";"Standard";"SEAS-001";"Aonori seasoning";"SEAS";"2";"g";"0";"0";"2";"SOURCE_RECIPE";"true";"191";"Recipe and menu data_1_1(1).xlsx"
"RL-0191";"MI-011-STANDARD";"MI-011";"Karaage Bento";"Standard";"SAUC-006";"Creamy roasted sesame";"SAUC";"35";"g";"0.03";"3";"36.082474";"SOURCE_RECIPE";"true";"192";"Recipe and menu data_1_1(1).xlsx"
"RL-0192";"MI-011-STANDARD";"MI-011";"Karaage Bento";"Standard";"LEAF-004";"Classic slaw";"LEAF";"45";"g";"0.05";"5";"47.368421";"SOURCE_RECIPE";"true";"193";"Recipe and menu data_1_1(1).xlsx"
"RL-0193";"MI-011-STANDARD";"MI-011";"Karaage Bento";"Standard";"GARN-013";"Crushed walnuts";"GARN";"2";"ea";"0.02";"2";"2.040816";"SOURCE_RECIPE";"true";"194";"Recipe and menu data_1_1(1).xlsx"
"RL-0194";"MI-011-STANDARD";"MI-011";"Karaage Bento";"Standard";"PROT-003";"Karaage chicken";"PROT";"100";"g";"0.03";"3";"103.092784";"SOURCE_RECIPE";"true";"195";"Recipe and menu data_1_1(1).xlsx"
"RL-0195";"MI-011-STANDARD";"MI-011";"Karaage Bento";"Standard";"SAUC-007";"Yuzu kosho mayo";"SAUC";"30";"g";"0.03";"3";"30.927835";"SOURCE_RECIPE";"true";"196";"Recipe and menu data_1_1(1).xlsx"
"RL-0196";"MI-011-STANDARD";"MI-011";"Karaage Bento";"Standard";"GARN-007";"Half-boiled egg";"GARN";"1";"ea";"0.05";"5";"1.052632";"SOURCE_RECIPE";"true";"197";"Recipe and menu data_1_1(1).xlsx"
"RL-0197";"MI-011-STANDARD";"MI-011";"Karaage Bento";"Standard";"GARN-012";"Cucumber slice";"GARN";"2";"slice";"0.05";"5";"2.105263";"SOURCE_RECIPE";"true";"198";"Recipe and menu data_1_1(1).xlsx"
"RL-0198";"MI-012-STANDARD";"MI-012";"Salmon Aburi Bento";"Standard";"BASE-001";"Cooked jasmine rice";"BASE";"150";"g";"0.02";"2";"153.061224";"SOURCE_RECIPE";"true";"199";"Recipe and menu data_1_1(1).xlsx"
"RL-0199";"MI-012-STANDARD";"MI-012";"Salmon Aburi Bento";"Standard";"SEAS-001";"Aonori seasoning";"SEAS";"2";"g";"0";"0";"2";"SOURCE_RECIPE";"true";"200";"Recipe and menu data_1_1(1).xlsx"
"RL-0200";"MI-012-STANDARD";"MI-012";"Salmon Aburi Bento";"Standard";"SAUC-006";"Creamy roasted sesame";"SAUC";"35";"g";"0.03";"3";"36.082474";"SOURCE_RECIPE";"true";"201";"Recipe and menu data_1_1(1).xlsx"
"RL-0201";"MI-012-STANDARD";"MI-012";"Salmon Aburi Bento";"Standard";"LEAF-004";"Classic slaw";"LEAF";"45";"g";"0.05";"5";"47.368421";"SOURCE_RECIPE";"true";"202";"Recipe and menu data_1_1(1).xlsx"
"RL-0202";"MI-012-STANDARD";"MI-012";"Salmon Aburi Bento";"Standard";"GARN-013";"Crushed walnuts";"GARN";"2";"ea";"0.02";"2";"2.040816";"SOURCE_RECIPE";"true";"203";"Recipe and menu data_1_1(1).xlsx"
"RL-0203";"MI-012-STANDARD";"MI-012";"Salmon Aburi Bento";"Standard";"PROT-005";"Aburi salmon";"PROT";"90";"g";"0.12";"12";"102.272727";"SOURCE_RECIPE";"true";"204";"Recipe and menu data_1_1(1).xlsx"
"RL-0204";"MI-012-STANDARD";"MI-012";"Salmon Aburi Bento";"Standard";"SAUC-004";"Sweet miso sauce";"SAUC";"20";"g";"0.03";"3";"20.618557";"SOURCE_RECIPE";"true";"205";"Recipe and menu data_1_1(1).xlsx"
"RL-0205";"MI-012-STANDARD";"MI-012";"Salmon Aburi Bento";"Standard";"SEAS-002";"Furikake";"SEAS";"2";"g";"0";"0";"2";"SOURCE_RECIPE";"true";"206";"Recipe and menu data_1_1(1).xlsx"
"RL-0206";"MI-012-STANDARD";"MI-012";"Salmon Aburi Bento";"Standard";"GARN-007";"Half-boiled egg";"GARN";"1";"ea";"0.05";"5";"1.052632";"SOURCE_RECIPE";"true";"207";"Recipe and menu data_1_1(1).xlsx"
"RL-0207";"MI-012-STANDARD";"MI-012";"Salmon Aburi Bento";"Standard";"GARN-012";"Cucumber slice";"GARN";"2";"slice";"0.05";"5";"2.105263";"SOURCE_RECIPE";"true";"208";"Recipe and menu data_1_1(1).xlsx"
"RL-0208";"MI-013-STANDARD";"MI-013";"Tofu Bento";"Standard";"BASE-001";"Cooked jasmine rice";"BASE";"150";"g";"0.02";"2";"153.061224";"SOURCE_RECIPE";"true";"209";"Recipe and menu data_1_1(1).xlsx"
"RL-0209";"MI-013-STANDARD";"MI-013";"Tofu Bento";"Standard";"SEAS-001";"Aonori seasoning";"SEAS";"2";"g";"0";"0";"2";"SOURCE_RECIPE";"true";"210";"Recipe and menu data_1_1(1).xlsx"
"RL-0210";"MI-013-STANDARD";"MI-013";"Tofu Bento";"Standard";"SAUC-008";"Bao sauce";"SAUC";"35";"g";"0.03";"3";"36.082474";"SOURCE_RECIPE";"true";"211";"Recipe and menu data_1_1(1).xlsx"
"RL-0211";"MI-013-STANDARD";"MI-013";"Tofu Bento";"Standard";"LEAF-004";"Classic slaw";"LEAF";"45";"g";"0.05";"5";"47.368421";"SOURCE_RECIPE";"true";"212";"Recipe and menu data_1_1(1).xlsx"
"RL-0212";"MI-013-STANDARD";"MI-013";"Tofu Bento";"Standard";"GARN-013";"Crushed walnuts";"GARN";"2";"ea";"0.02";"2";"2.040816";"SOURCE_RECIPE";"true";"213";"Recipe and menu data_1_1(1).xlsx"
"RL-0213";"MI-013-STANDARD";"MI-013";"Tofu Bento";"Standard";"PROT-009";"Pan-seared tofu";"PROT";"130";"g";"0.03";"3";"134.020619";"SOURCE_RECIPE";"true";"214";"Recipe and menu data_1_1(1).xlsx"
"RL-0214";"MI-013-STANDARD";"MI-013";"Tofu Bento";"Standard";"SAUC-009";"Warm cashew satay";"SAUC";"30";"g";"0.03";"3";"30.927835";"SOURCE_RECIPE";"true";"215";"Recipe and menu data_1_1(1).xlsx"
"RL-0215";"MI-013-STANDARD";"MI-013";"Tofu Bento";"Standard";"GARN-012";"Cucumber slice";"GARN";"2";"slice";"0.05";"5";"2.105263";"SOURCE_RECIPE";"true";"216";"Recipe and menu data_1_1(1).xlsx"
"RL-0216-SMALL";"MI-014-SMALL";"MI-014";"Create Your Own - Sous-vide Chicken - Small";"Small";"PROT-002";"Sous-vide chicken";"PROT";"80";"g";"0.05";"5";"84.210526";"SOURCE_PROTEIN_SCALED_BY_SIZE";"true";"217";"Recipe and menu data_1_1(1).xlsx"
"RL-0216-LARGE";"MI-014-LARGE";"MI-014";"Create Your Own - Sous-vide Chicken - Large";"Large";"PROT-002";"Sous-vide chicken";"PROT";"108.954424";"g";"0.05";"5";"114.688867";"SOURCE_PROTEIN_SCALED_BY_SIZE";"true";"217";"Recipe and menu data_1_1(1).xlsx"
"RL-0217-SMALL";"MI-015-SMALL";"MI-015";"Create Your Own - Seared Chicken - Small";"Small";"PROT-001";"Seared chicken";"PROT";"80";"g";"0.05";"5";"84.210526";"SOURCE_PROTEIN_SCALED_BY_SIZE";"true";"218";"Recipe and menu data_1_1(1).xlsx"
"RL-0217-LARGE";"MI-015-LARGE";"MI-015";"Create Your Own - Seared Chicken - Large";"Large";"PROT-001";"Seared chicken";"PROT";"108.954424";"g";"0.05";"5";"114.688867";"SOURCE_PROTEIN_SCALED_BY_SIZE";"true";"218";"Recipe and menu data_1_1(1).xlsx"
"RL-0218-SMALL";"MI-016-SMALL";"MI-016";"Create Your Own - Pan-seared Tofu - Small";"Small";"PROT-009";"Pan-seared tofu";"PROT";"65";"g";"0.03";"3";"67.010309";"SOURCE_PROTEIN_SCALED_BY_SIZE";"true";"219";"Recipe and menu data_1_1(1).xlsx"
"RL-0218-LARGE";"MI-016-LARGE";"MI-016";"Create Your Own - Pan-seared Tofu - Large";"Large";"PROT-009";"Pan-seared tofu";"PROT";"88.460265";"g";"0.03";"3";"91.196149";"SOURCE_PROTEIN_SCALED_BY_SIZE";"true";"219";"Recipe and menu data_1_1(1).xlsx"
"RL-0219-SMALL";"MI-017-SMALL";"MI-017";"Create Your Own - Crispy Eggplant - Small";"Small";"PROT-011";"Crispy eggplant";"PROT";"100";"g";"0.05";"5";"105.263158";"SOURCE_PROTEIN_SCALED_BY_SIZE";"true";"220";"Recipe and menu data_1_1(1).xlsx"
"RL-0219-LARGE";"MI-017-LARGE";"MI-017";"Create Your Own - Crispy Eggplant - Large";"Large";"PROT-011";"Crispy eggplant";"PROT";"135.9375";"g";"0.05";"5";"143.092105";"SOURCE_PROTEIN_SCALED_BY_SIZE";"true";"220";"Recipe and menu data_1_1(1).xlsx"
"RL-0220-SMALL";"MI-018-SMALL";"MI-018";"Create Your Own - Miso Beet Falafel - Small";"Small";"PROT-010";"Miso beet falafel";"PROT";"4";"ea";"0.02";"2";"4.081633";"SOURCE_PROTEIN_SCALED_BY_SIZE";"true";"221";"Recipe and menu data_1_1(1).xlsx"
"RL-0220-LARGE";"MI-018-LARGE";"MI-018";"Create Your Own - Miso Beet Falafel - Large";"Large";"PROT-010";"Miso beet falafel";"PROT";"5.431953";"ea";"0.02";"2";"5.542809";"SOURCE_PROTEIN_SCALED_BY_SIZE";"true";"221";"Recipe and menu data_1_1(1).xlsx"
"RL-0221-SMALL";"MI-019-SMALL";"MI-019";"Create Your Own - Tiger Prawns - Small";"Small";"PROT-008";"Tiger prawns";"PROT";"65";"g";"0.08";"8";"70.652174";"SOURCE_PROTEIN_SCALED_BY_SIZE";"true";"222";"Recipe and menu data_1_1(1).xlsx"
"RL-0221-LARGE";"MI-019-LARGE";"MI-019";"Create Your Own - Tiger Prawns - Large";"Large";"PROT-008";"Tiger prawns";"PROT";"88.114224";"g";"0.08";"8";"95.776331";"SOURCE_PROTEIN_SCALED_BY_SIZE";"true";"222";"Recipe and menu data_1_1(1).xlsx"
"RL-0222-SMALL";"MI-020-SMALL";"MI-020";"Create Your Own - Karaage Chicken - Small";"Small";"PROT-003";"Karaage chicken";"PROT";"100";"g";"0.03";"3";"103.092784";"SOURCE_PROTEIN_SCALED_BY_SIZE";"true";"223";"Recipe and menu data_1_1(1).xlsx"
"RL-0222-LARGE";"MI-020-LARGE";"MI-020";"Create Your Own - Karaage Chicken - Large";"Large";"PROT-003";"Karaage chicken";"PROT";"136.061381";"g";"0.03";"3";"140.269465";"SOURCE_PROTEIN_SCALED_BY_SIZE";"true";"223";"Recipe and menu data_1_1(1).xlsx"
"RL-0223-SMALL";"MI-021-SMALL";"MI-021";"Create Your Own - Sashimi Salmon - Small";"Small";"PROT-006";"Sashimi salmon";"PROT";"65";"g";"0.12";"12";"73.863636";"SOURCE_PROTEIN_SCALED_BY_SIZE";"true";"224";"Recipe and menu data_1_1(1).xlsx"
"RL-0223-LARGE";"MI-021-LARGE";"MI-021";"Create Your Own - Sashimi Salmon - Large";"Large";"PROT-006";"Sashimi salmon";"PROT";"88.169557";"g";"0.12";"12";"100.192678";"SOURCE_PROTEIN_SCALED_BY_SIZE";"true";"224";"Recipe and menu data_1_1(1).xlsx"
"RL-0224-SMALL";"MI-022-SMALL";"MI-022";"Create Your Own - Sashimi Tuna - Small";"Small";"PROT-007";"Sashimi tuna";"PROT";"65";"g";"0.1";"10";"72.222222";"SOURCE_PROTEIN_SCALED_BY_SIZE";"true";"225";"Recipe and menu data_1_1(1).xlsx"
"RL-0224-LARGE";"MI-022-LARGE";"MI-022";"Create Your Own - Sashimi Tuna - Large";"Large";"PROT-007";"Sashimi tuna";"PROT";"88.093812";"g";"0.1";"10";"97.882014";"SOURCE_PROTEIN_SCALED_BY_SIZE";"true";"225";"Recipe and menu data_1_1(1).xlsx"
"RL-0225-SMALL";"MI-023-SMALL";"MI-023";"Create Your Own - Flame-seared Salmon - Small";"Small";"PROT-005";"Aburi salmon";"PROT";"65";"g";"0.12";"12";"73.863636";"SOURCE_PROTEIN_SCALED_BY_SIZE";"true";"226";"Recipe and menu data_1_1(1).xlsx"
"RL-0225-LARGE";"MI-023-LARGE";"MI-023";"Create Your Own - Flame-seared Salmon - Large";"Large";"PROT-005";"Aburi salmon";"PROT";"88.093812";"g";"0.12";"12";"100.106605";"SOURCE_PROTEIN_SCALED_BY_SIZE";"true";"226";"Recipe and menu data_1_1(1).xlsx"
"RL-0226-SMALL";"MI-024-SMALL";"MI-024";"Create Your Own - Flame-seared Wagyu - Small";"Small";"PROT-004";"Flame-seared wagyu";"PROT";"60";"g";"0.08";"8";"65.217391";"SOURCE_PROTEIN_SCALED_BY_SIZE";"true";"227";"Recipe and menu data_1_1(1).xlsx"
"RL-0226-LARGE";"MI-024-LARGE";"MI-024";"Create Your Own - Flame-seared Wagyu - Large";"Large";"PROT-004";"Flame-seared wagyu";"PROT";"81.317365";"g";"0.08";"8";"88.388441";"SOURCE_PROTEIN_SCALED_BY_SIZE";"true";"227";"Recipe and menu data_1_1(1).xlsx"
"RL-0227-SMALL";"MI-025-SMALL";"MI-025";"Create Your Own - No Protein - Small";"Small";"PROT-012";"No protein selected";"PROT";"0";"ea";"0";"0";"0";"SOURCE_PROTEIN_SCALED_BY_SIZE";"false";"228";"Recipe and menu data_1_1(1).xlsx"
"RL-0227-LARGE";"MI-025-LARGE";"MI-025";"Create Your Own - No Protein - Large";"Large";"PROT-012";"No protein selected";"PROT";"0";"ea";"0";"0";"0";"SOURCE_PROTEIN_SCALED_BY_SIZE";"false";"228";"Recipe and menu data_1_1(1).xlsx"
"RL-0228";"MI-026-STANDARD";"MI-026";"Miso Soup";"Standard";"MISC-001";"Miso paste (pre-packaged)";"MISC";"1";"pack";"0";"0";"1";"SOURCE_RECIPE";"true";"229";"Recipe and menu data_1_1(1).xlsx"
"RL-0229";"MI-026-STANDARD";"MI-026";"Miso Soup";"Standard";"MISC-002";"Water";"MISC";"250";"ml";"0";"0";"250";"SOURCE_RECIPE";"true";"230";"Recipe and menu data_1_1(1).xlsx"
"RL-0230";"MI-027-STANDARD";"MI-027";"Raw Balls - Peanut Butter";"Standard";"SNCK-001";"Raw ball - Peanut Butter";"SNCK";"1";"ea";"0";"0";"1";"SOURCE_RECIPE";"true";"231";"Recipe and menu data_1_1(1).xlsx"
"RL-0231";"MI-028-STANDARD";"MI-028";"Raw Balls - Choc Brownie";"Standard";"SNCK-002";"Raw ball - Choc Brownie";"SNCK";"1";"ea";"0";"0";"1";"SOURCE_RECIPE";"true";"232";"Recipe and menu data_1_1(1).xlsx"
"RL-0232";"MI-029-STANDARD";"MI-029";"Raw Balls - Coconut Cacao";"Standard";"SNCK-003";"Raw ball - Coconut Cacao";"SNCK";"1";"ea";"0";"0";"1";"SOURCE_RECIPE";"true";"233";"Recipe and menu data_1_1(1).xlsx"
"RL-0233";"MI-030-STANDARD";"MI-030";"Raw Balls - Hazelnut";"Standard";"SNCK-004";"Raw ball - Hazelnut";"SNCK";"1";"ea";"0";"0";"1";"SOURCE_RECIPE";"true";"234";"Recipe and menu data_1_1(1).xlsx"
"RL-0234";"MI-031-STANDARD";"MI-031";"Raw Balls - Apricot Delight";"Standard";"SNCK-005";"Raw ball - Apricot Delight";"SNCK";"1";"ea";"0";"0";"1";"SOURCE_RECIPE";"true";"235";"Recipe and menu data_1_1(1).xlsx"
"RL-0235";"MI-032-STANDARD";"MI-032";"myDeal - $5 Crispy Chicken Bites";"Standard";"PROT-003";"Karaage chicken";"PROT";"90";"g";"0.03";"3";"92.783505";"SOURCE_RECIPE";"true";"236";"Recipe and menu data_1_1(1).xlsx"
"RL-0236";"MI-033-STANDARD";"MI-033";"Coconut Water";"Standard";"DRNK-001";"Coconut water 330ml";"DRNK";"1";"ea";"0";"0";"1";"SOURCE_RECIPE";"true";"237";"Recipe and menu data_1_1(1).xlsx"
"RL-0237";"MI-034-STANDARD";"MI-034";"Cold Pressed Juice - Watermelon Lime";"Standard";"DRNK-002";"Cold pressed juice - Watermelon Lime 300ml";"DRNK";"1";"ea";"0";"0";"1";"SOURCE_RECIPE";"true";"238";"Recipe and menu data_1_1(1).xlsx"
"RL-0238";"MI-035-STANDARD";"MI-035";"Cold Pressed Juice - Classic OJ";"Standard";"DRNK-003";"Cold pressed juice - Classic OJ 300ml";"DRNK";"1";"ea";"0";"0";"1";"SOURCE_RECIPE";"true";"239";"Recipe and menu data_1_1(1).xlsx"
"RL-0239";"MI-036-STANDARD";"MI-036";"Cold Pressed Juice - Pineapple Mint";"Standard";"DRNK-004";"Cold pressed juice - Pineapple Mint 300ml";"DRNK";"1";"ea";"0";"0";"1";"SOURCE_RECIPE";"true";"240";"Recipe and menu data_1_1(1).xlsx"
"RL-0240";"MI-037-STANDARD";"MI-037";"Dash Sparkling Water - Lime";"Standard";"DRNK-005";"Dash sparkling water - Lime 330ml";"DRNK";"1";"ea";"0";"0";"1";"SOURCE_RECIPE";"true";"241";"Recipe and menu data_1_1(1).xlsx"
"RL-0241";"MI-038-STANDARD";"MI-038";"Dash Sparkling Water - Raspberry";"Standard";"DRNK-006";"Dash sparkling water - Raspberry 330ml";"DRNK";"1";"ea";"0";"0";"1";"SOURCE_RECIPE";"true";"242";"Recipe and menu data_1_1(1).xlsx"
"RL-0242";"MI-039-STANDARD";"MI-039";"Dash Sparkling Water - Peach";"Standard";"DRNK-007";"Dash sparkling water - Peach 330ml";"DRNK";"1";"ea";"0";"0";"1";"SOURCE_RECIPE";"true";"243";"Recipe and menu data_1_1(1).xlsx"
"RL-0243";"MI-040-STANDARD";"MI-040";"Kombucha - Ginger Lemon";"Standard";"DRNK-008";"Kombucha - Ginger Lemon 330ml";"DRNK";"1";"ea";"0";"0";"1";"SOURCE_RECIPE";"true";"244";"Recipe and menu data_1_1(1).xlsx"
"RL-0244";"MI-041-STANDARD";"MI-041";"Kombucha - Lemon Lime Mint";"Standard";"DRNK-009";"Kombucha - Lemon Lime Mint 330ml";"DRNK";"1";"ea";"0";"0";"1";"SOURCE_RECIPE";"true";"245";"Recipe and menu data_1_1(1).xlsx"
"RL-0245";"MI-042-STANDARD";"MI-042";"Kombucha - Peach";"Standard";"DRNK-010";"Kombucha - Peach 330ml";"DRNK";"1";"ea";"0";"0";"1";"SOURCE_RECIPE";"true";"246";"Recipe and menu data_1_1(1).xlsx"
"RL-0246";"MI-043-STANDARD";"MI-043";"Kombucha - Raspberry Lemonade";"Standard";"DRNK-011";"Kombucha - Raspberry Lemonade 330ml";"DRNK";"1";"ea";"0";"0";"1";"SOURCE_RECIPE";"true";"247";"Recipe and menu data_1_1(1).xlsx"
"RL-0247";"MI-044-STANDARD";"MI-044";"Sodaly - Passionfruit";"Standard";"DRNK-012";"Sodaly - Passionfruit 330ml";"DRNK";"1";"ea";"0";"0";"1";"SOURCE_RECIPE";"true";"248";"Recipe and menu data_1_1(1).xlsx"
"RL-0248";"MI-045-STANDARD";"MI-045";"Sodaly - Guava";"Standard";"DRNK-013";"Sodaly - Guava 330ml";"DRNK";"1";"ea";"0";"0";"1";"SOURCE_RECIPE";"true";"249";"Recipe and menu data_1_1(1).xlsx"
"RL-0249";"MI-046-STANDARD";"MI-046";"Sodaly - Raspberry";"Standard";"DRNK-014";"Sodaly - Raspberry 330ml";"DRNK";"1";"ea";"0";"0";"1";"SOURCE_RECIPE";"true";"250";"Recipe and menu data_1_1(1).xlsx"
"RL-0250";"MI-047-STANDARD";"MI-047";"Sparkling Water";"Standard";"DRNK-015";"Sparkling water 500ml";"DRNK";"1";"ea";"0";"0";"1";"SOURCE_RECIPE";"true";"251";"Recipe and menu data_1_1(1).xlsx"
"RL-0251";"MI-048-STANDARD";"MI-048";"Specialty Soda - Gingerella";"Standard";"DRNK-016";"Specialty soda - Gingerella 330ml";"DRNK";"1";"ea";"0";"0";"1";"SOURCE_RECIPE";"true";"252";"Recipe and menu data_1_1(1).xlsx"
"RL-0252";"MI-049-STANDARD";"MI-049";"Specialty Soda - Karma Cola";"Standard";"DRNK-017";"Specialty soda - Karma Cola 330ml";"DRNK";"1";"ea";"0";"0";"1";"SOURCE_RECIPE";"true";"253";"Recipe and menu data_1_1(1).xlsx"
"RL-0253";"MI-050-STANDARD";"MI-050";"Specialty Soda - Lemmy";"Standard";"DRNK-018";"Specialty soda - Lemmy 330ml";"DRNK";"1";"ea";"0";"0";"1";"SOURCE_RECIPE";"true";"254";"Recipe and menu data_1_1(1).xlsx"
"RL-0254";"MI-051-STANDARD";"MI-051";"Still Water";"Standard";"DRNK-019";"Still water 600ml";"DRNK";"1";"ea";"0";"0";"1";"SOURCE_RECIPE";"true";"255";"Recipe and menu data_1_1(1).xlsx"
"RL-0255";"MI-052-STANDARD";"MI-052";"Yuzu Ginger Cha";"Standard";"MISC-003";"Fresh ginger";"MISC";"3";"matchsticks";"0.15";"15";"3.529412";"SOURCE_RECIPE";"true";"256";"Recipe and menu data_1_1(1).xlsx"
"RL-0256";"MI-052-STANDARD";"MI-052";"Yuzu Ginger Cha";"Standard";"MISC-004";"Yuzu jam";"MISC";"50";"g";"0.02";"2";"51.020408";"SOURCE_RECIPE";"true";"257";"Recipe and menu data_1_1(1).xlsx"
"RL-0257";"MI-052-STANDARD";"MI-052";"Yuzu Ginger Cha";"Standard";"SEAS-003";"Cinnamon";"SEAS";"1";"dash";"0";"0";"1";"SOURCE_RECIPE";"true";"258";"Recipe and menu data_1_1(1).xlsx"
"RL-0258";"MI-052-STANDARD";"MI-052";"Yuzu Ginger Cha";"Standard";"MISC-002";"Water";"MISC";"250";"ml";"0";"0";"250";"SOURCE_RECIPE";"true";"259";"Recipe and menu data_1_1(1).xlsx"
"RL-0259";"MI-053-STANDARD";"MI-053";"Avocado";"Standard";"GARN-010";"Avocado";"GARN";"40";"g";"0.25";"25";"53.333333";"SOURCE_RECIPE";"true";"260";"Recipe and menu data_1_1(1).xlsx"
"RL-0260";"MI-054-STANDARD";"MI-054";"63 deg egg";"Standard";"GARN-006";"63-degree egg";"GARN";"1";"ea";"0.05";"5";"1.052632";"SOURCE_RECIPE";"true";"261";"Recipe and menu data_1_1(1).xlsx"
"RL-0261";"MI-055-STANDARD";"MI-055";"Extra Salad";"Standard";"LEAF-001";"Mixed leaf salad";"LEAF";"60";"g";"0.08";"8";"65.217391";"SOURCE_RECIPE";"true";"262";"Recipe and menu data_1_1(1).xlsx"
"RL-0262";"MI-056-STANDARD";"MI-056";"Standard topping (kimchi, corn, edamame, nori, etc.)";"Standard";"GARN-014";"Assorted topping (kimchi / corn / edamame / nori)";"GARN";"0.25";"cup";"0.05";"5";"0.263158";"SOURCE_RECIPE";"true";"263";"Recipe and menu data_1_1(1).xlsx"
"RL-0263";"MI-057-STANDARD";"MI-057";"Extra Sauce (any)";"Standard";"SAUC-010";"Assorted sauce";"SAUC";"30";"g";"0.03";"3";"30.927835";"SOURCE_RECIPE";"true";"264";"Recipe and menu data_1_1(1).xlsx"
"RL-0264";"MI-058-STANDARD";"MI-058";"Extra Sous-vide / Seared Chicken";"Standard";"PROT-002";"Sous-vide chicken";"PROT";"80";"g";"0.05";"5";"84.210526";"SOURCE_RECIPE";"true";"265";"Recipe and menu data_1_1(1).xlsx"
"RL-0265";"MI-059-STANDARD";"MI-059";"Extra Pan Seared Tofu";"Standard";"PROT-009";"Pan-seared tofu";"PROT";"65";"g";"0.03";"3";"67.010309";"SOURCE_RECIPE";"true";"266";"Recipe and menu data_1_1(1).xlsx"
"RL-0266";"MI-060-STANDARD";"MI-060";"Extra Eggplant";"Standard";"PROT-011";"Crispy eggplant";"PROT";"100";"g";"0.05";"5";"105.263158";"SOURCE_RECIPE";"true";"267";"Recipe and menu data_1_1(1).xlsx"
"RL-0267";"MI-061-STANDARD";"MI-061";"Extra Falafels";"Standard";"PROT-010";"Miso beet falafel";"PROT";"4";"ea";"0.02";"2";"4.081633";"SOURCE_RECIPE";"true";"268";"Recipe and menu data_1_1(1).xlsx"
"RL-0268";"MI-062-STANDARD";"MI-062";"Extra Karaage Chicken";"Standard";"PROT-003";"Karaage chicken";"PROT";"100";"g";"0.03";"3";"103.092784";"SOURCE_RECIPE";"true";"269";"Recipe and menu data_1_1(1).xlsx"
"RL-0269";"MI-063-STANDARD";"MI-063";"Extra Tiger Prawns";"Standard";"PROT-008";"Tiger prawns";"PROT";"65";"g";"0.08";"8";"70.652174";"SOURCE_RECIPE";"true";"270";"Recipe and menu data_1_1(1).xlsx"
"RL-0270";"MI-064-STANDARD";"MI-064";"Extra Aburi / Sashimi Salmon";"Standard";"PROT-006";"Sashimi salmon";"PROT";"65";"g";"0.12";"12";"73.863636";"SOURCE_RECIPE";"true";"271";"Recipe and menu data_1_1(1).xlsx"
"RL-0271";"MI-065-STANDARD";"MI-065";"Extra Sashimi Tuna";"Standard";"PROT-007";"Sashimi tuna";"PROT";"65";"g";"0.1";"10";"72.222222";"SOURCE_RECIPE";"true";"272";"Recipe and menu data_1_1(1).xlsx"
"RL-0272";"MI-066-STANDARD";"MI-066";"Extra Wagyu";"Standard";"PROT-004";"Flame-seared wagyu";"PROT";"60";"g";"0.08";"8";"65.217391";"SOURCE_RECIPE";"true";"273";"Recipe and menu data_1_1(1).xlsx"
"ASM-MI-014-SMALL-BASE";"MI-014-SMALL";"MI-014";"Create Your Own - Sous-vide Chicken - Small";"Small";"BASE-001";"Cooked jasmine rice";"BASE";"180";"g";"0.02";"2";"183.673469";"ASSUMED_CYO_DEFAULT";"true";"";"MiseCast completion assumption"
"ASM-MI-014-SMALL-LEAF";"MI-014-SMALL";"MI-014";"Create Your Own - Sous-vide Chicken - Small";"Small";"LEAF-001";"Mixed leaf salad";"LEAF";"50";"g";"0.08";"8";"54.347826";"ASSUMED_CYO_DEFAULT";"true";"";"MiseCast completion assumption"
"ASM-MI-014-SMALL-SAUCE";"MI-014-SMALL";"MI-014";"Create Your Own - Sous-vide Chicken - Small";"Small";"SAUC-010";"Assorted sauce";"SAUC";"30";"g";"0.03";"3";"30.927835";"ASSUMED_CYO_DEFAULT";"true";"";"MiseCast completion assumption"
"ASM-MI-014-SMALL-GARNISH";"MI-014-SMALL";"MI-014";"Create Your Own - Sous-vide Chicken - Small";"Small";"GARN-014";"Assorted topping (kimchi / corn / edamame / nori)";"GARN";"0.25";"cup";"0.05";"5";"0.263158";"ASSUMED_CYO_DEFAULT";"true";"";"MiseCast completion assumption"
"ASM-MI-014-LARGE-BASE";"MI-014-LARGE";"MI-014";"Create Your Own - Sous-vide Chicken - Large";"Large";"BASE-001";"Cooked jasmine rice";"BASE";"245.147453";"g";"0.02";"2";"250.150462";"ASSUMED_CYO_DEFAULT";"true";"";"MiseCast completion assumption"
"ASM-MI-014-LARGE-LEAF";"MI-014-LARGE";"MI-014";"Create Your Own - Sous-vide Chicken - Large";"Large";"LEAF-001";"Mixed leaf salad";"LEAF";"68.096515";"g";"0.08";"8";"74.017951";"ASSUMED_CYO_DEFAULT";"true";"";"MiseCast completion assumption"
"ASM-MI-014-LARGE-SAUCE";"MI-014-LARGE";"MI-014";"Create Your Own - Sous-vide Chicken - Large";"Large";"SAUC-010";"Assorted sauce";"SAUC";"40.857909";"g";"0.03";"3";"42.121556";"ASSUMED_CYO_DEFAULT";"true";"";"MiseCast completion assumption"
"ASM-MI-014-LARGE-GARNISH";"MI-014-LARGE";"MI-014";"Create Your Own - Sous-vide Chicken - Large";"Large";"GARN-014";"Assorted topping (kimchi / corn / edamame / nori)";"GARN";"0.340483";"cup";"0.05";"5";"0.358403";"ASSUMED_CYO_DEFAULT";"true";"";"MiseCast completion assumption"
"ASM-MI-015-SMALL-BASE";"MI-015-SMALL";"MI-015";"Create Your Own - Seared Chicken - Small";"Small";"BASE-001";"Cooked jasmine rice";"BASE";"180";"g";"0.02";"2";"183.673469";"ASSUMED_CYO_DEFAULT";"true";"";"MiseCast completion assumption"
"ASM-MI-015-SMALL-LEAF";"MI-015-SMALL";"MI-015";"Create Your Own - Seared Chicken - Small";"Small";"LEAF-001";"Mixed leaf salad";"LEAF";"50";"g";"0.08";"8";"54.347826";"ASSUMED_CYO_DEFAULT";"true";"";"MiseCast completion assumption"
"ASM-MI-015-SMALL-SAUCE";"MI-015-SMALL";"MI-015";"Create Your Own - Seared Chicken - Small";"Small";"SAUC-010";"Assorted sauce";"SAUC";"30";"g";"0.03";"3";"30.927835";"ASSUMED_CYO_DEFAULT";"true";"";"MiseCast completion assumption"
"ASM-MI-015-SMALL-GARNISH";"MI-015-SMALL";"MI-015";"Create Your Own - Seared Chicken - Small";"Small";"GARN-014";"Assorted topping (kimchi / corn / edamame / nori)";"GARN";"0.25";"cup";"0.05";"5";"0.263158";"ASSUMED_CYO_DEFAULT";"true";"";"MiseCast completion assumption"
"ASM-MI-015-LARGE-BASE";"MI-015-LARGE";"MI-015";"Create Your Own - Seared Chicken - Large";"Large";"BASE-001";"Cooked jasmine rice";"BASE";"245.147453";"g";"0.02";"2";"250.150462";"ASSUMED_CYO_DEFAULT";"true";"";"MiseCast completion assumption"
"ASM-MI-015-LARGE-LEAF";"MI-015-LARGE";"MI-015";"Create Your Own - Seared Chicken - Large";"Large";"LEAF-001";"Mixed leaf salad";"LEAF";"68.096515";"g";"0.08";"8";"74.017951";"ASSUMED_CYO_DEFAULT";"true";"";"MiseCast completion assumption"
"ASM-MI-015-LARGE-SAUCE";"MI-015-LARGE";"MI-015";"Create Your Own - Seared Chicken - Large";"Large";"SAUC-010";"Assorted sauce";"SAUC";"40.857909";"g";"0.03";"3";"42.121556";"ASSUMED_CYO_DEFAULT";"true";"";"MiseCast completion assumption"
"ASM-MI-015-LARGE-GARNISH";"MI-015-LARGE";"MI-015";"Create Your Own - Seared Chicken - Large";"Large";"GARN-014";"Assorted topping (kimchi / corn / edamame / nori)";"GARN";"0.340483";"cup";"0.05";"5";"0.358403";"ASSUMED_CYO_DEFAULT";"true";"";"MiseCast completion assumption"
"ASM-MI-016-SMALL-BASE";"MI-016-SMALL";"MI-016";"Create Your Own - Pan-seared Tofu - Small";"Small";"BASE-001";"Cooked jasmine rice";"BASE";"180";"g";"0.02";"2";"183.673469";"ASSUMED_CYO_DEFAULT";"true";"";"MiseCast completion assumption"
"ASM-MI-016-SMALL-LEAF";"MI-016-SMALL";"MI-016";"Create Your Own - Pan-seared Tofu - Small";"Small";"LEAF-001";"Mixed leaf salad";"LEAF";"50";"g";"0.08";"8";"54.347826";"ASSUMED_CYO_DEFAULT";"true";"";"MiseCast completion assumption"
"ASM-MI-016-SMALL-SAUCE";"MI-016-SMALL";"MI-016";"Create Your Own - Pan-seared Tofu - Small";"Small";"SAUC-010";"Assorted sauce";"SAUC";"30";"g";"0.03";"3";"30.927835";"ASSUMED_CYO_DEFAULT";"true";"";"MiseCast completion assumption"
"ASM-MI-016-SMALL-GARNISH";"MI-016-SMALL";"MI-016";"Create Your Own - Pan-seared Tofu - Small";"Small";"GARN-014";"Assorted topping (kimchi / corn / edamame / nori)";"GARN";"0.25";"cup";"0.05";"5";"0.263158";"ASSUMED_CYO_DEFAULT";"true";"";"MiseCast completion assumption"
"ASM-MI-016-LARGE-BASE";"MI-016-LARGE";"MI-016";"Create Your Own - Pan-seared Tofu - Large";"Large";"BASE-001";"Cooked jasmine rice";"BASE";"244.966887";"g";"0.02";"2";"249.966212";"ASSUMED_CYO_DEFAULT";"true";"";"MiseCast completion assumption"
"ASM-MI-016-LARGE-LEAF";"MI-016-LARGE";"MI-016";"Create Your Own - Pan-seared Tofu - Large";"Large";"LEAF-001";"Mixed leaf salad";"LEAF";"68.046358";"g";"0.08";"8";"73.963432";"ASSUMED_CYO_DEFAULT";"true";"";"MiseCast completion assumption"
"ASM-MI-016-LARGE-SAUCE";"MI-016-LARGE";"MI-016";"Create Your Own - Pan-seared Tofu - Large";"Large";"SAUC-010";"Assorted sauce";"SAUC";"40.827815";"g";"0.03";"3";"42.09053";"ASSUMED_CYO_DEFAULT";"true";"";"MiseCast completion assumption"
"ASM-MI-016-LARGE-GARNISH";"MI-016-LARGE";"MI-016";"Create Your Own - Pan-seared Tofu - Large";"Large";"GARN-014";"Assorted topping (kimchi / corn / edamame / nori)";"GARN";"0.340232";"cup";"0.05";"5";"0.358139";"ASSUMED_CYO_DEFAULT";"true";"";"MiseCast completion assumption"
"ASM-MI-017-SMALL-BASE";"MI-017-SMALL";"MI-017";"Create Your Own - Crispy Eggplant - Small";"Small";"BASE-001";"Cooked jasmine rice";"BASE";"180";"g";"0.02";"2";"183.673469";"ASSUMED_CYO_DEFAULT";"true";"";"MiseCast completion assumption"
"ASM-MI-017-SMALL-LEAF";"MI-017-SMALL";"MI-017";"Create Your Own - Crispy Eggplant - Small";"Small";"LEAF-001";"Mixed leaf salad";"LEAF";"50";"g";"0.08";"8";"54.347826";"ASSUMED_CYO_DEFAULT";"true";"";"MiseCast completion assumption"
"ASM-MI-017-SMALL-SAUCE";"MI-017-SMALL";"MI-017";"Create Your Own - Crispy Eggplant - Small";"Small";"SAUC-010";"Assorted sauce";"SAUC";"30";"g";"0.03";"3";"30.927835";"ASSUMED_CYO_DEFAULT";"true";"";"MiseCast completion assumption"
"ASM-MI-017-SMALL-GARNISH";"MI-017-SMALL";"MI-017";"Create Your Own - Crispy Eggplant - Small";"Small";"GARN-014";"Assorted topping (kimchi / corn / edamame / nori)";"GARN";"0.25";"cup";"0.05";"5";"0.263158";"ASSUMED_CYO_DEFAULT";"true";"";"MiseCast completion assumption"
"ASM-MI-017-LARGE-BASE";"MI-017-LARGE";"MI-017";"Create Your Own - Crispy Eggplant - Large";"Large";"BASE-001";"Cooked jasmine rice";"BASE";"244.6875";"g";"0.02";"2";"249.681122";"ASSUMED_CYO_DEFAULT";"true";"";"MiseCast completion assumption"
"ASM-MI-017-LARGE-LEAF";"MI-017-LARGE";"MI-017";"Create Your Own - Crispy Eggplant - Large";"Large";"LEAF-001";"Mixed leaf salad";"LEAF";"67.96875";"g";"0.08";"8";"73.879076";"ASSUMED_CYO_DEFAULT";"true";"";"MiseCast completion assumption"
"ASM-MI-017-LARGE-SAUCE";"MI-017-LARGE";"MI-017";"Create Your Own - Crispy Eggplant - Large";"Large";"SAUC-010";"Assorted sauce";"SAUC";"40.78125";"g";"0.03";"3";"42.042526";"ASSUMED_CYO_DEFAULT";"true";"";"MiseCast completion assumption"
"ASM-MI-017-LARGE-GARNISH";"MI-017-LARGE";"MI-017";"Create Your Own - Crispy Eggplant - Large";"Large";"GARN-014";"Assorted topping (kimchi / corn / edamame / nori)";"GARN";"0.339844";"cup";"0.05";"5";"0.35773";"ASSUMED_CYO_DEFAULT";"true";"";"MiseCast completion assumption"
"ASM-MI-018-SMALL-BASE";"MI-018-SMALL";"MI-018";"Create Your Own - Miso Beet Falafel - Small";"Small";"BASE-001";"Cooked jasmine rice";"BASE";"180";"g";"0.02";"2";"183.673469";"ASSUMED_CYO_DEFAULT";"true";"";"MiseCast completion assumption"
"ASM-MI-018-SMALL-LEAF";"MI-018-SMALL";"MI-018";"Create Your Own - Miso Beet Falafel - Small";"Small";"LEAF-001";"Mixed leaf salad";"LEAF";"50";"g";"0.08";"8";"54.347826";"ASSUMED_CYO_DEFAULT";"true";"";"MiseCast completion assumption"
"ASM-MI-018-SMALL-SAUCE";"MI-018-SMALL";"MI-018";"Create Your Own - Miso Beet Falafel - Small";"Small";"SAUC-010";"Assorted sauce";"SAUC";"30";"g";"0.03";"3";"30.927835";"ASSUMED_CYO_DEFAULT";"true";"";"MiseCast completion assumption"
"ASM-MI-018-SMALL-GARNISH";"MI-018-SMALL";"MI-018";"Create Your Own - Miso Beet Falafel - Small";"Small";"GARN-014";"Assorted topping (kimchi / corn / edamame / nori)";"GARN";"0.25";"cup";"0.05";"5";"0.263158";"ASSUMED_CYO_DEFAULT";"true";"";"MiseCast completion assumption"
"ASM-MI-018-LARGE-BASE";"MI-018-LARGE";"MI-018";"Create Your Own - Miso Beet Falafel - Large";"Large";"BASE-001";"Cooked jasmine rice";"BASE";"244.43787";"g";"0.02";"2";"249.426398";"ASSUMED_CYO_DEFAULT";"true";"";"MiseCast completion assumption"
"ASM-MI-018-LARGE-LEAF";"MI-018-LARGE";"MI-018";"Create Your Own - Miso Beet Falafel - Large";"Large";"LEAF-001";"Mixed leaf salad";"LEAF";"67.899408";"g";"0.08";"8";"73.803705";"ASSUMED_CYO_DEFAULT";"true";"";"MiseCast completion assumption"
"ASM-MI-018-LARGE-SAUCE";"MI-018-LARGE";"MI-018";"Create Your Own - Miso Beet Falafel - Large";"Large";"SAUC-010";"Assorted sauce";"SAUC";"40.739645";"g";"0.03";"3";"41.999634";"ASSUMED_CYO_DEFAULT";"true";"";"MiseCast completion assumption"
"ASM-MI-018-LARGE-GARNISH";"MI-018-LARGE";"MI-018";"Create Your Own - Miso Beet Falafel - Large";"Large";"GARN-014";"Assorted topping (kimchi / corn / edamame / nori)";"GARN";"0.339497";"cup";"0.05";"5";"0.357365";"ASSUMED_CYO_DEFAULT";"true";"";"MiseCast completion assumption"
"ASM-MI-019-SMALL-BASE";"MI-019-SMALL";"MI-019";"Create Your Own - Tiger Prawns - Small";"Small";"BASE-001";"Cooked jasmine rice";"BASE";"180";"g";"0.02";"2";"183.673469";"ASSUMED_CYO_DEFAULT";"true";"";"MiseCast completion assumption"
"ASM-MI-019-SMALL-LEAF";"MI-019-SMALL";"MI-019";"Create Your Own - Tiger Prawns - Small";"Small";"LEAF-001";"Mixed leaf salad";"LEAF";"50";"g";"0.08";"8";"54.347826";"ASSUMED_CYO_DEFAULT";"true";"";"MiseCast completion assumption"
"ASM-MI-019-SMALL-SAUCE";"MI-019-SMALL";"MI-019";"Create Your Own - Tiger Prawns - Small";"Small";"SAUC-010";"Assorted sauce";"SAUC";"30";"g";"0.03";"3";"30.927835";"ASSUMED_CYO_DEFAULT";"true";"";"MiseCast completion assumption"
"ASM-MI-019-SMALL-GARNISH";"MI-019-SMALL";"MI-019";"Create Your Own - Tiger Prawns - Small";"Small";"GARN-014";"Assorted topping (kimchi / corn / edamame / nori)";"GARN";"0.25";"cup";"0.05";"5";"0.263158";"ASSUMED_CYO_DEFAULT";"true";"";"MiseCast completion assumption"
"ASM-MI-019-LARGE-BASE";"MI-019-LARGE";"MI-019";"Create Your Own - Tiger Prawns - Large";"Large";"BASE-001";"Cooked jasmine rice";"BASE";"244.008621";"g";"0.02";"2";"248.988388";"ASSUMED_CYO_DEFAULT";"true";"";"MiseCast completion assumption"
"ASM-MI-019-LARGE-LEAF";"MI-019-LARGE";"MI-019";"Create Your Own - Tiger Prawns - Large";"Large";"LEAF-001";"Mixed leaf salad";"LEAF";"67.780172";"g";"0.08";"8";"73.6741";"ASSUMED_CYO_DEFAULT";"true";"";"MiseCast completion assumption"
"ASM-MI-019-LARGE-SAUCE";"MI-019-LARGE";"MI-019";"Create Your Own - Tiger Prawns - Large";"Large";"SAUC-010";"Assorted sauce";"SAUC";"40.668103";"g";"0.03";"3";"41.92588";"ASSUMED_CYO_DEFAULT";"true";"";"MiseCast completion assumption"
"ASM-MI-019-LARGE-GARNISH";"MI-019-LARGE";"MI-019";"Create Your Own - Tiger Prawns - Large";"Large";"GARN-014";"Assorted topping (kimchi / corn / edamame / nori)";"GARN";"0.338901";"cup";"0.05";"5";"0.356738";"ASSUMED_CYO_DEFAULT";"true";"";"MiseCast completion assumption"
"ASM-MI-020-SMALL-BASE";"MI-020-SMALL";"MI-020";"Create Your Own - Karaage Chicken - Small";"Small";"BASE-001";"Cooked jasmine rice";"BASE";"180";"g";"0.02";"2";"183.673469";"ASSUMED_CYO_DEFAULT";"true";"";"MiseCast completion assumption"
"ASM-MI-020-SMALL-LEAF";"MI-020-SMALL";"MI-020";"Create Your Own - Karaage Chicken - Small";"Small";"LEAF-001";"Mixed leaf salad";"LEAF";"50";"g";"0.08";"8";"54.347826";"ASSUMED_CYO_DEFAULT";"true";"";"MiseCast completion assumption"
"ASM-MI-020-SMALL-SAUCE";"MI-020-SMALL";"MI-020";"Create Your Own - Karaage Chicken - Small";"Small";"SAUC-010";"Assorted sauce";"SAUC";"30";"g";"0.03";"3";"30.927835";"ASSUMED_CYO_DEFAULT";"true";"";"MiseCast completion assumption"
"ASM-MI-020-SMALL-GARNISH";"MI-020-SMALL";"MI-020";"Create Your Own - Karaage Chicken - Small";"Small";"GARN-014";"Assorted topping (kimchi / corn / edamame / nori)";"GARN";"0.25";"cup";"0.05";"5";"0.263158";"ASSUMED_CYO_DEFAULT";"true";"";"MiseCast completion assumption"
"ASM-MI-020-LARGE-BASE";"MI-020-LARGE";"MI-020";"Create Your Own - Karaage Chicken - Large";"Large";"BASE-001";"Cooked jasmine rice";"BASE";"244.910486";"g";"0.02";"2";"249.908659";"ASSUMED_CYO_DEFAULT";"true";"";"MiseCast completion assumption"
"ASM-MI-020-LARGE-LEAF";"MI-020-LARGE";"MI-020";"Create Your Own - Karaage Chicken - Large";"Large";"LEAF-001";"Mixed leaf salad";"LEAF";"68.030691";"g";"0.08";"8";"73.946403";"ASSUMED_CYO_DEFAULT";"true";"";"MiseCast completion assumption"
"ASM-MI-020-LARGE-SAUCE";"MI-020-LARGE";"MI-020";"Create Your Own - Karaage Chicken - Large";"Large";"SAUC-010";"Assorted sauce";"SAUC";"40.818414";"g";"0.03";"3";"42.08084";"ASSUMED_CYO_DEFAULT";"true";"";"MiseCast completion assumption"
"ASM-MI-020-LARGE-GARNISH";"MI-020-LARGE";"MI-020";"Create Your Own - Karaage Chicken - Large";"Large";"GARN-014";"Assorted topping (kimchi / corn / edamame / nori)";"GARN";"0.340153";"cup";"0.05";"5";"0.358056";"ASSUMED_CYO_DEFAULT";"true";"";"MiseCast completion assumption"
"ASM-MI-021-SMALL-BASE";"MI-021-SMALL";"MI-021";"Create Your Own - Sashimi Salmon - Small";"Small";"BASE-001";"Cooked jasmine rice";"BASE";"180";"g";"0.02";"2";"183.673469";"ASSUMED_CYO_DEFAULT";"true";"";"MiseCast completion assumption"
"ASM-MI-021-SMALL-LEAF";"MI-021-SMALL";"MI-021";"Create Your Own - Sashimi Salmon - Small";"Small";"LEAF-001";"Mixed leaf salad";"LEAF";"50";"g";"0.08";"8";"54.347826";"ASSUMED_CYO_DEFAULT";"true";"";"MiseCast completion assumption"
"ASM-MI-021-SMALL-SAUCE";"MI-021-SMALL";"MI-021";"Create Your Own - Sashimi Salmon - Small";"Small";"SAUC-010";"Assorted sauce";"SAUC";"30";"g";"0.03";"3";"30.927835";"ASSUMED_CYO_DEFAULT";"true";"";"MiseCast completion assumption"
"ASM-MI-021-SMALL-GARNISH";"MI-021-SMALL";"MI-021";"Create Your Own - Sashimi Salmon - Small";"Small";"GARN-014";"Assorted topping (kimchi / corn / edamame / nori)";"GARN";"0.25";"cup";"0.05";"5";"0.263158";"ASSUMED_CYO_DEFAULT";"true";"";"MiseCast completion assumption"
"ASM-MI-021-LARGE-BASE";"MI-021-LARGE";"MI-021";"Create Your Own - Sashimi Salmon - Large";"Large";"BASE-001";"Cooked jasmine rice";"BASE";"244.16185";"g";"0.02";"2";"249.144745";"ASSUMED_CYO_DEFAULT";"true";"";"MiseCast completion assumption"
"ASM-MI-021-LARGE-LEAF";"MI-021-LARGE";"MI-021";"Create Your Own - Sashimi Salmon - Large";"Large";"LEAF-001";"Mixed leaf salad";"LEAF";"67.822736";"g";"0.08";"8";"73.720365";"ASSUMED_CYO_DEFAULT";"true";"";"MiseCast completion assumption"
"ASM-MI-021-LARGE-SAUCE";"MI-021-LARGE";"MI-021";"Create Your Own - Sashimi Salmon - Large";"Large";"SAUC-010";"Assorted sauce";"SAUC";"40.693642";"g";"0.03";"3";"41.952208";"ASSUMED_CYO_DEFAULT";"true";"";"MiseCast completion assumption"
"ASM-MI-021-LARGE-GARNISH";"MI-021-LARGE";"MI-021";"Create Your Own - Sashimi Salmon - Large";"Large";"GARN-014";"Assorted topping (kimchi / corn / edamame / nori)";"GARN";"0.339114";"cup";"0.05";"5";"0.356962";"ASSUMED_CYO_DEFAULT";"true";"";"MiseCast completion assumption"
"ASM-MI-022-SMALL-BASE";"MI-022-SMALL";"MI-022";"Create Your Own - Sashimi Tuna - Small";"Small";"BASE-001";"Cooked jasmine rice";"BASE";"180";"g";"0.02";"2";"183.673469";"ASSUMED_CYO_DEFAULT";"true";"";"MiseCast completion assumption"
"ASM-MI-022-SMALL-LEAF";"MI-022-SMALL";"MI-022";"Create Your Own - Sashimi Tuna - Small";"Small";"LEAF-001";"Mixed leaf salad";"LEAF";"50";"g";"0.08";"8";"54.347826";"ASSUMED_CYO_DEFAULT";"true";"";"MiseCast completion assumption"
"ASM-MI-022-SMALL-SAUCE";"MI-022-SMALL";"MI-022";"Create Your Own - Sashimi Tuna - Small";"Small";"SAUC-010";"Assorted sauce";"SAUC";"30";"g";"0.03";"3";"30.927835";"ASSUMED_CYO_DEFAULT";"true";"";"MiseCast completion assumption"
"ASM-MI-022-SMALL-GARNISH";"MI-022-SMALL";"MI-022";"Create Your Own - Sashimi Tuna - Small";"Small";"GARN-014";"Assorted topping (kimchi / corn / edamame / nori)";"GARN";"0.25";"cup";"0.05";"5";"0.263158";"ASSUMED_CYO_DEFAULT";"true";"";"MiseCast completion assumption"
"ASM-MI-022-LARGE-BASE";"MI-022-LARGE";"MI-022";"Create Your Own - Sashimi Tuna - Large";"Large";"BASE-001";"Cooked jasmine rice";"BASE";"243.952096";"g";"0.02";"2";"248.93071";"ASSUMED_CYO_DEFAULT";"true";"";"MiseCast completion assumption"
"ASM-MI-022-LARGE-LEAF";"MI-022-LARGE";"MI-022";"Create Your Own - Sashimi Tuna - Large";"Large";"LEAF-001";"Mixed leaf salad";"LEAF";"67.764471";"g";"0.08";"8";"73.657034";"ASSUMED_CYO_DEFAULT";"true";"";"MiseCast completion assumption"
"ASM-MI-022-LARGE-SAUCE";"MI-022-LARGE";"MI-022";"Create Your Own - Sashimi Tuna - Large";"Large";"SAUC-010";"Assorted sauce";"SAUC";"40.658683";"g";"0.03";"3";"41.916168";"ASSUMED_CYO_DEFAULT";"true";"";"MiseCast completion assumption"
"ASM-MI-022-LARGE-GARNISH";"MI-022-LARGE";"MI-022";"Create Your Own - Sashimi Tuna - Large";"Large";"GARN-014";"Assorted topping (kimchi / corn / edamame / nori)";"GARN";"0.338822";"cup";"0.05";"5";"0.356655";"ASSUMED_CYO_DEFAULT";"true";"";"MiseCast completion assumption"
"ASM-MI-023-SMALL-BASE";"MI-023-SMALL";"MI-023";"Create Your Own - Flame-seared Salmon - Small";"Small";"BASE-001";"Cooked jasmine rice";"BASE";"180";"g";"0.02";"2";"183.673469";"ASSUMED_CYO_DEFAULT";"true";"";"MiseCast completion assumption"
"ASM-MI-023-SMALL-LEAF";"MI-023-SMALL";"MI-023";"Create Your Own - Flame-seared Salmon - Small";"Small";"LEAF-001";"Mixed leaf salad";"LEAF";"50";"g";"0.08";"8";"54.347826";"ASSUMED_CYO_DEFAULT";"true";"";"MiseCast completion assumption"
"ASM-MI-023-SMALL-SAUCE";"MI-023-SMALL";"MI-023";"Create Your Own - Flame-seared Salmon - Small";"Small";"SAUC-010";"Assorted sauce";"SAUC";"30";"g";"0.03";"3";"30.927835";"ASSUMED_CYO_DEFAULT";"true";"";"MiseCast completion assumption"
"ASM-MI-023-SMALL-GARNISH";"MI-023-SMALL";"MI-023";"Create Your Own - Flame-seared Salmon - Small";"Small";"GARN-014";"Assorted topping (kimchi / corn / edamame / nori)";"GARN";"0.25";"cup";"0.05";"5";"0.263158";"ASSUMED_CYO_DEFAULT";"true";"";"MiseCast completion assumption"
"ASM-MI-023-LARGE-BASE";"MI-023-LARGE";"MI-023";"Create Your Own - Flame-seared Salmon - Large";"Large";"BASE-001";"Cooked jasmine rice";"BASE";"243.952096";"g";"0.02";"2";"248.93071";"ASSUMED_CYO_DEFAULT";"true";"";"MiseCast completion assumption"
"ASM-MI-023-LARGE-LEAF";"MI-023-LARGE";"MI-023";"Create Your Own - Flame-seared Salmon - Large";"Large";"LEAF-001";"Mixed leaf salad";"LEAF";"67.764471";"g";"0.08";"8";"73.657034";"ASSUMED_CYO_DEFAULT";"true";"";"MiseCast completion assumption"
"ASM-MI-023-LARGE-SAUCE";"MI-023-LARGE";"MI-023";"Create Your Own - Flame-seared Salmon - Large";"Large";"SAUC-010";"Assorted sauce";"SAUC";"40.658683";"g";"0.03";"3";"41.916168";"ASSUMED_CYO_DEFAULT";"true";"";"MiseCast completion assumption"
"ASM-MI-023-LARGE-GARNISH";"MI-023-LARGE";"MI-023";"Create Your Own - Flame-seared Salmon - Large";"Large";"GARN-014";"Assorted topping (kimchi / corn / edamame / nori)";"GARN";"0.338822";"cup";"0.05";"5";"0.356655";"ASSUMED_CYO_DEFAULT";"true";"";"MiseCast completion assumption"
"ASM-MI-024-SMALL-BASE";"MI-024-SMALL";"MI-024";"Create Your Own - Flame-seared Wagyu - Small";"Small";"BASE-001";"Cooked jasmine rice";"BASE";"180";"g";"0.02";"2";"183.673469";"ASSUMED_CYO_DEFAULT";"true";"";"MiseCast completion assumption"
"ASM-MI-024-SMALL-LEAF";"MI-024-SMALL";"MI-024";"Create Your Own - Flame-seared Wagyu - Small";"Small";"LEAF-001";"Mixed leaf salad";"LEAF";"50";"g";"0.08";"8";"54.347826";"ASSUMED_CYO_DEFAULT";"true";"";"MiseCast completion assumption"
"ASM-MI-024-SMALL-SAUCE";"MI-024-SMALL";"MI-024";"Create Your Own - Flame-seared Wagyu - Small";"Small";"SAUC-010";"Assorted sauce";"SAUC";"30";"g";"0.03";"3";"30.927835";"ASSUMED_CYO_DEFAULT";"true";"";"MiseCast completion assumption"
"ASM-MI-024-SMALL-GARNISH";"MI-024-SMALL";"MI-024";"Create Your Own - Flame-seared Wagyu - Small";"Small";"GARN-014";"Assorted topping (kimchi / corn / edamame / nori)";"GARN";"0.25";"cup";"0.05";"5";"0.263158";"ASSUMED_CYO_DEFAULT";"true";"";"MiseCast completion assumption"
"ASM-MI-024-LARGE-BASE";"MI-024-LARGE";"MI-024";"Create Your Own - Flame-seared Wagyu - Large";"Large";"BASE-001";"Cooked jasmine rice";"BASE";"243.952096";"g";"0.02";"2";"248.93071";"ASSUMED_CYO_DEFAULT";"true";"";"MiseCast completion assumption"
"ASM-MI-024-LARGE-LEAF";"MI-024-LARGE";"MI-024";"Create Your Own - Flame-seared Wagyu - Large";"Large";"LEAF-001";"Mixed leaf salad";"LEAF";"67.764471";"g";"0.08";"8";"73.657034";"ASSUMED_CYO_DEFAULT";"true";"";"MiseCast completion assumption"
"ASM-MI-024-LARGE-SAUCE";"MI-024-LARGE";"MI-024";"Create Your Own - Flame-seared Wagyu - Large";"Large";"SAUC-010";"Assorted sauce";"SAUC";"40.658683";"g";"0.03";"3";"41.916168";"ASSUMED_CYO_DEFAULT";"true";"";"MiseCast completion assumption"
"ASM-MI-024-LARGE-GARNISH";"MI-024-LARGE";"MI-024";"Create Your Own - Flame-seared Wagyu - Large";"Large";"GARN-014";"Assorted topping (kimchi / corn / edamame / nori)";"GARN";"0.338822";"cup";"0.05";"5";"0.356655";"ASSUMED_CYO_DEFAULT";"true";"";"MiseCast completion assumption"
"ASM-MI-025-SMALL-BASE";"MI-025-SMALL";"MI-025";"Create Your Own - No Protein - Small";"Small";"BASE-001";"Cooked jasmine rice";"BASE";"180";"g";"0.02";"2";"183.673469";"ASSUMED_CYO_DEFAULT";"true";"";"MiseCast completion assumption"
"ASM-MI-025-SMALL-LEAF";"MI-025-SMALL";"MI-025";"Create Your Own - No Protein - Small";"Small";"LEAF-001";"Mixed leaf salad";"LEAF";"50";"g";"0.08";"8";"54.347826";"ASSUMED_CYO_DEFAULT";"true";"";"MiseCast completion assumption"
"ASM-MI-025-SMALL-SAUCE";"MI-025-SMALL";"MI-025";"Create Your Own - No Protein - Small";"Small";"SAUC-010";"Assorted sauce";"SAUC";"30";"g";"0.03";"3";"30.927835";"ASSUMED_CYO_DEFAULT";"true";"";"MiseCast completion assumption"
"ASM-MI-025-SMALL-GARNISH";"MI-025-SMALL";"MI-025";"Create Your Own - No Protein - Small";"Small";"GARN-014";"Assorted topping (kimchi / corn / edamame / nori)";"GARN";"0.25";"cup";"0.05";"5";"0.263158";"ASSUMED_CYO_DEFAULT";"true";"";"MiseCast completion assumption"
"ASM-MI-025-LARGE-BASE";"MI-025-LARGE";"MI-025";"Create Your Own - No Protein - Large";"Large";"BASE-001";"Cooked jasmine rice";"BASE";"231.75";"g";"0.02";"2";"236.479592";"ASSUMED_CYO_DEFAULT";"true";"";"MiseCast completion assumption"
"ASM-MI-025-LARGE-LEAF";"MI-025-LARGE";"MI-025";"Create Your Own - No Protein - Large";"Large";"LEAF-001";"Mixed leaf salad";"LEAF";"64.375";"g";"0.08";"8";"69.972826";"ASSUMED_CYO_DEFAULT";"true";"";"MiseCast completion assumption"
"ASM-MI-025-LARGE-SAUCE";"MI-025-LARGE";"MI-025";"Create Your Own - No Protein - Large";"Large";"SAUC-010";"Assorted sauce";"SAUC";"38.625";"g";"0.03";"3";"39.819588";"ASSUMED_CYO_DEFAULT";"true";"";"MiseCast completion assumption"
"ASM-MI-025-LARGE-GARNISH";"MI-025-LARGE";"MI-025";"Create Your Own - No Protein - Large";"Large";"GARN-014";"Assorted topping (kimchi / corn / edamame / nori)";"GARN";"0.321875";"cup";"0.05";"5";"0.338816";"ASSUMED_CYO_DEFAULT";"true";"";"MiseCast completion assumption"
