_id,date,num_of_event
e_0,2025-09-14,0
e_1,2025-09-15,0
e_2,2025-09-16,0
e_3,2025-09-17,0
e_4,2025-09-18,1
e_5,2025-09-19,0
e_6,2025-09-20,0
e_7,2025-09-21,0
e_8,2025-09-22,0
e_9,2025-09-23,0
e_10,2025-09-24,0
e_11,2025-09-25,0
e_12,2025-09-26,1
e_13,2025-09-27,0
e_14,2025-09-28,0
e_15,2025-09-29,0
e_16,2025-09-30,0
e_17,2025-10-01,0
e_18,2025-10-02,1
e_19,2025-10-03,0
e_20,2025-10-04,0
e_21,2025-10-05,0
e_22,2025-10-06,0
e_23,2025-10-07,0
e_24,2025-10-08,0
e_25,2025-10-09,0
e_26,2025-10-10,1
e_27,2025-10-11,1
e_28,2025-10-12,0
e_29,2025-10-13,1
e_30,2025-10-14,0
e_31,2025-10-15,1
e_32,2025-10-16,0
e_33,2025-10-17,1
e_34,2025-10-18,1
e_35,2025-10-19,1
e_36,2025-10-20,0
e_37,2025-10-21,0
e_38,2025-10-22,0
e_39,2025-10-23,0
e_40,2025-10-24,0
e_41,2025-10-25,0
e_42,2025-10-26,0
e_43,2025-10-27,0
e_44,2025-10-28,0
e_45,2025-10-29,0
e_46,2025-10-30,0
e_47,2025-10-31,0
e_48,2025-11-01,1
e_49,2025-11-02,0
e_50,2025-11-03,0
e_51,2025-11-04,0
e_52,2025-11-05,0
e_53,2025-11-06,0
e_54,2025-11-07,1
e_55,2025-11-08,0
e_56,2025-11-09,1
e_57,2025-11-10,0
e_58,2025-11-11,2
e_59,2025-11-12,0
e_60,2025-11-13,0
e_61,2025-11-14,0
e_62,2025-11-15,0
e_63,2025-11-16,0
e_64,2025-11-17,0
e_65,2025-11-18,1
e_66,2025-11-19,0
e_67,2025-11-20,0
e_68,2025-11-21,1
e_69,2025-11-22,0
e_70,2025-11-23,0
e_71,2025-11-24,0
e_72,2025-11-25,0
e_73,2025-11-26,0
e_74,2025-11-27,0
e_75,2025-11-28,2
e_76,2025-11-29,0
e_77,2025-11-30,0
e_78,2025-12-01,1
e_79,2025-12-02,0
e_80,2025-12-03,0
e_81,2025-12-04,1
e_82,2025-12-05,0
e_83,2025-12-06,0
e_84,2025-12-07,1
e_85,2025-12-08,0
e_86,2025-12-09,2
e_87,2025-12-10,0
e_88,2025-12-11,0
e_89,2025-12-12,1
e_90,2025-12-13,0
e_91,2025-12-14,1
e_92,2025-12-15,1
e_93,2025-12-16,0
e_94,2025-12-17,2
e_95,2025-12-18,0
e_96,2025-12-19,0
e_97,2025-12-20,1
e_98,2025-12-21,1
e_99,2025-12-22,0
e_100,2025-12-23,1
e_101,2025-12-24,0
e_102,2025-12-25,0
e_103,2025-12-26,0
e_104,2025-12-27,0
e_105,2025-12-28,0
e_106,2025-12-29,1
e_107,2025-12-30,0
e_108,2025-12-31,0
e_109,2026-01-01,0
e_110,2026-01-02,0
e_111,2026-01-03,0
e_112,2026-01-04,0
e_113,2026-01-05,0
e_114,2026-01-06,1
e_115,2026-01-07,0
e_116,2026-01-08,1
e_117,2026-01-09,0
e_118,2026-01-10,0
e_119,2026-01-11,0
e_120,2026-01-12,0
e_121,2026-01-13,0
e_122,2026-01-14,0
e_123,2026-01-15,0
e_124,2026-01-16,0
e_125,2026-01-17,1
e_126,2026-01-18,0
e_127,2026-01-19,0
e_128,2026-01-20,0
e_129,2026-01-21,0
e_130,2026-01-22,1
e_131,2026-01-23,4
e_132,2026-01-24,0
e_133,2026-01-25,0
e_134,2026-01-26,0
e_135,2026-01-27,0
e_136,2026-01-28,1
e_137,2026-01-29,0
e_138,2026-01-30,0
e_139,2026-01-31,0
e_140,2026-02-01,0
e_141,2026-02-02,1
e_142,2026-02-03,0
e_143,2026-02-04,0
e_144,2026-02-05,0
e_145,2026-02-06,0
e_146,2026-02-07,1
e_147,2026-02-08,0
e_148,2026-02-09,1
e_149,2026-02-10,1
e_150,2026-02-11,0
e_151,2026-02-12,1
e_152,2026-02-13,0
e_153,2026-02-14,0
e_154,2026-02-15,0
e_155,2026-02-16,0
e_156,2026-02-17,2
e_157,2026-02-18,0
e_158,2026-02-19,0
e_159,2026-02-20,0
e_160,2026-02-21,0
e_161,2026-02-22,2
e_162,2026-02-23,0
e_163,2026-02-24,0
e_164,2026-02-25,0
e_165,2026-02-26,0
e_166,2026-02-27,0
e_167,2026-02-28,0
e_168,2026-03-01,0
e_169,2026-03-02,1
e_170,2026-03-03,1
e_171,2026-03-04,0
e_172,2026-03-05,0
e_173,2026-03-06,0
e_174,2026-03-07,0
e_175,2026-03-08,0
e_176,2026-03-09,1
e_177,2026-03-10,0
e_178,2026-03-11,0
e_179,2026-03-12,0
e_180,2026-03-13,0
e_181,2026-03-14,0
e_182,2026-03-15,2
e_183,2026-03-16,0
e_184,2026-03-17,0
e_185,2026-03-18,1
e_186,2026-03-19,0
e_187,2026-03-20,0
e_188,2026-03-21,1
e_189,2026-03-22,1
e_190,2026-03-23,0
e_191,2026-03-24,1
e_192,2026-03-25,0
e_193,2026-03-26,0
e_194,2026-03-27,1
e_195,2026-03-28,0
e_196,2026-03-29,0
e_197,2026-03-30,0
e_198,2026-03-31,0
e_199,2026-04-01,0
e_200,2026-04-02,0
e_201,2026-04-03,1
e_202,2026-04-04,0
e_203,2026-04-05,0
e_204,2026-04-06,0
e_205,2026-04-07,0
e_206,2026-04-08,0
e_207,2026-04-09,1
e_208,2026-04-10,0
e_209,2026-04-11,0
e_210,2026-04-12,1
e_211,2026-04-13,0
e_212,2026-04-14,1
e_213,2026-04-15,1
e_214,2026-04-16,0
e_215,2026-04-17,0
e_216,2026-04-18,1
e_217,2026-04-19,0
e_218,2026-04-20,0
e_219,2026-04-21,0
e_220,2026-04-22,0
e_221,2026-04-23,0
e_222,2026-04-24,1
e_223,2026-04-25,0
e_224,2026-04-26,0
e_225,2026-04-27,0
e_226,2026-04-28,0
e_227,2026-04-29,0
e_228,2026-04-30,0
e_229,2026-05-01,0
e_230,2026-05-02,0
e_231,2026-05-03,0
e_232,2026-05-04,0
e_233,2026-05-05,0
e_234,2026-05-06,0
e_235,2026-05-07,1
e_236,2026-05-08,0
e_237,2026-05-09,0
e_238,2026-05-10,0
e_239,2026-05-11,0
e_240,2026-05-12,0
e_241,2026-05-13,0
e_242,2026-05-14,0
e_243,2026-05-15,1
e_244,2026-05-16,0
e_245,2026-05-17,0
e_246,2026-05-18,1
e_247,2026-05-19,0
e_248,2026-05-20,0
e_249,2026-05-21,0
e_250,2026-05-22,1
e_251,2026-05-23,0
e_252,2026-05-24,0
e_253,2026-05-25,0
e_254,2026-05-26,1
e_255,2026-05-27,0
e_256,2026-05-28,2
e_257,2026-05-29,0
e_258,2026-05-30,0
e_259,2026-05-31,0
e_260,2026-06-01,0
e_261,2026-06-02,0
e_262,2026-06-03,2
e_263,2026-06-04,1
e_264,2026-06-05,1
e_265,2026-06-06,0
e_266,2026-06-07,0
e_267,2026-06-08,0
e_268,2026-06-09,0
e_269,2026-06-10,0
e_270,2026-06-11,0
e_271,2026-06-12,0
e_272,2026-06-13,0
e_273,2026-06-14,0
e_274,2026-06-15,1
e_275,2026-06-16,0
e_276,2026-06-17,0
e_277,2026-06-18,0
e_278,2026-06-19,1
e_279,2026-06-20,0
e_280,2026-06-21,1
e_281,2026-06-22,0
e_282,2026-06-23,1
e_283,2026-06-24,0
e_284,2026-06-25,0
e_285,2026-06-26,0
e_286,2026-06-27,2
e_287,2026-06-28,0
e_288,2026-06-29,1
e_289,2026-06-30,1
e_290,2026-07-01,0
e_291,2026-07-02,1
e_292,2026-07-03,0
e_293,2026-07-04,0
e_294,2026-07-05,0
e_295,2026-07-06,0
e_296,2026-07-07,0
e_297,2026-07-08,2
e_298,2026-07-09,0
e_299,2026-07-10,0
e_300,2026-07-11,1
e_301,2026-07-12,0
e_302,2026-07-13,0
e_303,2026-07-14,0
e_304,2026-07-15,0
e_305,2026-07-16,0
e_306,2026-07-17,1
e_307,2026-07-18,1
e_308,2026-07-19,0
e_309,2026-07-20,1
e_310,2026-07-21,0
e_311,2026-07-22,1
e_312,2026-07-23,1
e_313,2026-07-24,0
e_314,2026-07-25,0
e_315,2026-07-26,0
e_316,2026-07-27,0
e_317,2026-07-28,0
e_318,2026-07-29,0
e_319,2026-07-30,1
e_320,2026-07-31,0
e_321,2026-08-01,1
e_322,2026-08-02,0
e_323,2026-08-03,1
e_324,2026-08-04,0
e_325,2026-08-05,1
e_326,2026-08-06,0
e_327,2026-08-07,0
e_328,2026-08-08,0
e_329,2026-08-09,1
e_330,2026-08-10,1
e_331,2026-08-11,0
e_332,2026-08-12,0
e_333,2026-08-13,0
e_334,2026-08-14,1
e_335,2026-08-15,0
e_336,2026-08-16,0
e_337,2026-08-17,0
e_338,2026-08-18,1
e_339,2026-08-19,1
e_340,2026-08-20,0
e_341,2026-08-21,0
e_342,2026-08-22,0
e_343,2026-08-23,3
e_344,2026-08-24,0
e_345,2026-08-25,0
e_346,2026-08-26,0
e_347,2026-08-27,0
e_348,2026-08-28,0
e_349,2026-08-29,0
e_350,2026-08-30,1
e_351,2026-08-31,0
e_352,2026-09-01,0
e_353,2026-09-02,0
e_354,2026-09-03,0
e_355,2026-09-04,0
e_356,2026-09-05,0
e_357,2026-09-06,1
e_358,2026-09-07,0
e_359,2026-09-08,0
e_360,2026-09-09,0
e_361,2026-09-10,0
e_362,2026-09-11,0
e_363,2026-09-12,0
e_364,2026-09-13,0
