date,menu_1,menu_1_price_after_discount,menu_2,menu_2_price_after_discount,menu_3,menu_3_price_after_discount,menu_4,menu_4_price_after_discount,menu_5,menu_5_price_after_discount,menu_6,menu_6_price_after_discount,menu_7,menu_7_price_after_discount,menu_8,menu_8_price_after_discount,menu_9,menu_9_price_after_discount,menu_10,menu_10_price_after_discount,menu_11,menu_11_price_after_discount,menu_12,menu_12_price_after_discount,menu_13,menu_13_price_after_discount,menu_14,menu_14_price_after_discount,menu_15,menu_15_price_after_discount,total_reservation,avg_temp,rain,public_holiday,num_of_event,menu_1_amount,menu_2_amount,menu_3_amount,menu_4_amount,menu_5_amount,menu_6_amount,menu_7_amount,menu_8_amount,menu_9_amount,menu_10_amount,menu_11_amount,menu_12_amount,menu_13_amount,menu_14_amount,menu_15_amount
2025-09-14,MENU_1,3.5,MENU_2,4.54,MENU_3,5.57,MENU_4,6.61,MENU_5,7.64,MENU_6,8.68,MENU_7,9.71,MENU_8,10.75,MENU_9,11.79,MENU_10,12.82,MENU_11,13.86,MENU_12,14.89,MENU_13,15.93,MENU_14,16.96,MENU_15,18.0,57,19.5,False,False,0,65,68,62,64,59,40,50,46,54,31,37,35,24,23,17
2025-09-15,MENU_1,3.5,MENU_2,4.54,MENU_3,5.57,MENU_4,6.61,MENU_5,7.64,MENU_6,8.68,MENU_7,9.71,MENU_8,10.75,MENU_9,11.79,MENU_10,12.82,MENU_11,13.86,MENU_12,14.89,MENU_13,15.93,MENU_14,16.96,MENU_15,18.0,27,16.0,False,True,0,71,75,87,80,76,48,54,53,46,43,36,25,25,21,14
2025-09-16,MENU_1,3.5,MENU_2,4.54,MENU_3,5.57,MENU_4,6.61,MENU_5,7.64,MENU_6,8.68,MENU_7,9.71,MENU_8,10.75,MENU_9,11.79,MENU_10,12.82,MENU_11,13.86,MENU_12,14.89,MENU_13,15.93,MENU_14,16.96,MENU_15,18.0,26,20.4,False,False,0,45,34,50,47,39,36,40,33,31,39,22,20,16,18,15
2025-09-17,MENU_1,3.5,MENU_2,4.54,MENU_3,5.57,MENU_4,6.61,MENU_5,7.64,MENU_6,8.68,MENU_7,9.71,MENU_8,10.75,MENU_9,11.79,MENU_10,12.82,MENU_11,13.86,MENU_12,14.89,MENU_13,15.93,MENU_14,16.96,MENU_15,18.0,24,20.7,False,False,0,72,52,52,40,41,49,36,36,31,30,25,21,14,11,15
2025-09-18,MENU_1,3.5,MENU_2,4.54,MENU_3,5.57,MENU_4,6.61,MENU_5,7.64,MENU_6,8.68,MENU_7,9.71,MENU_8,10.75,MENU_9,11.79,MENU_10,12.82,MENU_11,13.86,MENU_12,14.89,MENU_13,15.93,MENU_14,16.96,MENU_15,18.0,42,13.3,False,False,1,75,54,62,37,39,36,43,35,38,27,25,24,18,20,10
2025-09-19,MENU_1,3.5,MENU_2,4.54,MENU_3,5.57,MENU_4,6.61,MENU_5,7.64,MENU_6,8.68,MENU_7,9.71,MENU_8,10.75,MENU_9,11.79,MENU_10,12.82,MENU_11,13.86,MENU_12,14.89,MENU_13,15.93,MENU_14,16.96,MENU_15,18.0,36,14.8,False,False,0,59,64,58,48,43,43,34,36,32,32,21,25,20,11,13
2025-09-20,MENU_1,3.5,MENU_2,4.54,MENU_3,5.57,MENU_4,6.61,MENU_5,7.64,MENU_6,8.68,MENU_7,9.71,MENU_8,10.75,MENU_9,11.79,MENU_10,12.82,MENU_11,13.86,MENU_12,14.89,MENU_13,12.74,MENU_14,16.96,MENU_15,18.0,47,18.3,False,False,0,78,50,52,39,52,41,56,52,45,34,42,30,30,19,16
2025-09-21,MENU_1,3.5,MENU_2,4.54,MENU_3,5.57,MENU_4,6.61,MENU_5,7.64,MENU_6,8.68,MENU_7,9.71,MENU_8,10.75,MENU_9,11.79,MENU_10,12.82,MENU_11,13.86,MENU_12,14.89,MENU_13,15.93,MENU_14,16.96,MENU_15,18.0,63,17.0,False,False,0,82,71,74,62,53,47,66,59,65,56,39,45,23,25,20
2025-09-22,MENU_1,3.5,MENU_2,4.54,MENU_3,5.57,MENU_4,6.61,MENU_5,7.64,MENU_6,8.68,MENU_7,9.71,MENU_8,10.75,MENU_9,11.79,MENU_10,12.82,MENU_11,13.86,MENU_12,14.89,MENU_13,15.93,MENU_14,16.96,MENU_15,18.0,39,17.6,False,False,0,81,57,79,55,53,41,43,41,49,27,25,27,22,20,14
2025-09-23,MENU_1,3.5,MENU_2,4.54,MENU_3,5.57,MENU_4,6.61,MENU_5,7.64,MENU_6,8.68,MENU_7,9.71,MENU_8,10.75,MENU_9,11.79,MENU_10,12.82,MENU_11,13.86,MENU_12,14.89,MENU_13,15.93,MENU_14,16.96,MENU_15,18.0,33,15.4,True,False,0,42,54,46,42,34,41,38,30,24,27,20,19,17,13,11
2025-09-24,MENU_1,3.5,MENU_2,4.54,MENU_3,5.57,MENU_4,6.61,MENU_5,7.64,MENU_6,8.68,MENU_7,9.71,MENU_8,10.75,MENU_9,11.79,MENU_10,12.82,MENU_11,13.86,MENU_12,14.89,MENU_13,15.93,MENU_14,16.96,MENU_15,18.0,25,19.6,False,False,0,52,52,49,44,48,28,44,27,25,24,27,23,22,14,15
2025-09-25,MENU_1,3.5,MENU_2,4.54,MENU_3,5.57,MENU_4,6.61,MENU_5,7.64,MENU_6,8.68,MENU_7,9.71,MENU_8,10.75,MENU_9,11.79,MENU_10,12.82,MENU_11,13.86,MENU_12,14.89,MENU_13,15.93,MENU_14,16.96,MENU_15,18.0,45,19.2,False,False,0,60,59,54,57,53,37,49,50,31,30,36,27,22,17,15
2025-09-26,MENU_1,3.5,MENU_2,4.54,MENU_3,5.57,MENU_4,6.61,MENU_5,7.64,MENU_6,8.68,MENU_7,9.71,MENU_8,10.75,MENU_9,11.79,MENU_10,12.82,MENU_11,13.86,MENU_12,14.89,MENU_13,15.93,MENU_14,16.96,MENU_15,18.0,29,17.3,True,False,1,36,38,43,41,37,25,35,43,28,32,22,24,20,16,14
2025-09-27,MENU_1,3.5,MENU_2,4.54,MENU_3,5.57,MENU_4,6.61,MENU_5,7.64,MENU_6,8.68,MENU_7,9.71,MENU_8,10.75,MENU_9,11.79,MENU_10,12.82,MENU_11,13.86,MENU_12,14.89,MENU_13,15.93,MENU_14,16.96,MENU_15,18.0,49,19.8,False,False,0,76,49,72,49,49,40,46,55,53,43,37,31,24,14,14
2025-09-28,MENU_1,3.5,MENU_2,4.54,MENU_3,5.57,MENU_4,6.61,MENU_5,7.64,MENU_6,8.68,MENU_7,9.71,MENU_8,10.75,MENU_9,11.79,MENU_10,12.82,MENU_11,13.86,MENU_12,14.89,MENU_13,15.93,MENU_14,16.96,MENU_15,18.0,61,18.0,False,False,0,70,63,59,74,74,44,55,45,56,42,48,41,20,22,14
2025-09-29,MENU_1,3.5,MENU_2,4.54,MENU_3,5.57,MENU_4,6.61,MENU_5,7.64,MENU_6,8.68,MENU_7,9.71,MENU_8,10.75,MENU_9,11.79,MENU_10,12.82,MENU_11,13.86,MENU_12,14.89,MENU_13,15.93,MENU_14,16.96,MENU_15,18.0,36,14.5,True,False,0,63,53,47,38,33,26,35,30,31,23,18,22,19,17,15
2025-09-30,MENU_1,3.5,MENU_2,4.54,MENU_3,5.57,MENU_4,6.61,MENU_5,7.64,MENU_6,8.68,MENU_7,9.71,MENU_8,10.75,MENU_9,11.79,MENU_10,12.82,MENU_11,13.86,MENU_12,14.89,MENU_13,15.93,MENU_14,16.96,MENU_15,18.0,25,17.5,False,False,0,75,48,38,48,42,33,38,36,33,20,33,27,16,16,14
2025-10-01,MENU_1,3.5,MENU_2,4.54,MENU_3,5.57,MENU_4,6.61,MENU_5,7.64,MENU_6,8.68,MENU_7,9.71,MENU_8,10.75,MENU_9,11.79,MENU_10,12.82,MENU_11,13.86,MENU_12,14.89,MENU_13,15.93,MENU_14,16.96,MENU_15,18.0,36,14.0,False,False,0,60,65,50,28,36,27,37,45,30,25,38,29,21,19,17
2025-10-02,MENU_1,3.5,MENU_2,4.54,MENU_3,5.57,MENU_4,6.61,MENU_5,7.64,MENU_6,8.68,MENU_7,9.71,MENU_8,10.75,MENU_9,11.79,MENU_10,12.82,MENU_11,13.86,MENU_12,14.89,MENU_13,15.93,MENU_14,16.96,MENU_15,18.0,28,18.5,False,False,1,53,51,37,54,54,33,32,28,31,29,15,23,18,17,13
2025-10-03,MENU_1,3.5,MENU_2,4.54,MENU_3,5.57,MENU_4,6.61,MENU_5,7.64,MENU_6,8.68,MENU_7,9.71,MENU_8,10.75,MENU_9,11.79,MENU_10,12.82,MENU_11,13.86,MENU_12,14.89,MENU_13,15.93,MENU_14,16.96,MENU_15,18.0,28,16.0,False,False,0,59,47,57,52,45,44,31,34,32,33,25,22,21,15,12
2025-10-04,MENU_1,3.5,MENU_2,4.54,MENU_3,5.57,MENU_4,6.61,MENU_5,7.64,MENU_6,8.68,MENU_7,9.71,MENU_8,10.75,MENU_9,11.79,MENU_10,12.82,MENU_11,13.86,MENU_12,14.89,MENU_13,15.93,MENU_14,16.96,MENU_15,18.0,48,15.6,False,False,0,78,62,86,50,42,46,42,52,36,39,34,36,19,14,20
2025-10-05,MENU_1,3.5,MENU_2,4.54,MENU_3,5.57,MENU_4,6.61,MENU_5,7.64,MENU_6,8.68,MENU_7,9.71,MENU_8,10.75,MENU_9,11.79,MENU_10,12.82,MENU_11,13.86,MENU_12,14.89,MENU_13,15.93,MENU_14,16.96,MENU_15,18.0,54,14.2,False,False,0,66,71,61,55,51,45,56,60,40,55,38,34,24,21,13
2025-10-06,MENU_1,3.5,MENU_2,4.54,MENU_3,5.57,MENU_4,6.61,MENU_5,7.64,MENU_6,8.68,MENU_7,9.71,MENU_8,10.75,MENU_9,11.79,MENU_10,12.82,MENU_11,13.86,MENU_12,14.89,MENU_13,15.93,MENU_14,16.96,MENU_15,18.0,32,18.8,False,False,0,53,58,39,51,46,35,30,34,27,27,25,30,22,15,17
2025-10-07,MENU_1,3.5,MENU_2,4.54,MENU_3,5.57,MENU_4,6.61,MENU_5,7.64,MENU_6,8.68,MENU_7,9.71,MENU_8,10.75,MENU_9,11.79,MENU_10,12.82,MENU_11,13.86,MENU_12,14.89,MENU_13,15.93,MENU_14,16.96,MENU_15,18.0,28,15.2,False,False,0,67,71,59,38,36,28,32,27,35,28,29,23,23,15,17
2025-10-08,MENU_1,3.5,MENU_2,4.54,MENU_3,5.57,MENU_4,6.61,MENU_5,7.64,MENU_6,8.68,MENU_7,9.71,MENU_8,10.75,MENU_9,11.79,MENU_10,12.82,MENU_11,13.86,MENU_12,14.89,MENU_13,15.93,MENU_14,16.96,MENU_15,18.0,26,14.4,True,False,0,55,44,41,40,38,26,31,34,29,21,22,19,16,16,14
2025-10-09,MENU_1,3.5,MENU_2,4.54,MENU_3,5.57,MENU_4,6.61,MENU_5,7.64,MENU_6,8.68,MENU_7,9.71,MENU_8,10.75,MENU_9,11.79,MENU_10,12.82,MENU_11,13.86,MENU_12,14.89,MENU_13,15.93,MENU_14,16.96,MENU_15,18.0,34,14.5,False,False,0,43,58,66,38,43,38,32,43,36,35,23,22,21,22,13
2025-10-10,MENU_1,3.5,MENU_2,4.54,MENU_3,5.57,MENU_4,6.61,MENU_5,7.64,MENU_6,8.68,MENU_7,9.71,MENU_8,10.75,MENU_9,11.79,MENU_10,12.82,MENU_11,13.86,MENU_12,14.89,MENU_13,15.93,MENU_14,16.96,MENU_15,18.0,29,16.6,False,False,1,47,58,50,40,42,43,40,35,23,38,25,19,21,17,12
2025-10-11,MENU_1,3.5,MENU_2,4.54,MENU_3,5.57,MENU_4,6.61,MENU_5,7.64,MENU_6,8.68,MENU_7,9.71,MENU_8,10.75,MENU_9,11.79,MENU_10,12.82,MENU_11,13.86,MENU_12,14.89,MENU_13,15.93,MENU_14,16.96,MENU_15,18.0,47,16.0,False,False,1,83,64,54,59,46,50,61,54,36,31,41,36,28,21,16
2025-10-12,MENU_1,3.5,MENU_2,4.54,MENU_3,5.57,MENU_4,6.61,MENU_5,7.64,MENU_6,8.68,MENU_7,9.71,MENU_8,10.75,MENU_9,11.79,MENU_10,12.82,MENU_11,13.86,MENU_12,14.89,MENU_13,15.93,MENU_14,16.96,MENU_15,18.0,50,16.0,False,False,0,73,60,60,59,51,49,52,48,52,41,32,30,18,16,13
2025-10-13,MENU_1,3.5,MENU_2,4.54,MENU_3,5.57,MENU_4,6.61,MENU_5,7.64,MENU_6,8.68,MENU_7,9.71,MENU_8,10.75,MENU_9,11.79,MENU_10,12.82,MENU_11,13.86,MENU_12,14.89,MENU_13,15.93,MENU_14,16.96,MENU_15,18.0,26,15.9,True,False,1,45,37,51,34,37,29,31,27,16,30,17,23,15,15,11
2025-10-14,MENU_1,3.5,MENU_2,4.54,MENU_3,5.57,MENU_4,6.61,MENU_5,7.64,MENU_6,8.68,MENU_7,9.71,MENU_8,10.75,MENU_9,11.79,MENU_10,12.82,MENU_11,13.86,MENU_12,14.89,MENU_13,15.93,MENU_14,16.96,MENU_15,18.0,26,20.1,False,False,0,53,48,47,41,43,40,40,39,37,22,33,18,28,16,15
2025-10-15,MENU_1,3.5,MENU_2,4.54,MENU_3,5.57,MENU_4,6.61,MENU_5,7.64,MENU_6,8.68,MENU_7,9.71,MENU_8,10.75,MENU_9,11.79,MENU_10,12.82,MENU_11,13.86,MENU_12,14.89,MENU_13,15.93,MENU_14,16.96,MENU_15,18.0,41,13.6,False,False,1,66,52,54,41,38,38,37,41,26,35,26,26,21,22,17
2025-10-16,MENU_1,3.5,MENU_2,4.54,MENU_3,5.57,MENU_4,6.61,MENU_5,7.64,MENU_6,8.68,MENU_7,9.71,MENU_8,10.75,MENU_9,11.79,MENU_10,12.82,MENU_11,13.86,MENU_12,14.89,MENU_13,15.93,MENU_14,16.96,MENU_15,18.0,25,13.2,False,False,0,64,41,50,44,46,33,32,36,35,33,25,26,14,15,11
2025-10-17,MENU_1,3.5,MENU_2,4.54,MENU_3,5.57,MENU_4,6.61,MENU_5,7.64,MENU_6,8.68,MENU_7,9.71,MENU_8,10.75,MENU_9,11.79,MENU_10,12.82,MENU_11,13.86,MENU_12,14.89,MENU_13,15.93,MENU_14,16.96,MENU_15,18.0,28,12.3,True,False,1,43,45,39,30,28,40,40,38,25,26,22,14,16,15,14
2025-10-18,MENU_1,3.5,MENU_2,4.54,MENU_3,5.57,MENU_4,6.61,MENU_5,7.64,MENU_6,8.68,MENU_7,9.71,MENU_8,10.75,MENU_9,11.79,MENU_10,12.82,MENU_11,13.86,MENU_12,14.89,MENU_13,15.93,MENU_14,16.96,MENU_15,18.0,46,15.8,False,False,1,59,53,63,52,49,32,62,42,53,45,40,43,13,23,17
2025-10-19,MENU_1,3.5,MENU_2,4.54,MENU_3,5.57,MENU_4,6.61,MENU_5,7.64,MENU_6,8.68,MENU_7,9.71,MENU_8,10.75,MENU_9,8.84,MENU_10,12.82,MENU_11,13.86,MENU_12,14.89,MENU_13,15.93,MENU_14,16.96,MENU_15,18.0,62,16.9,True,False,1,70,69,44,57,45,43,60,46,94,53,48,31,24,19,20
2025-10-20,MENU_1,3.5,MENU_2,4.54,MENU_3,5.57,MENU_4,6.61,MENU_5,7.64,MENU_6,8.68,MENU_7,9.71,MENU_8,10.75,MENU_9,11.79,MENU_10,12.82,MENU_11,13.86,MENU_12,14.89,MENU_13,15.93,MENU_14,16.96,MENU_15,18.0,39,13.7,True,False,0,57,60,49,40,48,41,42,35,21,37,28,23,22,14,15
2025-10-21,MENU_1,3.5,MENU_2,4.54,MENU_3,5.57,MENU_4,6.61,MENU_5,7.64,MENU_6,8.68,MENU_7,9.71,MENU_8,10.75,MENU_9,11.79,MENU_10,12.82,MENU_11,13.86,MENU_12,14.89,MENU_13,15.93,MENU_14,16.96,MENU_15,18.0,36,11.8,True,False,0,63,47,58,43,30,26,26,31,34,27,19,24,16,22,16
2025-10-22,MENU_1,3.5,MENU_2,4.54,MENU_3,5.57,MENU_4,6.61,MENU_5,7.64,MENU_6,8.68,MENU_7,9.71,MENU_8,10.75,MENU_9,11.79,MENU_10,12.82,MENU_11,13.86,MENU_12,14.89,MENU_13,15.93,MENU_14,16.96,MENU_15,18.0,27,11.7,False,False,0,49,54,56,37,32,30,45,38,23,26,20,25,18,14,15
2025-10-23,MENU_1,3.5,MENU_2,4.54,MENU_3,5.57,MENU_4,6.61,MENU_5,7.64,MENU_6,8.68,MENU_7,9.71,MENU_8,10.75,MENU_9,11.79,MENU_10,12.82,MENU_11,13.86,MENU_12,14.89,MENU_13,15.93,MENU_14,16.96,MENU_15,18.0,34,15.3,True,False,0,58,38,54,39,32,32,38,32,32,24,23,22,21,16,15
2025-10-24,MENU_1,3.5,MENU_2,4.54,MENU_3,5.57,MENU_4,6.61,MENU_5,7.64,MENU_6,8.68,MENU_7,9.71,MENU_8,10.75,MENU_9,11.79,MENU_10,12.82,MENU_11,13.86,MENU_12,14.89,MENU_13,15.93,MENU_14,16.96,MENU_15,18.0,34,15.4,False,False,0,71,54,54,38,44,38,46,31,32,35,26,28,15,19,12
2025-10-25,MENU_1,3.5,MENU_2,4.54,MENU_3,5.57,MENU_4,6.61,MENU_5,7.64,MENU_6,8.68,MENU_7,9.71,MENU_8,10.75,MENU_9,11.79,MENU_10,12.82,MENU_11,13.86,MENU_12,14.89,MENU_13,15.93,MENU_14,16.96,MENU_15,18.0,65,14.8,False,False,0,83,78,81,64,41,37,66,58,54,38,32,41,21,23,18
2025-10-26,MENU_1,3.5,MENU_2,4.54,MENU_3,5.57,MENU_4,6.61,MENU_5,7.64,MENU_6,8.68,MENU_7,9.71,MENU_8,10.75,MENU_9,11.79,MENU_10,12.82,MENU_11,13.86,MENU_12,14.89,MENU_13,15.93,MENU_14,16.96,MENU_15,18.0,61,11.6,True,False,0,71,74,71,40,39,43,55,52,40,40,42,42,22,19,16
2025-10-27,MENU_1,3.5,MENU_2,4.54,MENU_3,5.57,MENU_4,6.61,MENU_5,7.64,MENU_6,8.68,MENU_7,9.71,MENU_8,10.75,MENU_9,11.79,MENU_10,12.82,MENU_11,13.86,MENU_12,14.89,MENU_13,15.93,MENU_14,16.96,MENU_15,18.0,22,13.8,True,False,0,50,43,48,37,22,33,31,34,30,25,18,21,15,14,11
2025-10-28,MENU_1,3.5,MENU_2,4.54,MENU_3,5.57,MENU_4,6.61,MENU_5,7.64,MENU_6,8.68,MENU_7,9.71,MENU_8,10.75,MENU_9,11.79,MENU_10,12.82,MENU_11,13.86,MENU_12,14.89,MENU_13,15.93,MENU_14,16.96,MENU_15,18.0,30,13.4,True,False,0,47,59,55,37,36,35,36,34,23,24,29,27,17,15,14
2025-10-29,MENU_1,3.5,MENU_2,4.54,MENU_3,5.57,MENU_4,6.61,MENU_5,7.64,MENU_6,8.68,MENU_7,9.71,MENU_8,10.75,MENU_9,11.79,MENU_10,12.82,MENU_11,13.86,MENU_12,14.89,MENU_13,15.93,MENU_14,16.96,MENU_15,18.0,31,13.5,False,False,0,60,44,60,35,36,32,37,38,39,31,34,27,16,14,16
2025-10-30,MENU_1,3.5,MENU_2,4.54,MENU_3,5.57,MENU_4,6.61,MENU_5,7.64,MENU_6,8.68,MENU_7,9.71,MENU_8,10.75,MENU_9,11.79,MENU_10,12.82,MENU_11,13.86,MENU_12,14.89,MENU_13,15.93,MENU_14,16.96,MENU_15,18.0,26,15.0,False,False,0,68,44,48,38,30,36,42,36,29,39,24,16,20,22,14
2025-10-31,MENU_1,3.5,MENU_2,4.54,MENU_3,5.57,MENU_4,6.61,MENU_5,7.64,MENU_6,8.68,MENU_7,9.71,MENU_8,10.75,MENU_9,11.79,MENU_10,12.82,MENU_11,13.86,MENU_12,14.89,MENU_13,15.93,MENU_14,16.96,MENU_15,18.0,33,13.3,True,False,0,55,58,40,46,41,29,27,32,24,27,26,30,18,15,13
2025-11-01,MENU_1,3.5,MENU_2,4.54,MENU_3,5.57,MENU_4,6.61,MENU_5,7.64,MENU_6,8.68,MENU_7,9.71,MENU_8,10.75,MENU_9,11.79,MENU_10,12.82,MENU_11,13.86,MENU_12,14.89,MENU_13,15.93,MENU_14,16.96,MENU_15,18.0,47,14.4,False,False,1,59,81,65,50,36,40,50,45,57,39,31,30,25,21,14
2025-11-02,MENU_1,3.5,MENU_2,4.54,MENU_3,5.57,MENU_4,6.61,MENU_5,7.64,MENU_6,8.68,MENU_7,9.71,MENU_8,10.75,MENU_9,11.79,MENU_10,12.82,MENU_11,13.86,MENU_12,14.89,MENU_13,15.93,MENU_14,16.96,MENU_15,18.0,52,12.7,True,False,0,60,66,63,37,45,50,67,49,43,45,38,38,22,17,18
2025-11-03,MENU_1,3.5,MENU_2,4.54,MENU_3,5.57,MENU_4,6.61,MENU_5,7.64,MENU_6,8.68,MENU_7,9.71,MENU_8,10.75,MENU_9,11.79,MENU_10,12.82,MENU_11,13.86,MENU_12,14.89,MENU_13,15.93,MENU_14,16.96,MENU_15,18.0,21,13.2,False,False,0,57,52,58,40,32,33,32,31,38,28,22,21,19,15,14
2025-11-04,MENU_1,3.5,MENU_2,4.54,MENU_3,5.57,MENU_4,6.61,MENU_5,7.64,MENU_6,8.68,MENU_7,9.71,MENU_8,10.75,MENU_9,11.79,MENU_10,12.82,MENU_11,13.86,MENU_12,14.89,MENU_13,15.93,MENU_14,16.96,MENU_15,18.0,37,13.9,False,False,0,60,40,49,43,51,32,39,47,41,38,23,28,17,17,13
2025-11-05,MENU_1,3.5,MENU_2,4.54,MENU_3,5.57,MENU_4,6.61,MENU_5,7.64,MENU_6,8.68,MENU_7,9.71,MENU_8,10.75,MENU_9,11.79,MENU_10,12.82,MENU_11,13.86,MENU_12,14.89,MENU_13,15.93,MENU_14,16.96,MENU_15,18.0,35,8.6,False,False,0,70,43,51,58,40,34,35,44,30,31,26,22,23,14,14
2025-11-06,MENU_1,3.5,MENU_2,4.54,MENU_3,5.57,MENU_4,6.61,MENU_5,7.64,MENU_6,8.68,MENU_7,9.71,MENU_8,10.75,MENU_9,11.79,MENU_10,12.82,MENU_11,13.86,MENU_12,14.89,MENU_13,15.93,MENU_14,16.96,MENU_15,18.0,27,11.4,False,False,0,65,58,57,40,30,27,39,38,31,27,24,25,19,16,10
2025-11-07,MENU_1,3.5,MENU_2,4.54,MENU_3,5.57,MENU_4,6.61,MENU_5,7.64,MENU_6,8.68,MENU_7,9.71,MENU_8,10.75,MENU_9,11.79,MENU_10,12.82,MENU_11,13.86,MENU_12,14.89,MENU_13,15.93,MENU_14,16.96,MENU_15,18.0,27,10.9,False,False,1,68,54,53,36,31,27,33,36,32,21,24,22,19,16,14
2025-11-08,MENU_1,3.5,MENU_2,4.54,MENU_3,5.57,MENU_4,6.61,MENU_5,7.64,MENU_6,7.38,MENU_7,9.71,MENU_8,10.75,MENU_9,11.79,MENU_10,12.82,MENU_11,13.86,MENU_12,14.89,MENU_13,15.93,MENU_14,16.96,MENU_15,18.0,58,10.4,True,False,0,84,55,44,52,44,39,52,49,55,31,42,40,26,23,15
2025-11-09,MENU_1,3.5,MENU_2,4.54,MENU_3,5.57,MENU_4,6.61,MENU_5,7.64,MENU_6,8.68,MENU_7,9.71,MENU_8,10.75,MENU_9,11.79,MENU_10,12.82,MENU_11,13.86,MENU_12,14.89,MENU_13,15.93,MENU_14,16.96,MENU_15,18.0,60,11.2,True,False,1,80,67,66,32,40,36,61,41,49,30,33,35,20,16,15
2025-11-10,MENU_1,3.5,MENU_2,4.54,MENU_3,5.57,MENU_4,6.61,MENU_5,7.64,MENU_6,8.68,MENU_7,9.71,MENU_8,10.75,MENU_9,11.79,MENU_10,12.82,MENU_11,13.86,MENU_12,14.89,MENU_13,15.93,MENU_14,16.96,MENU_15,18.0,30,15.5,True,False,0,46,51,34,39,35,39,31,31,30,28,30,24,22,14,16
2025-11-11,MENU_1,3.5,MENU_2,4.54,MENU_3,5.57,MENU_4,6.61,MENU_5,7.64,MENU_6,8.68,MENU_7,9.71,MENU_8,10.75,MENU_9,11.79,MENU_10,12.82,MENU_11,13.86,MENU_12,14.89,MENU_13,15.93,MENU_14,16.96,MENU_15,18.0,27,9.6,False,False,2,53,66,47,48,41,35,42,35,31,23,21,15,24,14,11
2025-11-12,MENU_1,3.5,MENU_2,4.54,MENU_3,5.57,MENU_4,6.61,MENU_5,7.64,MENU_6,8.68,MENU_7,9.71,MENU_8,10.75,MENU_9,11.79,MENU_10,12.82,MENU_11,13.86,MENU_12,14.89,MENU_13,15.93,MENU_14,16.96,MENU_15,18.0,42,14.1,False,False,0,65,64,71,45,38,43,48,40,35,38,36,25,25,23,17
2025-11-13,MENU_1,3.5,MENU_2,4.54,MENU_3,5.57,MENU_4,6.61,MENU_5,7.64,MENU_6,8.68,MENU_7,9.71,MENU_8,10.75,MENU_9,11.79,MENU_10,12.82,MENU_11,13.86,MENU_12,14.89,MENU_13,15.93,MENU_14,16.96,MENU_15,18.0,34,7.3,False,False,0,61,74,75,27,35,27,46,39,40,30,23,25,18,15,19
2025-11-14,MENU_1,3.5,MENU_2,4.54,MENU_3,5.57,MENU_4,6.61,MENU_5,7.64,MENU_6,8.68,MENU_7,9.71,MENU_8,10.75,MENU_9,11.79,MENU_10,12.82,MENU_11,13.86,MENU_12,14.89,MENU_13,15.93,MENU_14,16.96,MENU_15,18.0,37,10.6,False,False,0,54,62,48,38,44,33,42,43,34,30,28,25,14,20,17
2025-11-15,MENU_1,3.5,MENU_2,4.54,MENU_3,5.57,MENU_4,6.61,MENU_5,7.64,MENU_6,8.68,MENU_7,9.71,MENU_8,10.75,MENU_9,11.79,MENU_10,12.82,MENU_11,13.86,MENU_12,14.89,MENU_13,15.93,MENU_14,16.96,MENU_15,18.0,65,11.8,True,False,0,67,67,61,57,49,42,83,46,44,37,36,39,27,23,16
2025-11-16,MENU_1,3.5,MENU_2,4.54,MENU_3,5.57,MENU_4,6.61,MENU_5,7.64,MENU_6,8.68,MENU_7,9.71,MENU_8,10.75,MENU_9,11.79,MENU_10,12.82,MENU_11,13.86,MENU_12,14.89,MENU_13,15.93,MENU_14,16.96,MENU_15,18.0,56,12.8,False,False,0,69,81,67,53,45,39,68,48,45,49,38,33,25,21,14
2025-11-17,MENU_1,3.5,MENU_2,4.54,MENU_3,5.57,MENU_4,6.61,MENU_5,7.64,MENU_6,8.68,MENU_7,9.71,MENU_8,10.75,MENU_9,11.79,MENU_10,12.82,MENU_11,13.86,MENU_12,14.89,MENU_13,15.93,MENU_14,16.96,MENU_15,18.0,26,13.0,True,False,0,47,42,60,31,32,30,35,37,26,22,26,20,16,12,10
2025-11-18,MENU_1,3.5,MENU_2,4.54,MENU_3,5.57,MENU_4,6.61,MENU_5,7.64,MENU_6,8.68,MENU_7,9.71,MENU_8,10.75,MENU_9,11.79,MENU_10,12.82,MENU_11,13.86,MENU_12,14.89,MENU_13,15.93,MENU_14,16.96,MENU_15,18.0,33,13.1,False,False,1,59,83,51,38,29,39,34,40,26,26,33,28,24,14,14
2025-11-19,MENU_1,3.5,MENU_2,4.54,MENU_3,5.57,MENU_4,6.61,MENU_5,7.64,MENU_6,8.68,MENU_7,9.71,MENU_8,10.75,MENU_9,9.43,MENU_10,12.82,MENU_11,13.86,MENU_12,14.89,MENU_13,15.93,MENU_14,16.96,MENU_15,18.0,34,10.2,False,False,0,76,64,53,36,31,33,39,34,39,36,32,16,18,20,13
2025-11-20,MENU_1,3.5,MENU_2,4.54,MENU_3,5.57,MENU_4,6.61,MENU_5,7.64,MENU_6,8.68,MENU_7,9.71,MENU_8,10.75,MENU_9,11.79,MENU_10,12.82,MENU_11,13.86,MENU_12,14.89,MENU_13,15.93,MENU_14,16.96,MENU_15,18.0,30,9.9,False,False,0,64,62,69,40,37,34,47,35,40,31,25,25,19,14,13
2025-11-21,MENU_1,3.5,MENU_2,4.54,MENU_3,5.57,MENU_4,6.61,MENU_5,7.64,MENU_6,8.68,MENU_7,9.71,MENU_8,10.75,MENU_9,11.79,MENU_10,12.82,MENU_11,13.86,MENU_12,14.89,MENU_13,15.93,MENU_14,16.96,MENU_15,18.0,32,13.1,False,False,1,84,63,52,50,38,45,49,35,32,29,27,22,22,18,14
2025-11-22,MENU_1,3.5,MENU_2,4.54,MENU_3,5.57,MENU_4,6.61,MENU_5,7.64,MENU_6,8.68,MENU_7,9.71,MENU_8,10.75,MENU_9,11.79,MENU_10,12.82,MENU_11,13.86,MENU_12,14.89,MENU_13,15.93,MENU_14,16.96,MENU_15,18.0,52,10.4,True,False,0,68,80,66,48,39,35,63,47,48,43,31,27,18,19,15
2025-11-23,MENU_1,3.5,MENU_2,4.54,MENU_3,5.57,MENU_4,6.61,MENU_5,7.64,MENU_6,8.68,MENU_7,9.71,MENU_8,10.75,MENU_9,11.79,MENU_10,12.82,MENU_11,13.86,MENU_12,14.89,MENU_13,15.93,MENU_14,16.96,MENU_15,18.0,66,7.6,False,False,0,80,88,58,50,50,48,70,62,33,48,37,40,26,24,20
2025-11-24,MENU_1,3.5,MENU_2,4.54,MENU_3,5.57,MENU_4,6.61,MENU_5,7.64,MENU_6,8.68,MENU_7,9.71,MENU_8,10.75,MENU_9,11.79,MENU_10,12.82,MENU_11,13.86,MENU_12,14.89,MENU_13,15.93,MENU_14,16.96,MENU_15,18.0,27,7.9,True,False,0,56,40,48,25,24,30,27,43,31,27,19,24,21,16,10
2025-11-25,MENU_1,3.5,MENU_2,4.54,MENU_3,5.57,MENU_4,6.61,MENU_5,7.64,MENU_6,8.68,MENU_7,9.71,MENU_8,10.75,MENU_9,11.79,MENU_10,12.82,MENU_11,13.86,MENU_12,14.89,MENU_13,15.93,MENU_14,16.96,MENU_15,18.0,25,8.4,False,False,0,63,69,41,28,31,24,39,35,30,25,24,26,20,14,12
2025-11-26,MENU_1,3.5,MENU_2,4.54,MENU_3,5.57,MENU_4,6.61,MENU_5,7.64,MENU_6,8.68,MENU_7,9.71,MENU_8,10.75,MENU_9,11.79,MENU_10,12.82,MENU_11,13.86,MENU_12,14.89,MENU_13,15.93,MENU_14,16.96,MENU_15,18.0,22,11.9,False,False,0,61,51,43,40,36,27,29,36,28,36,25,21,22,14,13
2025-11-27,MENU_1,3.5,MENU_2,4.54,MENU_3,5.57,MENU_4,6.61,MENU_5,7.64,MENU_6,8.68,MENU_7,9.71,MENU_8,10.75,MENU_9,11.79,MENU_10,12.82,MENU_11,13.86,MENU_12,14.89,MENU_13,15.93,MENU_14,16.96,MENU_15,18.0,23,11.0,True,False,0,68,50,52,26,28,25,25,22,28,23,16,22,20,16,12
2025-11-28,MENU_1,3.5,MENU_2,4.54,MENU_3,5.57,MENU_4,6.61,MENU_5,6.49,MENU_6,8.68,MENU_7,9.71,MENU_8,10.75,MENU_9,11.79,MENU_10,12.82,MENU_11,13.86,MENU_12,14.89,MENU_13,15.93,MENU_14,16.96,MENU_15,18.0,31,12.3,True,False,2,48,42,49,35,51,28,36,30,27,33,24,24,18,14,16
2025-11-29,MENU_1,3.5,MENU_2,4.54,MENU_3,5.57,MENU_4,6.61,MENU_5,7.64,MENU_6,8.68,MENU_7,9.71,MENU_8,10.75,MENU_9,11.79,MENU_10,12.82,MENU_11,13.86,MENU_12,14.89,MENU_13,15.93,MENU_14,16.96,MENU_15,18.0,58,9.4,True,False,0,79,71,59,44,44,36,58,58,31,40,45,32,15,11,16
2025-11-30,MENU_1,3.5,MENU_2,4.54,MENU_3,5.57,MENU_4,6.61,MENU_5,7.64,MENU_6,8.68,MENU_7,9.71,MENU_8,10.75,MENU_9,11.79,MENU_10,12.82,MENU_11,13.86,MENU_12,14.89,MENU_13,15.93,MENU_14,16.96,MENU_15,18.0,58,10.9,False,False,0,79,65,61,40,47,46,68,58,57,51,48,32,21,23,13
2025-12-01,MENU_1,3.5,MENU_2,4.54,MENU_3,5.57,MENU_4,6.61,MENU_5,7.64,MENU_6,8.68,MENU_7,9.71,MENU_8,10.75,MENU_9,11.79,MENU_10,12.82,MENU_11,13.86,MENU_12,14.89,MENU_13,15.93,MENU_14,16.96,MENU_15,18.0,34,12.0,False,False,1,48,61,55,35,49,43,43,12,35,34,25,22,23,15,16
2025-12-02,MENU_1,3.5,MENU_2,4.54,MENU_3,5.57,MENU_4,6.61,MENU_5,7.64,MENU_6,8.68,MENU_7,9.71,MENU_8,10.75,MENU_9,11.79,MENU_10,12.82,MENU_11,13.86,MENU_12,14.89,MENU_13,15.93,MENU_14,16.96,MENU_15,18.0,27,9.6,False,False,0,68,55,57,36,27,33,40,38,30,33,20,25,15,18,15
2025-12-03,MENU_1,3.5,MENU_2,4.54,MENU_3,5.57,MENU_4,6.61,MENU_5,7.64,MENU_6,8.68,MENU_7,9.71,MENU_8,10.75,MENU_9,11.79,MENU_10,12.82,MENU_11,13.86,MENU_12,14.89,MENU_13,15.93,MENU_14,16.96,MENU_15,18.0,24,11.5,False,False,0,69,71,60,40,35,30,31,43,26,24,27,22,18,20,13
2025-12-04,MENU_1,3.5,MENU_2,4.54,MENU_3,5.57,MENU_4,6.61,MENU_5,7.64,MENU_6,8.68,MENU_7,9.71,MENU_8,10.75,MENU_9,11.79,MENU_10,12.82,MENU_11,13.86,MENU_12,14.89,MENU_13,15.93,MENU_14,16.96,MENU_15,18.0,26,8.6,False,False,1,53,75,33,41,35,21,36,24,24,33,17,19,20,17,11
2025-12-05,MENU_1,3.5,MENU_2,4.54,MENU_3,5.57,MENU_4,6.61,MENU_5,7.64,MENU_6,8.68,MENU_7,9.71,MENU_8,10.75,MENU_9,11.79,MENU_10,12.82,MENU_11,13.86,MENU_12,14.89,MENU_13,15.93,MENU_14,16.96,MENU_15,18.0,26,9.3,True,False,0,54,52,43,35,26,29,26,38,29,33,27,15,21,17,16
2025-12-06,MENU_1,3.5,MENU_2,4.54,MENU_3,5.57,MENU_4,6.61,MENU_5,7.64,MENU_6,8.68,MENU_7,9.71,MENU_8,10.75,MENU_9,11.79,MENU_10,12.82,MENU_11,13.86,MENU_12,14.89,MENU_13,11.95,MENU_14,16.96,MENU_15,18.0,51,9.3,False,False,0,55,71,68,45,43,39,40,30,59,42,38,38,30,21,14
2025-12-07,MENU_1,3.5,MENU_2,4.54,MENU_3,5.57,MENU_4,6.61,MENU_5,7.64,MENU_6,8.68,MENU_7,9.71,MENU_8,10.75,MENU_9,11.79,MENU_10,12.82,MENU_11,13.86,MENU_12,14.89,MENU_13,15.93,MENU_14,16.96,MENU_15,18.0,64,7.2,False,False,1,67,74,73,41,36,41,69,65,54,48,54,34,24,27,20
2025-12-08,MENU_1,3.5,MENU_2,4.54,MENU_3,5.57,MENU_4,6.61,MENU_5,7.64,MENU_6,8.68,MENU_7,9.71,MENU_8,10.75,MENU_9,11.79,MENU_10,12.82,MENU_11,13.86,MENU_12,14.89,MENU_13,15.93,MENU_14,16.96,MENU_15,18.0,35,11.4,False,False,0,74,71,61,34,42,47,35,37,27,28,20,25,21,15,15
2025-12-09,MENU_1,3.5,MENU_2,4.54,MENU_3,5.57,MENU_4,5.29,MENU_5,7.64,MENU_6,8.68,MENU_7,9.71,MENU_8,10.75,MENU_9,11.79,MENU_10,12.82,MENU_11,13.86,MENU_12,14.89,MENU_13,15.93,MENU_14,16.96,MENU_15,18.0,25,9.0,False,False,2,56,54,56,43,38,37,42,22,32,27,29,26,20,16,15
2025-12-10,MENU_1,3.5,MENU_2,4.54,MENU_3,5.57,MENU_4,6.61,MENU_5,7.64,MENU_6,8.68,MENU_7,9.71,MENU_8,10.75,MENU_9,11.79,MENU_10,12.82,MENU_11,13.86,MENU_12,14.89,MENU_13,15.93,MENU_14,16.96,MENU_15,18.0,39,10.1,False,False,0,56,59,57,44,40,40,48,41,35,40,28,20,21,20,19
2025-12-11,MENU_1,3.5,MENU_2,4.54,MENU_3,5.57,MENU_4,6.61,MENU_5,7.64,MENU_6,8.68,MENU_7,9.71,MENU_8,10.75,MENU_9,11.79,MENU_10,12.82,MENU_11,13.86,MENU_12,14.89,MENU_13,15.93,MENU_14,16.96,MENU_15,18.0,31,11.3,False,False,0,64,67,51,42,27,29,35,42,37,25,25,23,24,17,15
2025-12-12,MENU_1,3.5,MENU_2,4.54,MENU_3,5.57,MENU_4,6.61,MENU_5,7.64,MENU_6,8.68,MENU_7,9.71,MENU_8,10.75,MENU_9,11.79,MENU_10,12.82,MENU_11,13.86,MENU_12,14.89,MENU_13,15.93,MENU_14,16.96,MENU_15,18.0,31,11.2,True,False,1,51,49,48,24,28,29,38,34,32,23,19,21,16,18,12
2025-12-13,MENU_1,3.5,MENU_2,4.54,MENU_3,5.57,MENU_4,6.61,MENU_5,7.64,MENU_6,8.68,MENU_7,9.71,MENU_8,10.75,MENU_9,11.79,MENU_10,12.82,MENU_11,13.86,MENU_12,14.89,MENU_13,15.93,MENU_14,16.96,MENU_15,18.0,57,11.7,False,False,0,70,71,79,43,49,42,53,59,27,56,44,38,25,20,20
2025-12-14,MENU_1,3.5,MENU_2,4.54,MENU_3,5.57,MENU_4,6.61,MENU_5,7.64,MENU_6,8.68,MENU_7,9.71,MENU_8,10.75,MENU_9,11.79,MENU_10,12.82,MENU_11,13.86,MENU_12,14.89,MENU_13,15.93,MENU_14,16.96,MENU_15,18.0,45,9.8,False,False,1,78,51,56,50,40,33,39,47,49,45,41,39,24,25,14
2025-12-15,MENU_1,3.5,MENU_2,4.54,MENU_3,5.57,MENU_4,6.61,MENU_5,7.64,MENU_6,8.68,MENU_7,9.71,MENU_8,10.75,MENU_9,11.79,MENU_10,12.82,MENU_11,13.86,MENU_12,14.89,MENU_13,15.93,MENU_14,16.96,MENU_15,18.0,33,9.0,False,False,1,53,67,57,38,21,36,40,26,28,40,34,19,19,23,15
2025-12-16,MENU_1,3.5,MENU_2,4.54,MENU_3,5.57,MENU_4,6.61,MENU_5,7.64,MENU_6,8.68,MENU_7,9.71,MENU_8,10.75,MENU_9,11.79,MENU_10,12.82,MENU_11,13.86,MENU_12,14.89,MENU_13,15.93,MENU_14,16.96,MENU_15,18.0,20,9.8,True,False,0,44,63,47,24,34,29,29,32,21,22,25,21,19,15,9
2025-12-17,MENU_1,3.5,MENU_2,4.54,MENU_3,5.57,MENU_4,6.61,MENU_5,7.64,MENU_6,8.68,MENU_7,9.71,MENU_8,10.75,MENU_9,11.79,MENU_10,12.82,MENU_11,13.86,MENU_12,14.89,MENU_13,15.93,MENU_14,16.96,MENU_15,18.0,28,5.8,True,True,2,82,84,88,57,40,31,44,55,39,37,30,33,26,23,15
2025-12-18,MENU_1,3.5,MENU_2,4.54,MENU_3,5.57,MENU_4,6.61,MENU_5,7.64,MENU_6,8.68,MENU_7,9.71,MENU_8,10.75,MENU_9,11.79,MENU_10,12.82,MENU_11,13.86,MENU_12,14.89,MENU_13,15.93,MENU_14,16.96,MENU_15,18.0,25,6.4,False,False,0,70,71,52,33,27,34,48,40,33,25,21,22,22,19,14
2025-12-19,MENU_1,3.5,MENU_2,4.54,MENU_3,5.57,MENU_4,6.61,MENU_5,7.64,MENU_6,8.68,MENU_7,9.71,MENU_8,10.75,MENU_9,11.79,MENU_10,12.82,MENU_11,13.86,MENU_12,14.89,MENU_13,15.93,MENU_14,13.57,MENU_15,18.0,34,6.7,False,False,0,79,55,68,38,39,32,31,26,25,31,22,23,21,19,15
2025-12-20,MENU_1,3.5,MENU_2,4.54,MENU_3,5.57,MENU_4,6.61,MENU_5,7.64,MENU_6,8.68,MENU_7,9.71,MENU_8,10.75,MENU_9,11.79,MENU_10,12.82,MENU_11,13.86,MENU_12,14.89,MENU_13,15.93,MENU_14,16.96,MENU_15,18.0,63,7.5,False,False,1,73,80,86,48,38,29,65,44,57,34,51,40,27,18,14
2025-12-21,MENU_1,3.5,MENU_2,4.54,MENU_3,5.57,MENU_4,6.61,MENU_5,7.64,MENU_6,8.68,MENU_7,9.71,MENU_8,10.75,MENU_9,11.79,MENU_10,12.82,MENU_11,13.86,MENU_12,14.89,MENU_13,15.93,MENU_14,16.96,MENU_15,18.0,61,11.0,False,False,1,89,63,69,47,41,43,52,49,57,51,37,39,23,26,19
2025-12-22,MENU_1,3.5,MENU_2,4.54,MENU_3,5.57,MENU_4,6.61,MENU_5,7.64,MENU_6,8.68,MENU_7,9.71,MENU_8,10.75,MENU_9,11.79,MENU_10,12.82,MENU_11,13.86,MENU_12,14.89,MENU_13,15.93,MENU_14,16.96,MENU_15,18.0,30,7.7,False,False,0,56,58,55,32,35,33,44,27,33,31,32,25,18,18,12
2025-12-23,MENU_1,3.5,MENU_2,4.54,MENU_3,5.57,MENU_4,6.61,MENU_5,7.64,MENU_6,8.68,MENU_7,9.71,MENU_8,10.75,MENU_9,11.79,MENU_10,12.82,MENU_11,13.86,MENU_12,14.89,MENU_13,15.93,MENU_14,16.96,MENU_15,18.0,40,9.1,False,False,1,87,72,58,53,48,40,44,39,31,32,31,27,26,18,18
2025-12-24,MENU_1,3.5,MENU_2,4.54,MENU_3,5.57,MENU_4,6.61,MENU_5,7.64,MENU_6,8.68,MENU_7,9.71,MENU_8,10.75,MENU_9,11.79,MENU_10,12.82,MENU_11,13.86,MENU_12,14.89,MENU_13,15.93,MENU_14,16.96,MENU_15,18.0,30,13.3,False,False,0,50,58,52,47,48,34,41,37,28,28,28,20,22,17,13
2025-12-25,MENU_1,3.5,MENU_2,4.54,MENU_3,5.57,MENU_4,6.61,MENU_5,7.64,MENU_6,8.68,MENU_7,9.71,MENU_8,10.75,MENU_9,11.79,MENU_10,12.82,MENU_11,13.86,MENU_12,14.89,MENU_13,15.93,MENU_14,16.96,MENU_15,18.0,34,9.1,True,False,0,70,44,59,39,34,34,31,26,35,24,23,25,16,10,11
2025-12-26,MENU_1,3.5,MENU_2,4.54,MENU_3,5.57,MENU_4,6.61,MENU_5,7.64,MENU_6,8.68,MENU_7,9.71,MENU_8,10.75,MENU_9,11.79,MENU_10,12.82,MENU_11,13.86,MENU_12,14.89,MENU_13,15.93,MENU_14,16.96,MENU_15,18.0,30,11.9,False,True,0,77,65,79,61,56,50,48,55,35,46,40,38,29,23,20
2025-12-27,MENU_1,3.5,MENU_2,4.54,MENU_3,5.57,MENU_4,6.61,MENU_5,7.64,MENU_6,8.68,MENU_7,9.71,MENU_8,10.75,MENU_9,11.79,MENU_10,12.82,MENU_11,13.86,MENU_12,14.89,MENU_13,15.93,MENU_14,16.96,MENU_15,16.2,68,7.7,False,False,0,110,63,78,40,50,33,72,64,62,40,43,39,17,20,19
2025-12-28,MENU_1,3.5,MENU_2,4.54,MENU_3,5.57,MENU_4,6.61,MENU_5,7.64,MENU_6,8.68,MENU_7,9.71,MENU_8,10.75,MENU_9,11.79,MENU_10,12.82,MENU_11,13.86,MENU_12,14.89,MENU_13,15.93,MENU_14,16.96,MENU_15,18.0,54,9.6,True,False,0,74,69,50,49,31,28,66,44,43,43,34,24,20,21,18
2025-12-29,MENU_1,3.5,MENU_2,4.54,MENU_3,5.57,MENU_4,6.61,MENU_5,7.64,MENU_6,8.68,MENU_7,9.71,MENU_8,10.75,MENU_9,11.79,MENU_10,12.82,MENU_11,13.86,MENU_12,14.89,MENU_13,15.93,MENU_14,16.96,MENU_15,18.0,29,7.7,False,False,1,53,78,48,31,36,36,41,34,32,38,29,23,23,20,14
2025-12-30,MENU_1,3.5,MENU_2,4.54,MENU_3,5.57,MENU_4,6.61,MENU_5,7.64,MENU_6,8.68,MENU_7,9.71,MENU_8,10.75,MENU_9,11.79,MENU_10,12.82,MENU_11,13.86,MENU_12,14.89,MENU_13,15.93,MENU_14,16.96,MENU_15,18.0,25,9.3,False,False,0,55,68,71,37,30,37,32,24,23,34,25,23,19,18,13
2025-12-31,MENU_1,3.5,MENU_2,4.54,MENU_3,5.57,MENU_4,6.61,MENU_5,7.64,MENU_6,8.68,MENU_7,9.71,MENU_8,10.75,MENU_9,11.79,MENU_10,12.82,MENU_11,13.86,MENU_12,14.89,MENU_13,15.93,MENU_14,16.96,MENU_15,18.0,35,12.3,True,False,0,64,39,50,28,37,34,38,32,30,21,22,18,19,17,14
2026-01-01,MENU_1,3.5,MENU_2,4.54,MENU_3,5.57,MENU_4,6.61,MENU_5,7.64,MENU_6,8.68,MENU_7,9.71,MENU_8,10.75,MENU_9,11.79,MENU_10,12.82,MENU_11,13.86,MENU_12,14.89,MENU_13,15.93,MENU_14,16.96,MENU_15,18.0,24,5.9,False,False,0,71,70,48,22,29,34,50,34,33,26,27,21,10,13,11
2026-01-02,MENU_1,3.5,MENU_2,4.54,MENU_3,5.57,MENU_4,6.61,MENU_5,7.64,MENU_6,8.68,MENU_7,9.71,MENU_8,10.75,MENU_9,11.79,MENU_10,12.82,MENU_11,13.86,MENU_12,14.89,MENU_13,15.93,MENU_14,16.96,MENU_15,18.0,27,11.3,False,False,0,59,65,65,40,38,39,38,35,25,30,25,18,18,18,11
2026-01-03,MENU_1,3.5,MENU_2,4.54,MENU_3,5.57,MENU_4,6.61,MENU_5,7.64,MENU_6,8.68,MENU_7,9.71,MENU_8,10.75,MENU_9,11.79,MENU_10,12.82,MENU_11,13.86,MENU_12,14.89,MENU_13,15.93,MENU_14,16.96,MENU_15,18.0,53,10.8,False,False,0,74,54,69,41,44,45,70,56,52,43,42,38,25,22,18
2026-01-04,MENU_1,3.5,MENU_2,4.54,MENU_3,5.57,MENU_4,6.61,MENU_5,7.64,MENU_6,8.68,MENU_7,9.71,MENU_8,10.75,MENU_9,11.79,MENU_10,12.82,MENU_11,13.86,MENU_12,14.89,MENU_13,15.93,MENU_14,16.96,MENU_15,18.0,49,8.8,False,False,0,81,66,71,30,22,32,50,53,48,34,36,35,25,24,14
2026-01-05,MENU_1,3.5,MENU_2,4.54,MENU_3,5.57,MENU_4,6.61,MENU_5,7.64,MENU_6,8.68,MENU_7,9.71,MENU_8,10.75,MENU_9,11.79,MENU_10,12.82,MENU_11,13.86,MENU_12,14.89,MENU_13,15.93,MENU_14,16.96,MENU_15,18.0,30,6.7,False,False,0,65,71,56,38,33,38,38,34,29,31,22,17,23,23,12
2026-01-06,MENU_1,3.5,MENU_2,4.54,MENU_3,5.57,MENU_4,6.61,MENU_5,7.64,MENU_6,8.68,MENU_7,9.71,MENU_8,10.75,MENU_9,11.79,MENU_10,12.82,MENU_11,13.86,MENU_12,14.89,MENU_13,15.93,MENU_14,16.96,MENU_15,18.0,25,10.5,False,False,1,48,61,50,49,38,35,40,35,35,28,32,23,19,12,15
2026-01-07,MENU_1,3.5,MENU_2,4.54,MENU_3,5.57,MENU_4,6.61,MENU_5,7.64,MENU_6,8.68,MENU_7,9.71,MENU_8,10.75,MENU_9,11.79,MENU_10,12.82,MENU_11,13.86,MENU_12,14.89,MENU_13,15.93,MENU_14,16.96,MENU_15,18.0,26,9.1,False,False,0,53,46,53,43,36,29,39,39,21,36,31,22,19,16,15
2026-01-08,MENU_1,3.5,MENU_2,4.54,MENU_3,5.57,MENU_4,6.61,MENU_5,7.64,MENU_6,8.68,MENU_7,9.71,MENU_8,10.75,MENU_9,11.79,MENU_10,12.82,MENU_11,13.86,MENU_12,14.89,MENU_13,15.93,MENU_14,16.96,MENU_15,18.0,32,11.0,False,False,1,65,65,44,38,36,31,35,35,35,29,30,25,16,16,12
2026-01-09,MENU_1,3.5,MENU_2,4.54,MENU_3,5.57,MENU_4,6.61,MENU_5,7.64,MENU_6,8.68,MENU_7,9.71,MENU_8,10.75,MENU_9,11.79,MENU_10,12.82,MENU_11,13.86,MENU_12,14.89,MENU_13,15.93,MENU_14,16.96,MENU_15,18.0,40,10.5,False,False,0,79,43,59,42,49,38,37,40,44,37,27,24,21,19,14
2026-01-10,MENU_1,3.5,MENU_2,4.54,MENU_3,5.57,MENU_4,6.61,MENU_5,7.64,MENU_6,8.68,MENU_7,9.71,MENU_8,10.75,MENU_9,11.79,MENU_10,12.82,MENU_11,13.86,MENU_12,14.89,MENU_13,15.93,MENU_14,16.96,MENU_15,18.0,56,14.5,False,False,0,91,67,68,59,51,34,67,53,60,36,38,31,20,21,15
2026-01-11,MENU_1,3.5,MENU_2,4.54,MENU_3,5.57,MENU_4,6.61,MENU_5,7.64,MENU_6,8.68,MENU_7,9.71,MENU_8,10.75,MENU_9,11.79,MENU_10,12.82,MENU_11,13.86,MENU_12,14.89,MENU_13,15.93,MENU_14,16.96,MENU_15,18.0,50,10.0,False,False,0,81,81,83,52,44,43,66,47,50,36,46,30,17,19,21
2026-01-12,MENU_1,3.5,MENU_2,4.54,MENU_3,5.57,MENU_4,6.61,MENU_5,7.64,MENU_6,8.68,MENU_7,9.71,MENU_8,10.75,MENU_9,11.79,MENU_10,12.82,MENU_11,13.86,MENU_12,14.89,MENU_13,15.93,MENU_14,16.96,MENU_15,18.0,26,8.1,False,False,0,64,58,55,33,38,26,45,37,30,31,24,21,16,19,16
2026-01-13,MENU_1,3.5,MENU_2,4.54,MENU_3,5.57,MENU_4,6.61,MENU_5,7.64,MENU_6,8.68,MENU_7,9.71,MENU_8,10.75,MENU_9,11.79,MENU_10,12.82,MENU_11,13.86,MENU_12,12.66,MENU_13,15.93,MENU_14,16.96,MENU_15,18.0,31,11.1,False,False,0,69,54,36,40,39,36,49,33,29,34,24,29,25,14,13
2026-01-14,MENU_1,3.5,MENU_2,4.54,MENU_3,5.57,MENU_4,6.61,MENU_5,7.64,MENU_6,8.68,MENU_7,9.71,MENU_8,10.75,MENU_9,11.79,MENU_10,12.82,MENU_11,13.86,MENU_12,14.89,MENU_13,15.93,MENU_14,16.96,MENU_15,18.0,30,11.3,False,False,0,55,66,54,41,32,32,39,37,31,25,34,24,19,14,15
2026-01-15,MENU_1,3.5,MENU_2,4.54,MENU_3,5.57,MENU_4,6.61,MENU_5,7.64,MENU_6,8.68,MENU_7,9.71,MENU_8,10.75,MENU_9,11.79,MENU_10,12.82,MENU_11,13.86,MENU_12,14.89,MENU_13,15.93,MENU_14,16.96,MENU_15,18.0,28,14.2,False,False,0,57,64,74,45,24,35,36,35,34,29,26,22,20,14,11
2026-01-16,MENU_1,3.5,MENU_2,4.54,MENU_3,5.57,MENU_4,6.61,MENU_5,7.64,MENU_6,8.68,MENU_7,9.71,MENU_8,10.75,MENU_9,11.79,MENU_10,12.82,MENU_11,13.86,MENU_12,14.89,MENU_13,15.93,MENU_14,16.96,MENU_15,18.0,27,13.0,False,False,0,52,67,60,39,35,31,45,33,28,23,32,21,18,16,12
2026-01-17,MENU_1,3.5,MENU_2,4.54,MENU_3,5.57,MENU_4,6.61,MENU_5,7.64,MENU_6,8.68,MENU_7,9.71,MENU_8,10.75,MENU_9,11.79,MENU_10,12.82,MENU_11,13.86,MENU_12,14.89,MENU_13,15.93,MENU_14,16.96,MENU_15,18.0,45,11.8,False,False,1,56,74,54,44,47,38,60,47,51,40,29,31,17,16,16
2026-01-18,MENU_1,3.5,MENU_2,4.54,MENU_3,5.57,MENU_4,6.61,MENU_5,7.64,MENU_6,8.68,MENU_7,9.71,MENU_8,10.75,MENU_9,11.79,MENU_10,12.82,MENU_11,13.86,MENU_12,14.89,MENU_13,15.93,MENU_14,16.96,MENU_15,18.0,64,14.7,False,False,0,81,85,75,66,49,61,53,53,69,53,46,52,30,22,19
2026-01-19,MENU_1,3.5,MENU_2,4.54,MENU_3,5.57,MENU_4,6.61,MENU_5,7.64,MENU_6,8.68,MENU_7,9.71,MENU_8,10.75,MENU_9,11.79,MENU_10,12.82,MENU_11,13.86,MENU_12,14.89,MENU_13,15.93,MENU_14,16.96,MENU_15,18.0,25,8.1,False,False,0,62,64,48,41,36,36,31,25,31,26,33,20,13,16,13
2026-01-20,MENU_1,3.5,MENU_2,4.54,MENU_3,5.57,MENU_4,6.61,MENU_5,7.64,MENU_6,8.68,MENU_7,9.71,MENU_8,10.75,MENU_9,11.79,MENU_10,12.82,MENU_11,13.86,MENU_12,14.89,MENU_13,15.93,MENU_14,16.96,MENU_15,18.0,31,9.5,False,False,0,70,62,45,41,36,35,42,38,26,28,27,21,19,15,15
2026-01-21,MENU_1,3.5,MENU_2,4.54,MENU_3,5.57,MENU_4,6.61,MENU_5,7.64,MENU_6,8.68,MENU_7,9.71,MENU_8,10.75,MENU_9,11.79,MENU_10,12.82,MENU_11,13.86,MENU_12,14.89,MENU_13,15.93,MENU_14,16.96,MENU_15,18.0,27,8.9,False,False,0,66,59,52,45,40,31,36,36,25,24,25,34,19,19,14
2026-01-22,MENU_1,3.5,MENU_2,4.54,MENU_3,5.57,MENU_4,6.61,MENU_5,7.64,MENU_6,8.68,MENU_7,9.71,MENU_8,10.75,MENU_9,11.79,MENU_10,12.82,MENU_11,13.86,MENU_12,14.89,MENU_13,15.93,MENU_14,16.96,MENU_15,18.0,33,10.3,True,False,1,59,52,52,33,32,35,35,37,33,24,20,23,19,16,13
2026-01-23,MENU_1,3.5,MENU_2,4.54,MENU_3,5.57,MENU_4,6.61,MENU_5,7.64,MENU_6,8.68,MENU_7,9.71,MENU_8,10.75,MENU_9,11.79,MENU_10,12.82,MENU_11,13.86,MENU_12,12.66,MENU_13,15.93,MENU_14,16.96,MENU_15,18.0,19,7.9,True,False,4,56,40,33,36,29,30,36,27,26,30,25,18,15,16,11
2026-01-24,MENU_1,3.5,MENU_2,4.54,MENU_3,5.57,MENU_4,6.61,MENU_5,7.64,MENU_6,8.68,MENU_7,9.71,MENU_8,10.75,MENU_9,11.79,MENU_10,12.82,MENU_11,13.86,MENU_12,14.89,MENU_13,15.93,MENU_14,16.96,MENU_15,18.0,57,13.0,False,False,0,74,60,55,54,51,38,66,70,56,46,36,40,18,21,16
2026-01-25,MENU_1,3.5,MENU_2,4.54,MENU_3,5.57,MENU_4,6.61,MENU_5,7.64,MENU_6,8.68,MENU_7,9.71,MENU_8,10.75,MENU_9,11.79,MENU_10,12.82,MENU_11,13.86,MENU_12,14.89,MENU_13,15.93,MENU_14,16.96,MENU_15,18.0,64,11.0,True,False,0,76,65,64,67,52,39,67,48,43,36,38,29,21,20,17
2026-01-26,MENU_1,3.5,MENU_2,4.54,MENU_3,5.57,MENU_4,6.61,MENU_5,7.64,MENU_6,8.68,MENU_7,9.71,MENU_8,10.75,MENU_9,11.79,MENU_10,12.82,MENU_11,13.86,MENU_12,14.89,MENU_13,15.93,MENU_14,16.96,MENU_15,18.0,32,7.9,False,False,0,57,63,54,30,25,23,28,31,37,28,22,27,18,16,15
2026-01-27,MENU_1,3.5,MENU_2,4.54,MENU_3,5.57,MENU_4,6.61,MENU_5,7.64,MENU_6,8.68,MENU_7,9.71,MENU_8,10.75,MENU_9,11.79,MENU_10,12.82,MENU_11,13.86,MENU_12,14.89,MENU_13,15.93,MENU_14,16.96,MENU_15,18.0,29,9.1,False,False,0,66,72,59,33,32,37,39,30,31,22,32,22,18,17,14
2026-01-28,MENU_1,3.5,MENU_2,4.54,MENU_3,5.57,MENU_4,6.61,MENU_5,7.64,MENU_6,8.68,MENU_7,9.71,MENU_8,10.75,MENU_9,11.79,MENU_10,12.82,MENU_11,13.86,MENU_12,14.89,MENU_13,15.93,MENU_14,16.96,MENU_15,18.0,38,12.5,True,False,1,64,55,43,41,41,44,41,25,28,24,30,21,22,18,11
2026-01-29,MENU_1,3.5,MENU_2,4.54,MENU_3,5.57,MENU_4,6.61,MENU_5,7.64,MENU_6,8.68,MENU_7,9.71,MENU_8,10.75,MENU_9,11.79,MENU_10,12.82,MENU_11,13.86,MENU_12,14.89,MENU_13,15.93,MENU_14,16.96,MENU_15,18.0,23,13.9,False,False,0,51,61,56,42,45,35,28,41,29,33,25,27,16,15,11
2026-01-30,MENU_1,3.5,MENU_2,4.54,MENU_3,5.57,MENU_4,6.61,MENU_5,7.64,MENU_6,8.68,MENU_7,9.71,MENU_8,10.75,MENU_9,10.61,MENU_10,12.82,MENU_11,13.86,MENU_12,14.89,MENU_13,15.93,MENU_14,16.96,MENU_15,18.0,33,16.9,False,False,0,60,66,44,59,44,27,35,44,31,29,22,26,22,19,15
2026-01-31,MENU_1,3.5,MENU_2,4.54,MENU_3,5.57,MENU_4,6.61,MENU_5,7.64,MENU_6,8.68,MENU_7,9.71,MENU_8,10.75,MENU_9,11.79,MENU_10,12.82,MENU_11,13.86,MENU_12,14.89,MENU_13,15.93,MENU_14,16.96,MENU_15,18.0,57,19.3,True,False,0,57,58,70,47,46,49,46,53,58,52,45,37,23,17,19
2026-02-01,MENU_1,3.5,MENU_2,4.54,MENU_3,5.57,MENU_4,6.61,MENU_5,7.64,MENU_6,8.68,MENU_7,9.71,MENU_8,10.75,MENU_9,11.79,MENU_10,12.82,MENU_11,13.86,MENU_12,14.89,MENU_13,15.93,MENU_14,14.42,MENU_15,18.0,55,13.2,False,False,0,68,76,49,57,52,38,58,46,48,44,38,37,28,28,18
2026-02-02,MENU_1,3.5,MENU_2,4.54,MENU_3,5.57,MENU_4,6.61,MENU_5,7.64,MENU_6,8.68,MENU_7,9.71,MENU_8,10.75,MENU_9,11.79,MENU_10,12.82,MENU_11,13.86,MENU_12,14.89,MENU_13,15.93,MENU_14,16.96,MENU_15,18.0,30,9.7,False,False,1,52,57,47,44,40,30,48,45,35,29,22,22,20,16,13
2026-02-03,MENU_1,3.5,MENU_2,4.54,MENU_3,5.57,MENU_4,6.61,MENU_5,7.64,MENU_6,8.68,MENU_7,9.71,MENU_8,10.75,MENU_9,11.79,MENU_10,12.82,MENU_11,13.86,MENU_12,14.89,MENU_13,15.93,MENU_14,16.96,MENU_15,18.0,25,7.0,False,False,0,73,69,58,37,30,32,48,32,28,31,19,24,22,19,14
2026-02-04,MENU_1,3.5,MENU_2,4.54,MENU_3,5.57,MENU_4,6.61,MENU_5,7.64,MENU_6,8.68,MENU_7,9.71,MENU_8,10.75,MENU_9,11.79,MENU_10,12.82,MENU_11,13.86,MENU_12,14.89,MENU_13,15.93,MENU_14,16.96,MENU_15,18.0,27,13.1,True,False,0,61,55,59,31,35,32,30,30,24,15,21,24,17,15,10
2026-02-05,MENU_1,3.5,MENU_2,4.54,MENU_3,5.57,MENU_4,6.61,MENU_5,7.64,MENU_6,8.68,MENU_7,9.71,MENU_8,10.75,MENU_9,11.79,MENU_10,12.82,MENU_11,13.86,MENU_12,14.89,MENU_13,15.93,MENU_14,16.96,MENU_15,18.0,32,10.5,False,False,0,68,49,59,47,43,32,42,44,32,31,21,24,22,21,17
2026-02-06,MENU_1,3.5,MENU_2,4.54,MENU_3,5.57,MENU_4,6.61,MENU_5,7.64,MENU_6,8.68,MENU_7,9.71,MENU_8,10.75,MENU_9,11.79,MENU_10,12.82,MENU_11,13.86,MENU_12,14.89,MENU_13,15.93,MENU_14,16.96,MENU_15,18.0,34,11.6,True,False,0,74,55,55,44,44,29,39,36,35,27,22,27,15,13,14
2026-02-07,MENU_1,3.5,MENU_2,4.54,MENU_3,5.57,MENU_4,6.61,MENU_5,7.64,MENU_6,8.68,MENU_7,9.71,MENU_8,10.75,MENU_9,11.79,MENU_10,12.82,MENU_11,13.86,MENU_12,14.89,MENU_13,15.93,MENU_14,16.96,MENU_15,18.0,54,11.2,False,False,1,72,88,66,51,49,42,61,71,45,54,44,39,15,16,15
2026-02-08,MENU_1,3.5,MENU_2,4.54,MENU_3,5.57,MENU_4,6.61,MENU_5,7.64,MENU_6,8.68,MENU_7,9.71,MENU_8,10.75,MENU_9,11.79,MENU_10,12.82,MENU_11,13.86,MENU_12,14.89,MENU_13,15.93,MENU_14,16.96,MENU_15,18.0,49,12.5,False,False,0,103,65,53,48,44,38,59,53,41,49,36,35,25,18,16
2026-02-09,MENU_1,2.62,MENU_2,4.54,MENU_3,5.57,MENU_4,6.61,MENU_5,7.64,MENU_6,8.68,MENU_7,9.71,MENU_8,10.75,MENU_9,11.79,MENU_10,12.82,MENU_11,13.86,MENU_12,14.89,MENU_13,15.93,MENU_14,16.96,MENU_15,18.0,25,15.6,False,False,1,75,57,47,43,38,30,38,32,32,23,27,23,21,13,12
2026-02-10,MENU_1,3.5,MENU_2,4.54,MENU_3,5.57,MENU_4,6.61,MENU_5,7.64,MENU_6,8.68,MENU_7,9.71,MENU_8,10.75,MENU_9,11.79,MENU_10,12.82,MENU_11,13.86,MENU_12,14.89,MENU_13,15.93,MENU_14,16.96,MENU_15,18.0,29,13.4,False,False,1,62,61,44,40,41,34,48,32,34,34,23,23,21,13,17
2026-02-11,MENU_1,3.5,MENU_2,4.54,MENU_3,5.57,MENU_4,6.61,MENU_5,7.64,MENU_6,8.68,MENU_7,9.71,MENU_8,10.75,MENU_9,11.79,MENU_10,12.82,MENU_11,13.86,MENU_12,14.89,MENU_13,15.93,MENU_14,16.96,MENU_15,18.0,25,12.7,False,False,0,55,46,42,43,36,36,43,24,39,27,25,18,18,18,13
2026-02-12,MENU_1,3.5,MENU_2,4.54,MENU_3,5.57,MENU_4,6.61,MENU_5,7.64,MENU_6,8.68,MENU_7,9.71,MENU_8,10.75,MENU_9,11.79,MENU_10,12.82,MENU_11,13.86,MENU_12,14.89,MENU_13,15.93,MENU_14,16.96,MENU_15,18.0,42,10.7,False,False,1,72,69,65,43,41,36,36,37,38,28,37,25,27,19,16
2026-02-13,MENU_1,3.5,MENU_2,4.54,MENU_3,5.57,MENU_4,6.61,MENU_5,7.64,MENU_6,8.68,MENU_7,9.71,MENU_8,10.75,MENU_9,11.79,MENU_10,12.82,MENU_11,13.86,MENU_12,14.89,MENU_13,15.93,MENU_14,16.96,MENU_15,18.0,31,9.2,False,False,0,71,47,47,33,30,26,43,42,36,30,25,24,19,16,15
2026-02-14,MENU_1,3.5,MENU_2,4.54,MENU_3,5.57,MENU_4,6.61,MENU_5,7.64,MENU_6,8.68,MENU_7,9.71,MENU_8,10.75,MENU_9,11.79,MENU_10,12.82,MENU_11,13.86,MENU_12,14.89,MENU_13,15.93,MENU_14,16.96,MENU_15,18.0,64,12.3,False,False,0,77,67,74,44,58,52,70,62,58,46,45,35,28,21,16
2026-02-15,MENU_1,3.5,MENU_2,4.54,MENU_3,5.57,MENU_4,6.61,MENU_5,7.64,MENU_6,8.68,MENU_7,9.71,MENU_8,10.75,MENU_9,11.79,MENU_10,12.82,MENU_11,13.86,MENU_12,14.89,MENU_13,15.93,MENU_14,16.96,MENU_15,18.0,57,13.4,False,False,0,94,82,53,45,39,26,62,55,41,56,31,37,27,19,18
2026-02-16,MENU_1,3.5,MENU_2,4.54,MENU_3,5.57,MENU_4,6.61,MENU_5,7.64,MENU_6,8.68,MENU_7,9.71,MENU_8,10.75,MENU_9,11.79,MENU_10,12.82,MENU_11,13.86,MENU_12,14.89,MENU_13,15.93,MENU_14,16.96,MENU_15,18.0,31,18.1,True,False,0,54,52,49,43,36,34,41,27,25,28,29,21,23,19,13
2026-02-17,MENU_1,3.5,MENU_2,4.54,MENU_3,5.57,MENU_4,6.61,MENU_5,7.64,MENU_6,8.68,MENU_7,9.71,MENU_8,10.75,MENU_9,11.79,MENU_10,12.82,MENU_11,13.86,MENU_12,14.89,MENU_13,15.93,MENU_14,16.96,MENU_15,18.0,34,14.1,True,False,2,58,50,46,39,37,31,37,34,25,28,23,24,18,14,10
2026-02-18,MENU_1,3.5,MENU_2,4.54,MENU_3,5.57,MENU_4,6.61,MENU_5,7.64,MENU_6,8.68,MENU_7,9.71,MENU_8,10.75,MENU_9,11.79,MENU_10,12.82,MENU_11,13.86,MENU_12,14.89,MENU_13,15.93,MENU_14,16.96,MENU_15,18.0,29,16.4,False,False,0,50,59,63,45,53,39,39,40,26,33,30,25,18,14,15
2026-02-19,MENU_1,3.5,MENU_2,4.54,MENU_3,5.57,MENU_4,6.61,MENU_5,7.64,MENU_6,8.68,MENU_7,9.71,MENU_8,10.75,MENU_9,11.79,MENU_10,12.82,MENU_11,13.86,MENU_12,14.89,MENU_13,15.93,MENU_14,16.96,MENU_15,18.0,34,12.8,True,False,0,60,53,53,41,33,36,36,35,34,32,24,22,15,18,13
2026-02-20,MENU_1,3.5,MENU_2,4.54,MENU_3,5.57,MENU_4,6.61,MENU_5,7.64,MENU_6,8.68,MENU_7,9.71,MENU_8,10.75,MENU_9,11.79,MENU_10,12.82,MENU_11,13.86,MENU_12,14.89,MENU_13,15.93,MENU_14,16.96,MENU_15,18.0,24,11.2,True,False,0,51,50,56,30,28,34,23,31,29,28,25,16,21,14,12
2026-02-21,MENU_1,3.5,MENU_2,4.54,MENU_3,5.57,MENU_4,6.61,MENU_5,7.64,MENU_6,8.68,MENU_7,9.71,MENU_8,10.75,MENU_9,11.79,MENU_10,12.82,MENU_11,13.86,MENU_12,14.89,MENU_13,15.93,MENU_14,16.96,MENU_15,18.0,54,11.9,False,False,0,67,77,58,59,41,37,57,47,49,54,44,44,26,27,17
2026-02-22,MENU_1,3.5,MENU_2,4.54,MENU_3,5.57,MENU_4,6.61,MENU_5,7.64,MENU_6,8.68,MENU_7,9.71,MENU_8,10.75,MENU_9,11.79,MENU_10,12.82,MENU_11,13.86,MENU_12,14.89,MENU_13,15.93,MENU_14,16.96,MENU_15,18.0,60,12.6,False,False,2,67,64,69,49,59,48,54,63,31,50,39,36,27,20,18
2026-02-23,MENU_1,3.5,MENU_2,4.54,MENU_3,5.57,MENU_4,6.61,MENU_5,7.64,MENU_6,8.68,MENU_7,9.71,MENU_8,10.75,MENU_9,11.79,MENU_10,12.82,MENU_11,13.86,MENU_12,14.89,MENU_13,15.93,MENU_14,16.96,MENU_15,18.0,37,19.9,False,False,0,84,57,46,47,27,45,33,20,45,32,32,24,31,20,18
2026-02-24,MENU_1,3.5,MENU_2,4.54,MENU_3,5.57,MENU_4,6.61,MENU_5,7.64,MENU_6,8.68,MENU_7,9.71,MENU_8,10.75,MENU_9,11.79,MENU_10,12.82,MENU_11,13.86,MENU_12,14.89,MENU_13,15.93,MENU_14,16.96,MENU_15,18.0,37,12.6,False,False,0,62,58,54,46,34,28,49,40,30,37,25,23,22,21,12
2026-02-25,MENU_1,3.5,MENU_2,4.54,MENU_3,5.57,MENU_4,6.61,MENU_5,7.64,MENU_6,8.68,MENU_7,9.71,MENU_8,10.75,MENU_9,11.79,MENU_10,12.82,MENU_11,13.86,MENU_12,14.89,MENU_13,15.93,MENU_14,16.96,MENU_15,16.2,26,16.9,False,False,0,44,41,48,31,57,48,40,47,41,28,28,21,16,15,15
2026-02-26,MENU_1,3.5,MENU_2,4.54,MENU_3,5.57,MENU_4,6.61,MENU_5,7.64,MENU_6,8.68,MENU_7,9.71,MENU_8,10.75,MENU_9,11.79,MENU_10,12.82,MENU_11,13.86,MENU_12,14.89,MENU_13,15.93,MENU_14,16.96,MENU_15,18.0,21,12.7,True,False,0,45,41,40,30,34,23,32,23,21,24,21,24,16,13,13
2026-02-27,MENU_1,3.5,MENU_2,4.54,MENU_3,5.57,MENU_4,6.61,MENU_5,7.64,MENU_6,8.68,MENU_7,9.71,MENU_8,10.75,MENU_9,11.79,MENU_10,12.82,MENU_11,13.86,MENU_12,14.89,MENU_13,15.93,MENU_14,16.96,MENU_15,18.0,27,17.4,False,False,0,56,66,41,50,34,41,34,33,28,36,27,27,17,19,15
2026-02-28,MENU_1,3.5,MENU_2,4.54,MENU_3,5.57,MENU_4,6.61,MENU_5,7.64,MENU_6,8.68,MENU_7,9.71,MENU_8,10.75,MENU_9,11.79,MENU_10,12.82,MENU_11,13.86,MENU_12,14.89,MENU_13,15.93,MENU_14,16.96,MENU_15,18.0,54,16.1,False,False,0,77,71,50,39,49,49,60,53,33,55,37,37,23,22,18
2026-03-01,MENU_1,3.5,MENU_2,4.54,MENU_3,5.57,MENU_4,6.61,MENU_5,7.64,MENU_6,8.68,MENU_7,9.71,MENU_8,10.75,MENU_9,11.79,MENU_10,12.82,MENU_11,13.86,MENU_12,14.89,MENU_13,15.93,MENU_14,16.96,MENU_15,18.0,50,14.9,True,False,0,68,48,36,53,42,41,58,43,45,39,35,30,20,14,21
2026-03-02,MENU_1,3.5,MENU_2,4.54,MENU_3,5.57,MENU_4,6.61,MENU_5,7.64,MENU_6,8.68,MENU_7,9.71,MENU_8,10.75,MENU_9,11.79,MENU_10,12.82,MENU_11,13.86,MENU_12,14.89,MENU_13,15.93,MENU_14,16.96,MENU_15,18.0,36,15.3,False,False,1,69,45,47,56,48,36,35,43,28,29,23,27,19,15,16
2026-03-03,MENU_1,3.5,MENU_2,4.54,MENU_3,5.57,MENU_4,6.61,MENU_5,7.64,MENU_6,8.68,MENU_7,9.71,MENU_8,10.75,MENU_9,11.79,MENU_10,12.82,MENU_11,13.86,MENU_12,14.89,MENU_13,15.93,MENU_14,16.96,MENU_15,18.0,36,13.9,False,False,1,57,59,62,41,52,43,40,40,29,38,29,25,17,11,17
2026-03-04,MENU_1,3.5,MENU_2,4.54,MENU_3,5.57,MENU_4,6.61,MENU_5,7.64,MENU_6,8.68,MENU_7,9.71,MENU_8,10.75,MENU_9,11.79,MENU_10,12.82,MENU_11,13.86,MENU_12,13.4,MENU_13,15.93,MENU_14,16.96,MENU_15,18.0,30,16.8,False,False,0,61,68,40,46,44,30,43,36,26,33,26,26,25,19,13
2026-03-05,MENU_1,3.5,MENU_2,4.54,MENU_3,5.57,MENU_4,6.61,MENU_5,7.64,MENU_6,8.68,MENU_7,9.71,MENU_8,10.75,MENU_9,11.79,MENU_10,12.82,MENU_11,13.86,MENU_12,14.89,MENU_13,15.93,MENU_14,16.96,MENU_15,18.0,23,14.7,True,False,0,44,46,36,42,31,31,23,33,31,26,20,21,18,14,10
2026-03-06,MENU_1,3.5,MENU_2,4.54,MENU_3,5.57,MENU_4,6.61,MENU_5,7.64,MENU_6,8.68,MENU_7,9.71,MENU_8,10.75,MENU_9,11.79,MENU_10,12.82,MENU_11,13.86,MENU_12,14.89,MENU_13,15.93,MENU_14,16.96,MENU_15,18.0,17,12.9,True,False,0,44,55,55,30,34,26,30,28,29,22,21,17,16,13,11
2026-03-07,MENU_1,3.5,MENU_2,4.54,MENU_3,5.57,MENU_4,6.61,MENU_5,7.64,MENU_6,8.68,MENU_7,9.71,MENU_8,10.75,MENU_9,11.79,MENU_10,12.82,MENU_11,13.86,MENU_12,14.89,MENU_13,15.93,MENU_14,16.96,MENU_15,18.0,46,12.9,False,False,0,59,69,56,52,39,36,51,74,58,44,38,34,26,15,18
2026-03-08,MENU_1,3.5,MENU_2,4.54,MENU_3,5.57,MENU_4,6.61,MENU_5,7.64,MENU_6,8.68,MENU_7,9.71,MENU_8,10.75,MENU_9,11.79,MENU_10,12.82,MENU_11,13.86,MENU_12,14.89,MENU_13,15.93,MENU_14,16.96,MENU_15,18.0,53,16.7,True,False,0,52,64,59,43,38,44,51,49,39,39,32,32,23,15,16
2026-03-09,MENU_1,3.5,MENU_2,4.54,MENU_3,5.57,MENU_4,6.61,MENU_5,7.64,MENU_6,8.68,MENU_7,9.71,MENU_8,10.75,MENU_9,11.79,MENU_10,12.82,MENU_11,13.86,MENU_12,14.89,MENU_13,15.93,MENU_14,16.96,MENU_15,18.0,26,20.3,True,False,1,57,37,48,39,29,42,31,32,29,23,22,22,18,14,13
2026-03-10,MENU_1,3.5,MENU_2,4.54,MENU_3,5.57,MENU_4,6.61,MENU_5,7.64,MENU_6,8.68,MENU_7,9.71,MENU_8,10.75,MENU_9,11.79,MENU_10,12.82,MENU_11,13.86,MENU_12,14.89,MENU_13,15.93,MENU_14,16.96,MENU_15,18.0,32,16.9,False,False,0,65,64,58,40,32,37,40,27,27,30,23,21,23,16,14
2026-03-11,MENU_1,3.5,MENU_2,4.54,MENU_3,5.57,MENU_4,6.61,MENU_5,7.64,MENU_6,8.68,MENU_7,9.71,MENU_8,10.75,MENU_9,11.79,MENU_10,12.82,MENU_11,13.86,MENU_12,14.89,MENU_13,15.93,MENU_14,16.96,MENU_15,18.0,32,16.3,False,False,0,68,54,41,47,36,44,50,33,31,31,36,26,21,18,14
2026-03-12,MENU_1,3.5,MENU_2,4.54,MENU_3,5.57,MENU_4,6.61,MENU_5,7.64,MENU_6,8.68,MENU_7,9.71,MENU_8,10.75,MENU_9,11.79,MENU_10,12.82,MENU_11,13.86,MENU_12,14.89,MENU_13,15.93,MENU_14,16.96,MENU_15,18.0,29,17.5,False,False,0,58,61,50,53,34,39,36,41,30,27,30,20,22,18,14
2026-03-13,MENU_1,3.5,MENU_2,4.54,MENU_3,5.57,MENU_4,6.61,MENU_5,7.64,MENU_6,8.68,MENU_7,9.71,MENU_8,10.75,MENU_9,11.79,MENU_10,12.82,MENU_11,13.86,MENU_12,14.89,MENU_13,15.93,MENU_14,16.96,MENU_15,18.0,36,20.2,False,False,0,66,49,40,49,49,38,42,30,36,35,29,22,24,24,16
2026-03-14,MENU_1,3.5,MENU_2,4.54,MENU_3,5.57,MENU_4,6.61,MENU_5,7.64,MENU_6,8.68,MENU_7,9.71,MENU_8,10.75,MENU_9,11.79,MENU_10,12.82,MENU_11,13.86,MENU_12,14.89,MENU_13,15.93,MENU_14,16.96,MENU_15,18.0,56,17.6,True,False,0,47,62,78,40,38,42,69,33,51,48,43,29,23,19,18
2026-03-15,MENU_1,3.5,MENU_2,4.54,MENU_3,5.57,MENU_4,6.61,MENU_5,7.64,MENU_6,8.68,MENU_7,9.71,MENU_8,10.75,MENU_9,11.79,MENU_10,12.82,MENU_11,13.86,MENU_12,14.89,MENU_13,15.93,MENU_14,16.96,MENU_15,18.0,51,16.1,True,False,2,70,62,42,39,23,39,47,47,49,45,25,26,21,21,13
2026-03-16,MENU_1,3.5,MENU_2,4.54,MENU_3,5.57,MENU_4,6.61,MENU_5,7.64,MENU_6,8.68,MENU_7,9.71,MENU_8,10.75,MENU_9,11.79,MENU_10,12.82,MENU_11,13.86,MENU_12,14.89,MENU_13,15.93,MENU_14,16.96,MENU_15,18.0,22,20.1,False,False,0,54,49,40,47,35,35,45,40,26,26,15,25,23,14,15
2026-03-17,MENU_1,3.5,MENU_2,4.54,MENU_3,5.57,MENU_4,6.61,MENU_5,7.64,MENU_6,8.68,MENU_7,9.71,MENU_8,10.75,MENU_9,11.79,MENU_10,12.82,MENU_11,13.86,MENU_12,14.89,MENU_13,15.93,MENU_14,16.96,MENU_15,18.0,41,18.5,False,False,0,69,63,47,64,44,47,42,39,41,36,27,22,20,14,14
2026-03-18,MENU_1,3.5,MENU_2,4.54,MENU_3,5.57,MENU_4,6.61,MENU_5,7.64,MENU_6,8.68,MENU_7,9.71,MENU_8,10.75,MENU_9,11.79,MENU_10,12.82,MENU_11,13.86,MENU_12,14.89,MENU_13,15.93,MENU_14,16.96,MENU_15,18.0,32,21.4,False,False,1,60,52,39,53,42,45,49,34,33,30,21,21,22,17,15
2026-03-19,MENU_1,3.5,MENU_2,4.54,MENU_3,5.57,MENU_4,6.61,MENU_5,7.64,MENU_6,8.68,MENU_7,9.71,MENU_8,10.75,MENU_9,11.79,MENU_10,12.82,MENU_11,13.86,MENU_12,14.89,MENU_13,15.93,MENU_14,16.96,MENU_15,18.0,26,18.2,False,False,0,47,48,60,42,51,29,41,25,30,23,24,27,21,13,13
2026-03-20,MENU_1,3.5,MENU_2,4.54,MENU_3,5.57,MENU_4,6.61,MENU_5,7.64,MENU_6,8.68,MENU_7,9.71,MENU_8,10.75,MENU_9,11.79,MENU_10,12.82,MENU_11,13.86,MENU_12,14.89,MENU_13,15.93,MENU_14,16.96,MENU_15,18.0,29,14.8,False,False,0,46,69,72,47,36,28,40,37,29,32,27,21,18,17,17
2026-03-21,MENU_1,3.5,MENU_2,4.54,MENU_3,5.57,MENU_4,6.61,MENU_5,7.64,MENU_6,8.68,MENU_7,9.71,MENU_8,10.75,MENU_9,11.79,MENU_10,12.82,MENU_11,13.86,MENU_12,14.89,MENU_13,15.93,MENU_14,16.96,MENU_15,18.0,46,14.6,True,False,1,54,67,51,42,46,40,49,50,38,38,38,29,18,15,14
2026-03-22,MENU_1,3.5,MENU_2,4.54,MENU_3,5.57,MENU_4,6.61,MENU_5,7.64,MENU_6,8.68,MENU_7,9.71,MENU_8,10.75,MENU_9,11.79,MENU_10,12.82,MENU_11,13.86,MENU_12,14.89,MENU_13,15.93,MENU_14,16.96,MENU_15,18.0,54,22.3,False,False,1,72,56,48,57,56,46,52,39,61,61,33,30,23,15,18
2026-03-23,MENU_1,3.5,MENU_2,4.54,MENU_3,5.57,MENU_4,6.61,MENU_5,7.64,MENU_6,8.68,MENU_7,9.71,MENU_8,10.75,MENU_9,11.79,MENU_10,12.82,MENU_11,13.86,MENU_12,14.89,MENU_13,15.93,MENU_14,16.96,MENU_15,18.0,27,22.6,False,False,0,59,55,32,42,45,44,38,40,33,35,27,25,18,21,15
2026-03-24,MENU_1,3.5,MENU_2,4.54,MENU_3,5.57,MENU_4,6.61,MENU_5,7.64,MENU_6,8.68,MENU_7,9.71,MENU_8,10.75,MENU_9,11.79,MENU_10,12.82,MENU_11,13.86,MENU_12,14.89,MENU_13,15.93,MENU_14,16.96,MENU_15,18.0,23,18.0,False,False,1,43,46,47,52,35,42,41,37,31,30,25,25,15,15,12
2026-03-25,MENU_1,3.5,MENU_2,4.54,MENU_3,5.57,MENU_4,6.61,MENU_5,7.64,MENU_6,8.68,MENU_7,9.71,MENU_8,10.75,MENU_9,11.79,MENU_10,12.82,MENU_11,13.86,MENU_12,11.17,MENU_13,15.93,MENU_14,16.96,MENU_15,18.0,42,17.6,False,False,0,54,50,54,31,46,35,42,46,34,34,31,39,20,14,15
2026-03-26,MENU_1,3.5,MENU_2,4.54,MENU_3,5.57,MENU_4,6.61,MENU_5,7.64,MENU_6,8.68,MENU_7,9.71,MENU_8,10.75,MENU_9,11.79,MENU_10,12.82,MENU_11,13.86,MENU_12,14.89,MENU_13,15.93,MENU_14,16.96,MENU_15,18.0,30,22.3,False,False,0,49,60,45,56,41,34,37,38,44,30,24,25,21,19,14
2026-03-27,MENU_1,3.5,MENU_2,4.54,MENU_3,5.57,MENU_4,6.61,MENU_5,7.64,MENU_6,8.68,MENU_7,9.71,MENU_8,10.75,MENU_9,11.79,MENU_10,10.9,MENU_11,13.86,MENU_12,14.89,MENU_13,15.93,MENU_14,16.96,MENU_15,18.0,29,16.1,False,False,1,55,41,54,40,42,47,37,38,38,30,31,23,24,15,13
2026-03-28,MENU_1,3.5,MENU_2,4.54,MENU_3,5.57,MENU_4,6.61,MENU_5,7.64,MENU_6,8.68,MENU_7,9.71,MENU_8,10.75,MENU_9,11.79,MENU_10,12.82,MENU_11,13.86,MENU_12,14.89,MENU_13,15.93,MENU_14,16.96,MENU_15,18.0,49,16.7,False,False,0,54,73,64,48,47,47,64,55,42,31,38,31,25,23,15
2026-03-29,MENU_1,3.5,MENU_2,4.54,MENU_3,5.57,MENU_4,6.61,MENU_5,7.64,MENU_6,8.68,MENU_7,9.71,MENU_8,10.75,MENU_9,11.79,MENU_10,12.82,MENU_11,13.86,MENU_12,14.89,MENU_13,15.93,MENU_14,16.96,MENU_15,18.0,64,20.7,False,False,0,57,66,68,78,50,51,73,64,50,41,54,33,16,20,21
2026-03-30,MENU_1,3.5,MENU_2,4.54,MENU_3,5.57,MENU_4,6.61,MENU_5,7.64,MENU_6,8.68,MENU_7,9.71,MENU_8,10.75,MENU_9,11.79,MENU_10,12.82,MENU_11,13.86,MENU_12,14.89,MENU_13,15.93,MENU_14,16.96,MENU_15,18.0,26,18.2,False,False,0,49,51,47,39,47,33,33,25,30,28,22,27,21,15,12
2026-03-31,MENU_1,3.5,MENU_2,4.54,MENU_3,5.57,MENU_4,6.61,MENU_5,7.64,MENU_6,8.68,MENU_7,9.71,MENU_8,10.75,MENU_9,11.79,MENU_10,12.82,MENU_11,13.86,MENU_12,14.89,MENU_13,15.93,MENU_14,16.96,MENU_15,18.0,28,19.4,False,False,0,57,56,42,41,46,37,34,27,32,20,29,25,18,18,15
2026-04-01,MENU_1,3.5,MENU_2,4.54,MENU_3,5.57,MENU_4,6.61,MENU_5,7.64,MENU_6,8.68,MENU_7,9.71,MENU_8,10.75,MENU_9,11.79,MENU_10,12.82,MENU_11,13.86,MENU_12,14.89,MENU_13,15.93,MENU_14,16.96,MENU_15,18.0,27,19.1,False,False,0,46,57,55,45,40,33,39,31,28,26,25,20,21,18,14
2026-04-02,MENU_1,3.5,MENU_2,4.54,MENU_3,5.57,MENU_4,5.95,MENU_5,7.64,MENU_6,8.68,MENU_7,9.71,MENU_8,10.75,MENU_9,11.79,MENU_10,12.82,MENU_11,13.86,MENU_12,14.89,MENU_13,15.93,MENU_14,16.96,MENU_15,18.0,28,20.5,False,False,0,54,46,49,58,45,47,46,34,34,28,25,23,20,19,11
2026-04-03,MENU_1,3.5,MENU_2,4.54,MENU_3,4.73,MENU_4,6.61,MENU_5,7.64,MENU_6,8.68,MENU_7,9.71,MENU_8,10.75,MENU_9,11.79,MENU_10,12.82,MENU_11,13.86,MENU_12,14.89,MENU_13,15.93,MENU_14,16.96,MENU_15,18.0,33,23.3,False,False,1,65,59,70,48,48,40,46,38,40,29,30,23,20,17,16
2026-04-04,MENU_1,3.5,MENU_2,4.54,MENU_3,5.57,MENU_4,6.61,MENU_5,7.64,MENU_6,8.68,MENU_7,9.71,MENU_8,10.75,MENU_9,11.79,MENU_10,12.82,MENU_11,13.86,MENU_12,14.89,MENU_13,15.93,MENU_14,16.96,MENU_15,18.0,59,20.1,False,False,0,57,68,70,45,48,60,49,58,41,41,39,30,25,23,14
2026-04-05,MENU_1,3.5,MENU_2,4.54,MENU_3,5.57,MENU_4,6.61,MENU_5,7.64,MENU_6,8.68,MENU_7,9.71,MENU_8,10.75,MENU_9,11.79,MENU_10,12.82,MENU_11,13.86,MENU_12,14.89,MENU_13,15.93,MENU_14,16.96,MENU_15,18.0,52,21.7,True,False,0,58,46,42,46,50,43,49,55,36,37,21,32,22,20,17
2026-04-06,MENU_1,3.5,MENU_2,4.54,MENU_3,5.57,MENU_4,6.61,MENU_5,7.64,MENU_6,8.68,MENU_7,9.71,MENU_8,10.75,MENU_9,11.79,MENU_10,12.82,MENU_11,13.86,MENU_12,14.89,MENU_13,15.93,MENU_14,16.96,MENU_15,18.0,34,15.1,False,False,0,71,57,43,53,38,33,34,43,31,38,15,22,25,18,14
2026-04-07,MENU_1,3.5,MENU_2,4.54,MENU_3,5.57,MENU_4,6.61,MENU_5,7.64,MENU_6,8.68,MENU_7,9.71,MENU_8,10.75,MENU_9,10.02,MENU_10,12.82,MENU_11,13.86,MENU_12,14.89,MENU_13,15.93,MENU_14,16.96,MENU_15,18.0,28,20.2,False,False,0,52,63,44,47,38,38,36,30,36,32,31,20,20,16,14
2026-04-08,MENU_1,3.5,MENU_2,4.54,MENU_3,5.57,MENU_4,6.61,MENU_5,7.64,MENU_6,8.68,MENU_7,9.71,MENU_8,10.75,MENU_9,11.79,MENU_10,12.82,MENU_11,13.86,MENU_12,14.89,MENU_13,15.93,MENU_14,16.96,MENU_15,18.0,31,18.3,False,False,0,53,69,44,49,33,24,48,37,42,27,31,18,24,14,11
2026-04-09,MENU_1,3.5,MENU_2,4.54,MENU_3,5.57,MENU_4,6.61,MENU_5,7.64,MENU_6,8.68,MENU_7,9.71,MENU_8,10.75,MENU_9,11.79,MENU_10,12.82,MENU_11,13.86,MENU_12,14.89,MENU_13,15.93,MENU_14,16.96,MENU_15,18.0,38,17.5,True,False,1,65,58,55,42,38,37,29,30,36,28,32,17,22,18,14
2026-04-10,MENU_1,3.5,MENU_2,4.54,MENU_3,5.57,MENU_4,6.61,MENU_5,7.64,MENU_6,8.68,MENU_7,9.71,MENU_8,10.75,MENU_9,11.79,MENU_10,12.82,MENU_11,13.86,MENU_12,14.89,MENU_13,15.93,MENU_14,16.96,MENU_15,18.0,22,18.5,False,False,0,51,42,50,39,44,36,27,32,34,27,24,20,21,16,15
2026-04-11,MENU_1,3.5,MENU_2,4.54,MENU_3,5.57,MENU_4,6.61,MENU_5,7.64,MENU_6,8.68,MENU_7,9.71,MENU_8,10.75,MENU_9,11.79,MENU_10,12.82,MENU_11,13.86,MENU_12,14.89,MENU_13,15.93,MENU_14,16.96,MENU_15,18.0,61,20.0,True,False,0,75,65,67,68,45,53,48,53,44,37,30,33,17,18,14
2026-04-12,MENU_1,3.5,MENU_2,4.54,MENU_3,5.57,MENU_4,6.61,MENU_5,7.64,MENU_6,8.68,MENU_7,9.71,MENU_8,10.75,MENU_9,11.79,MENU_10,12.82,MENU_11,13.86,MENU_12,14.89,MENU_13,15.93,MENU_14,16.96,MENU_15,18.0,57,23.2,True,False,1,65,65,57,54,72,35,55,24,43,36,34,28,26,23,14
2026-04-13,MENU_1,3.5,MENU_2,4.54,MENU_3,5.57,MENU_4,6.61,MENU_5,7.64,MENU_6,8.68,MENU_7,9.71,MENU_8,10.75,MENU_9,11.79,MENU_10,12.82,MENU_11,13.86,MENU_12,14.89,MENU_13,15.93,MENU_14,16.96,MENU_15,18.0,27,17.8,False,False,0,53,59,52,41,47,45,41,47,25,33,26,25,18,13,15
2026-04-14,MENU_1,3.5,MENU_2,4.54,MENU_3,5.57,MENU_4,6.61,MENU_5,7.64,MENU_6,8.68,MENU_7,9.71,MENU_8,10.75,MENU_9,11.79,MENU_10,12.82,MENU_11,13.86,MENU_12,14.89,MENU_13,15.93,MENU_14,16.96,MENU_15,18.0,30,21.3,False,False,1,60,59,59,57,54,48,41,38,36,27,22,23,22,21,15
2026-04-15,MENU_1,3.5,MENU_2,4.54,MENU_3,5.57,MENU_4,6.61,MENU_5,7.64,MENU_6,8.68,MENU_7,9.71,MENU_8,10.75,MENU_9,11.79,MENU_10,12.82,MENU_11,13.86,MENU_12,14.89,MENU_13,15.93,MENU_14,16.96,MENU_15,15.3,24,20.1,False,False,1,56,53,51,40,47,47,43,31,33,23,31,24,16,16,10
2026-04-16,MENU_1,3.5,MENU_2,4.54,MENU_3,5.57,MENU_4,6.61,MENU_5,7.64,MENU_6,8.68,MENU_7,9.71,MENU_8,10.75,MENU_9,11.79,MENU_10,12.82,MENU_11,13.86,MENU_12,14.89,MENU_13,15.93,MENU_14,16.96,MENU_15,18.0,26,20.6,False,False,0,63,51,49,42,55,40,27,44,37,28,34,22,16,17,18
2026-04-17,MENU_1,3.5,MENU_2,4.54,MENU_3,5.57,MENU_4,6.61,MENU_5,7.64,MENU_6,8.68,MENU_7,9.71,MENU_8,10.75,MENU_9,11.79,MENU_10,12.82,MENU_11,13.86,MENU_12,14.89,MENU_13,15.93,MENU_14,16.96,MENU_15,18.0,22,24.1,True,False,0,42,39,50,43,36,43,38,28,26,25,24,17,22,14,13
2026-04-18,MENU_1,3.5,MENU_2,4.54,MENU_3,5.57,MENU_4,6.61,MENU_5,7.64,MENU_6,8.68,MENU_7,9.71,MENU_8,10.75,MENU_9,11.79,MENU_10,12.82,MENU_11,13.86,MENU_12,14.89,MENU_13,15.93,MENU_14,16.96,MENU_15,18.0,50,23.1,False,False,1,65,43,58,59,34,40,54,53,46,30,38,35,20,15,18
2026-04-19,MENU_1,3.5,MENU_2,4.54,MENU_3,5.57,MENU_4,6.61,MENU_5,7.64,MENU_6,8.68,MENU_7,9.71,MENU_8,10.75,MENU_9,11.79,MENU_10,12.82,MENU_11,13.86,MENU_12,14.89,MENU_13,15.93,MENU_14,16.96,MENU_15,18.0,50,25.2,False,False,0,62,62,54,64,54,59,62,48,49,43,31,28,28,20,16
2026-04-20,MENU_1,3.5,MENU_2,4.54,MENU_3,5.57,MENU_4,6.61,MENU_5,7.64,MENU_6,8.68,MENU_7,9.71,MENU_8,10.75,MENU_9,11.79,MENU_10,12.82,MENU_11,13.86,MENU_12,14.89,MENU_13,15.93,MENU_14,16.96,MENU_15,18.0,28,21.6,False,False,0,60,53,43,63,49,37,30,43,36,33,32,25,20,18,10
2026-04-21,MENU_1,3.5,MENU_2,4.54,MENU_3,5.57,MENU_4,6.61,MENU_5,7.64,MENU_6,8.68,MENU_7,9.71,MENU_8,10.75,MENU_9,11.79,MENU_10,12.82,MENU_11,13.86,MENU_12,14.89,MENU_13,15.93,MENU_14,16.96,MENU_15,18.0,27,20.3,False,False,0,46,56,54,49,44,31,37,34,25,30,26,19,18,18,15
2026-04-22,MENU_1,3.5,MENU_2,4.54,MENU_3,5.57,MENU_4,6.61,MENU_5,7.64,MENU_6,8.68,MENU_7,9.71,MENU_8,10.75,MENU_9,11.79,MENU_10,12.82,MENU_11,13.86,MENU_12,14.89,MENU_13,15.93,MENU_14,16.96,MENU_15,18.0,21,21.6,False,False,0,59,39,54,29,44,33,37,33,33,36,23,24,18,15,12
2026-04-23,MENU_1,3.5,MENU_2,4.54,MENU_3,5.57,MENU_4,6.61,MENU_5,7.64,MENU_6,8.68,MENU_7,9.71,MENU_8,10.75,MENU_9,11.79,MENU_10,12.82,MENU_11,13.86,MENU_12,14.89,MENU_13,15.93,MENU_14,16.96,MENU_15,18.0,25,22.9,False,False,0,56,55,47,50,54,42,43,40,31,33,27,21,16,11,15
2026-04-24,MENU_1,3.5,MENU_2,4.54,MENU_3,5.57,MENU_4,6.61,MENU_5,7.64,MENU_6,8.68,MENU_7,9.71,MENU_8,10.75,MENU_9,11.79,MENU_10,12.82,MENU_11,13.86,MENU_12,14.89,MENU_13,15.93,MENU_14,16.96,MENU_15,18.0,30,22.9,False,False,1,44,68,59,51,50,38,29,38,27,36,24,27,20,13,14
2026-04-25,MENU_1,3.5,MENU_2,4.54,MENU_3,5.57,MENU_4,6.61,MENU_5,7.64,MENU_6,8.68,MENU_7,9.71,MENU_8,10.75,MENU_9,11.79,MENU_10,12.82,MENU_11,13.86,MENU_12,14.89,MENU_13,15.93,MENU_14,16.96,MENU_15,18.0,51,19.8,False,False,0,79,64,42,56,58,51,57,52,33,61,40,28,20,26,17
2026-04-26,MENU_1,3.5,MENU_2,4.54,MENU_3,5.57,MENU_4,6.61,MENU_5,7.64,MENU_6,8.68,MENU_7,9.71,MENU_8,10.75,MENU_9,11.79,MENU_10,12.82,MENU_11,13.86,MENU_12,14.89,MENU_13,15.93,MENU_14,16.96,MENU_15,15.3,61,22.9,False,False,0,93,65,62,66,51,40,51,65,50,52,33,33,24,18,19
2026-04-27,MENU_1,3.5,MENU_2,4.54,MENU_3,5.57,MENU_4,6.61,MENU_5,7.64,MENU_6,8.68,MENU_7,9.71,MENU_8,10.75,MENU_9,11.79,MENU_10,12.82,MENU_11,13.86,MENU_12,14.89,MENU_13,15.93,MENU_14,16.96,MENU_15,18.0,38,23.3,False,False,0,67,58,52,54,42,32,44,52,42,32,33,26,25,22,17
2026-04-28,MENU_1,3.5,MENU_2,4.54,MENU_3,5.57,MENU_4,6.61,MENU_5,7.64,MENU_6,8.68,MENU_7,9.71,MENU_8,10.75,MENU_9,11.79,MENU_10,12.82,MENU_11,13.86,MENU_12,14.89,MENU_13,15.93,MENU_14,16.96,MENU_15,18.0,27,29.2,False,False,0,61,62,40,54,64,58,42,36,39,33,25,27,20,14,11
2026-04-29,MENU_1,3.5,MENU_2,4.54,MENU_3,5.57,MENU_4,6.61,MENU_5,7.64,MENU_6,8.68,MENU_7,9.71,MENU_8,10.75,MENU_9,11.79,MENU_10,12.82,MENU_11,13.86,MENU_12,14.89,MENU_13,15.93,MENU_14,16.96,MENU_15,18.0,35,27.7,False,False,0,55,44,66,62,54,57,48,38,36,28,32,30,16,17,20
2026-04-30,MENU_1,3.5,MENU_2,4.54,MENU_3,5.57,MENU_4,6.61,MENU_5,7.64,MENU_6,8.68,MENU_7,9.71,MENU_8,10.75,MENU_9,11.79,MENU_10,12.82,MENU_11,13.86,MENU_12,14.89,MENU_13,15.93,MENU_14,16.96,MENU_15,18.0,33,21.0,True,False,0,39,50,46,41,38,33,33,33,39,27,24,22,21,17,17
2026-05-01,MENU_1,3.5,MENU_2,4.54,MENU_3,5.57,MENU_4,6.61,MENU_5,7.64,MENU_6,8.68,MENU_7,9.71,MENU_8,10.75,MENU_9,11.79,MENU_10,12.82,MENU_11,13.86,MENU_12,14.89,MENU_13,15.93,MENU_14,16.96,MENU_15,18.0,32,22.5,False,False,0,41,47,47,44,43,44,44,43,33,27,26,30,20,15,18
2026-05-02,MENU_1,3.5,MENU_2,4.54,MENU_3,5.57,MENU_4,6.61,MENU_5,7.64,MENU_6,8.68,MENU_7,9.71,MENU_8,10.75,MENU_9,11.79,MENU_10,12.82,MENU_11,13.86,MENU_12,14.89,MENU_13,15.93,MENU_14,16.96,MENU_15,18.0,43,19.6,False,False,0,66,55,57,76,44,53,64,45,51,43,30,31,21,24,19
2026-05-03,MENU_1,3.5,MENU_2,4.54,MENU_3,5.57,MENU_4,6.61,MENU_5,7.64,MENU_6,8.68,MENU_7,9.71,MENU_8,10.75,MENU_9,11.79,MENU_10,12.82,MENU_11,13.86,MENU_12,14.89,MENU_13,15.93,MENU_14,16.96,MENU_15,18.0,53,21.9,False,False,0,61,62,42,53,49,55,43,51,45,40,44,40,27,21,17
2026-05-04,MENU_1,3.5,MENU_2,4.54,MENU_3,5.57,MENU_4,6.61,MENU_5,7.64,MENU_6,8.68,MENU_7,9.71,MENU_8,10.75,MENU_9,11.79,MENU_10,12.82,MENU_11,13.86,MENU_12,14.89,MENU_13,15.93,MENU_14,16.96,MENU_15,18.0,29,24.3,False,False,0,46,61,42,52,39,46,42,27,30,26,23,20,19,18,16
2026-05-05,MENU_1,3.5,MENU_2,4.54,MENU_3,5.57,MENU_4,6.61,MENU_5,7.64,MENU_6,8.68,MENU_7,9.71,MENU_8,10.75,MENU_9,11.79,MENU_10,12.82,MENU_11,13.86,MENU_12,14.89,MENU_13,15.93,MENU_14,16.96,MENU_15,18.0,28,26.6,False,False,0,51,62,53,41,38,54,43,29,29,31,24,24,16,16,14
2026-05-06,MENU_1,3.5,MENU_2,4.54,MENU_3,5.57,MENU_4,6.61,MENU_5,7.64,MENU_6,8.68,MENU_7,9.71,MENU_8,10.75,MENU_9,11.79,MENU_10,12.82,MENU_11,13.86,MENU_12,14.89,MENU_13,15.93,MENU_14,14.42,MENU_15,18.0,37,21.9,False,False,0,64,59,48,53,47,41,39,35,24,30,28,16,27,24,11
2026-05-07,MENU_1,3.5,MENU_2,4.54,MENU_3,5.57,MENU_4,6.61,MENU_5,7.64,MENU_6,8.68,MENU_7,9.71,MENU_8,10.75,MENU_9,11.79,MENU_10,12.82,MENU_11,13.86,MENU_12,14.89,MENU_13,15.93,MENU_14,16.96,MENU_15,18.0,38,22.2,False,False,1,46,53,46,46,45,46,34,37,41,22,29,21,21,23,19
2026-05-08,MENU_1,3.5,MENU_2,4.54,MENU_3,5.57,MENU_4,6.61,MENU_5,7.64,MENU_6,8.68,MENU_7,9.71,MENU_8,10.75,MENU_9,11.79,MENU_10,12.82,MENU_11,10.4,MENU_12,14.89,MENU_13,15.93,MENU_14,16.96,MENU_15,18.0,27,18.5,False,False,0,52,73,60,42,49,39,43,44,28,22,26,24,19,16,16
2026-05-09,MENU_1,3.5,MENU_2,4.54,MENU_3,5.57,MENU_4,6.61,MENU_5,7.64,MENU_6,8.68,MENU_7,9.71,MENU_8,10.75,MENU_9,11.79,MENU_10,12.82,MENU_11,13.86,MENU_12,14.89,MENU_13,15.93,MENU_14,16.96,MENU_15,18.0,53,23.6,False,False,0,80,58,70,71,59,51,47,57,43,36,38,28,23,26,17
2026-05-10,MENU_1,3.5,MENU_2,4.54,MENU_3,5.01,MENU_4,6.61,MENU_5,7.64,MENU_6,8.68,MENU_7,9.71,MENU_8,10.75,MENU_9,11.79,MENU_10,12.82,MENU_11,13.86,MENU_12,14.89,MENU_13,15.93,MENU_14,16.96,MENU_15,18.0,55,21.4,False,False,0,57,59,75,63,58,49,57,46,40,39,45,37,29,19,14
2026-05-11,MENU_1,3.5,MENU_2,4.54,MENU_3,5.57,MENU_4,6.61,MENU_5,7.64,MENU_6,8.68,MENU_7,9.71,MENU_8,10.75,MENU_9,11.79,MENU_10,12.82,MENU_11,13.86,MENU_12,14.89,MENU_13,15.93,MENU_14,16.96,MENU_15,18.0,27,22.8,True,False,0,54,33,40,48,37,39,33,28,27,27,22,23,16,17,11
2026-05-12,MENU_1,3.5,MENU_2,4.54,MENU_3,5.57,MENU_4,6.61,MENU_5,7.64,MENU_6,8.68,MENU_7,9.71,MENU_8,10.75,MENU_9,11.79,MENU_10,12.82,MENU_11,13.86,MENU_12,14.89,MENU_13,15.93,MENU_14,16.96,MENU_15,18.0,29,22.1,True,False,0,46,57,43,32,41,39,38,38,36,27,23,19,14,16,9
2026-05-13,MENU_1,3.5,MENU_2,4.54,MENU_3,5.57,MENU_4,6.61,MENU_5,7.64,MENU_6,8.68,MENU_7,9.71,MENU_8,10.75,MENU_9,11.79,MENU_10,12.82,MENU_11,13.86,MENU_12,14.89,MENU_13,15.93,MENU_14,16.96,MENU_15,18.0,36,24.1,False,False,0,62,62,45,69,53,40,37,43,45,36,28,21,19,15,17
2026-05-14,MENU_1,3.5,MENU_2,4.54,MENU_3,5.57,MENU_4,6.61,MENU_5,7.64,MENU_6,8.68,MENU_7,9.71,MENU_8,10.75,MENU_9,11.79,MENU_10,12.82,MENU_11,13.86,MENU_12,14.89,MENU_13,15.93,MENU_14,16.96,MENU_15,18.0,30,20.0,False,False,0,66,73,43,39,49,46,34,35,24,33,26,22,24,18,11
2026-05-15,MENU_1,3.5,MENU_2,4.54,MENU_3,5.57,MENU_4,6.61,MENU_5,7.64,MENU_6,8.68,MENU_7,9.71,MENU_8,10.75,MENU_9,11.79,MENU_10,12.82,MENU_11,13.86,MENU_12,14.89,MENU_13,15.93,MENU_14,16.96,MENU_15,18.0,36,20.8,False,False,1,66,44,44,62,47,38,41,35,32,36,23,21,24,18,16
2026-05-16,MENU_1,3.5,MENU_2,4.54,MENU_3,5.57,MENU_4,6.61,MENU_5,7.64,MENU_6,8.68,MENU_7,9.71,MENU_8,10.75,MENU_9,11.79,MENU_10,12.82,MENU_11,13.86,MENU_12,14.89,MENU_13,15.93,MENU_14,16.96,MENU_15,18.0,44,29.9,False,False,0,65,66,46,74,69,54,62,58,38,45,37,32,22,17,14
2026-05-17,MENU_1,3.5,MENU_2,4.54,MENU_3,5.57,MENU_4,6.61,MENU_5,7.64,MENU_6,8.68,MENU_7,9.71,MENU_8,10.75,MENU_9,11.79,MENU_10,12.82,MENU_11,13.86,MENU_12,14.89,MENU_13,15.93,MENU_14,16.96,MENU_15,18.0,60,21.4,False,False,0,58,67,53,67,57,51,81,47,58,48,47,37,31,23,14
2026-05-18,MENU_1,3.5,MENU_2,4.54,MENU_3,5.57,MENU_4,6.61,MENU_5,7.64,MENU_6,8.68,MENU_7,9.71,MENU_8,10.75,MENU_9,11.79,MENU_10,12.82,MENU_11,13.86,MENU_12,14.89,MENU_13,15.93,MENU_14,16.96,MENU_15,18.0,32,22.0,False,False,1,66,60,39,44,53,46,30,38,34,35,23,22,23,18,15
2026-05-19,MENU_1,3.5,MENU_2,4.54,MENU_3,5.57,MENU_4,6.61,MENU_5,7.64,MENU_6,8.68,MENU_7,9.71,MENU_8,10.75,MENU_9,11.79,MENU_10,12.82,MENU_11,13.86,MENU_12,14.89,MENU_13,15.93,MENU_14,16.96,MENU_15,18.0,20,29.4,False,False,0,41,33,43,53,45,31,37,43,27,30,23,27,18,16,12
2026-05-20,MENU_1,3.5,MENU_2,4.54,MENU_3,5.57,MENU_4,6.61,MENU_5,7.64,MENU_6,8.68,MENU_7,9.71,MENU_8,10.75,MENU_9,11.79,MENU_10,12.82,MENU_11,13.86,MENU_12,14.89,MENU_13,15.93,MENU_14,16.96,MENU_15,18.0,26,32.1,True,False,0,45,50,40,48,35,51,28,32,28,27,18,18,17,15,14
2026-05-21,MENU_1,3.5,MENU_2,4.54,MENU_3,5.57,MENU_4,6.61,MENU_5,7.64,MENU_6,8.68,MENU_7,9.71,MENU_8,10.75,MENU_9,11.79,MENU_10,12.82,MENU_11,13.86,MENU_12,14.89,MENU_13,15.93,MENU_14,16.96,MENU_15,18.0,38,22.0,False,False,0,62,63,66,53,51,41,47,33,32,37,32,30,23,18,12
2026-05-22,MENU_1,3.5,MENU_2,4.54,MENU_3,5.57,MENU_4,6.61,MENU_5,7.64,MENU_6,8.68,MENU_7,9.71,MENU_8,10.75,MENU_9,8.84,MENU_10,12.82,MENU_11,13.86,MENU_12,14.89,MENU_13,15.93,MENU_14,16.96,MENU_15,18.0,27,24.1,False,False,1,57,50,42,48,52,52,32,37,54,19,25,19,17,16,12
2026-05-23,MENU_1,3.5,MENU_2,4.54,MENU_3,5.57,MENU_4,5.95,MENU_5,7.64,MENU_6,8.68,MENU_7,9.71,MENU_8,10.75,MENU_9,11.79,MENU_10,12.82,MENU_11,13.86,MENU_12,14.89,MENU_13,15.93,MENU_14,16.96,MENU_15,18.0,60,25.9,False,False,0,70,69,62,53,68,54,54,52,55,44,36,37,25,22,11
2026-05-24,MENU_1,3.5,MENU_2,4.54,MENU_3,5.57,MENU_4,6.61,MENU_5,7.64,MENU_6,8.68,MENU_7,9.71,MENU_8,10.75,MENU_9,11.79,MENU_10,12.82,MENU_11,13.86,MENU_12,14.89,MENU_13,15.93,MENU_14,16.96,MENU_15,18.0,46,29.5,False,False,0,51,49,54,75,64,56,50,40,51,40,38,39,24,18,11
2026-05-25,MENU_1,3.5,MENU_2,4.54,MENU_3,5.57,MENU_4,6.61,MENU_5,7.64,MENU_6,8.68,MENU_7,9.71,MENU_8,10.75,MENU_9,11.79,MENU_10,12.82,MENU_11,13.86,MENU_12,14.89,MENU_13,15.93,MENU_14,16.96,MENU_15,18.0,37,22.7,True,False,0,42,45,45,47,42,54,36,37,19,33,21,26,14,23,17
2026-05-26,MENU_1,3.5,MENU_2,4.54,MENU_3,5.57,MENU_4,6.61,MENU_5,7.64,MENU_6,8.68,MENU_7,9.71,MENU_8,10.75,MENU_9,11.79,MENU_10,12.82,MENU_11,13.86,MENU_12,14.89,MENU_13,15.93,MENU_14,16.96,MENU_15,18.0,40,24.6,False,False,1,66,52,58,52,46,47,44,45,35,39,24,24,21,15,20
2026-05-27,MENU_1,3.5,MENU_2,4.54,MENU_3,5.57,MENU_4,6.61,MENU_5,7.64,MENU_6,8.68,MENU_7,9.71,MENU_8,10.75,MENU_9,11.79,MENU_10,12.82,MENU_11,13.86,MENU_12,14.89,MENU_13,15.93,MENU_14,16.96,MENU_15,18.0,42,27.3,True,False,0,53,36,52,49,55,56,41,33,42,23,20,25,19,16,14
2026-05-28,MENU_1,3.5,MENU_2,4.54,MENU_3,5.57,MENU_4,6.61,MENU_5,7.64,MENU_6,8.68,MENU_7,9.71,MENU_8,10.75,MENU_9,11.79,MENU_10,12.82,MENU_11,13.86,MENU_12,14.89,MENU_13,15.93,MENU_14,16.96,MENU_15,18.0,28,26.5,True,False,2,55,50,44,50,47,42,34,29,34,31,20,22,21,14,11
2026-05-29,MENU_1,3.5,MENU_2,4.54,MENU_3,5.57,MENU_4,6.61,MENU_5,7.64,MENU_6,8.68,MENU_7,9.71,MENU_8,10.75,MENU_9,11.79,MENU_10,12.82,MENU_11,13.86,MENU_12,14.89,MENU_13,15.93,MENU_14,16.96,MENU_15,18.0,29,24.5,False,False,0,53,60,46,44,44,47,30,30,23,24,31,21,14,22,13
2026-05-30,MENU_1,3.5,MENU_2,4.54,MENU_3,5.57,MENU_4,6.61,MENU_5,7.64,MENU_6,8.68,MENU_7,9.71,MENU_8,10.75,MENU_9,11.79,MENU_10,12.82,MENU_11,13.86,MENU_12,14.89,MENU_13,15.93,MENU_14,16.96,MENU_15,18.0,66,25.1,False,False,0,55,59,59,45,75,60,70,57,50,40,38,41,25,18,21
2026-05-31,MENU_1,3.5,MENU_2,4.54,MENU_3,5.57,MENU_4,6.61,MENU_5,7.64,MENU_6,8.68,MENU_7,9.71,MENU_8,10.75,MENU_9,11.79,MENU_10,12.82,MENU_11,13.86,MENU_12,14.89,MENU_13,15.93,MENU_14,16.96,MENU_15,18.0,60,22.1,False,False,0,80,69,49,66,50,61,60,51,42,44,44,47,24,23,16
2026-06-01,MENU_1,3.5,MENU_2,4.54,MENU_3,5.57,MENU_4,6.61,MENU_5,7.64,MENU_6,8.68,MENU_7,9.71,MENU_8,10.75,MENU_9,11.79,MENU_10,12.82,MENU_11,13.86,MENU_12,14.89,MENU_13,15.93,MENU_14,16.96,MENU_15,18.0,27,25.0,False,False,0,49,48,41,55,43,40,44,29,40,27,22,24,22,17,14
2026-06-02,MENU_1,3.5,MENU_2,4.54,MENU_3,5.57,MENU_4,6.61,MENU_5,7.64,MENU_6,8.68,MENU_7,9.71,MENU_8,10.75,MENU_9,11.79,MENU_10,12.82,MENU_11,13.86,MENU_12,14.89,MENU_13,15.93,MENU_14,16.96,MENU_15,18.0,23,24.9,False,False,0,53,50,41,48,57,36,32,43,31,21,28,24,19,17,13
2026-06-03,MENU_1,3.5,MENU_2,4.54,MENU_3,5.57,MENU_4,6.61,MENU_5,7.64,MENU_6,8.68,MENU_7,9.71,MENU_8,10.75,MENU_9,11.79,MENU_10,12.82,MENU_11,13.86,MENU_12,14.89,MENU_13,15.93,MENU_14,16.96,MENU_15,18.0,28,26.2,False,False,2,47,45,39,43,55,41,29,37,28,32,22,25,25,20,13
2026-06-04,MENU_1,3.5,MENU_2,4.54,MENU_3,5.57,MENU_4,6.61,MENU_5,7.64,MENU_6,8.68,MENU_7,9.71,MENU_8,10.75,MENU_9,11.79,MENU_10,12.82,MENU_11,13.86,MENU_12,14.89,MENU_13,15.93,MENU_14,16.96,MENU_15,18.0,27,24.3,True,False,1,59,39,45,46,40,40,33,34,28,28,23,16,19,18,11
2026-06-05,MENU_1,3.5,MENU_2,4.54,MENU_3,5.57,MENU_4,6.61,MENU_5,7.64,MENU_6,8.68,MENU_7,9.71,MENU_8,10.75,MENU_9,11.79,MENU_10,12.82,MENU_11,13.86,MENU_12,14.89,MENU_13,15.93,MENU_14,16.96,MENU_15,18.0,28,26.9,True,False,1,40,51,49,37,47,40,41,35,17,30,23,22,17,14,13
2026-06-06,MENU_1,3.5,MENU_2,4.54,MENU_3,5.57,MENU_4,6.61,MENU_5,7.64,MENU_6,8.68,MENU_7,9.71,MENU_8,10.75,MENU_9,11.79,MENU_10,12.82,MENU_11,13.86,MENU_12,14.89,MENU_13,15.93,MENU_14,16.96,MENU_15,18.0,52,28.3,False,False,0,59,58,48,56,63,63,58,59,40,41,53,29,25,21,14
2026-06-07,MENU_1,3.5,MENU_2,4.54,MENU_3,5.57,MENU_4,6.61,MENU_5,7.64,MENU_6,8.68,MENU_7,9.71,MENU_8,10.75,MENU_9,11.79,MENU_10,12.82,MENU_11,13.86,MENU_12,14.89,MENU_13,15.93,MENU_14,16.96,MENU_15,18.0,49,26.2,False,False,0,63,76,57,55,34,65,54,48,47,42,42,31,22,14,18
2026-06-08,MENU_1,3.5,MENU_2,4.54,MENU_3,5.57,MENU_4,6.61,MENU_5,7.64,MENU_6,8.68,MENU_7,9.71,MENU_8,10.75,MENU_9,11.79,MENU_10,12.82,MENU_11,13.86,MENU_12,14.89,MENU_13,15.93,MENU_14,16.96,MENU_15,18.0,28,26.7,True,False,0,39,44,35,54,38,35,29,33,32,26,21,27,20,15,12
2026-06-09,MENU_1,3.5,MENU_2,4.54,MENU_3,5.57,MENU_4,6.61,MENU_5,7.64,MENU_6,8.68,MENU_7,9.71,MENU_8,10.75,MENU_9,11.79,MENU_10,12.82,MENU_11,13.86,MENU_12,14.89,MENU_13,15.93,MENU_14,16.96,MENU_15,15.3,30,26.0,False,False,0,56,43,45,50,49,41,48,34,23,37,29,22,16,15,18
2026-06-10,MENU_1,3.5,MENU_2,4.54,MENU_3,5.57,MENU_4,6.61,MENU_5,7.64,MENU_6,8.68,MENU_7,9.71,MENU_8,10.75,MENU_9,11.79,MENU_10,12.82,MENU_11,13.86,MENU_12,14.89,MENU_13,15.93,MENU_14,16.96,MENU_15,18.0,28,25.9,False,False,0,65,59,42,49,46,36,32,37,30,17,34,20,17,16,17
2026-06-11,MENU_1,3.5,MENU_2,4.54,MENU_3,5.57,MENU_4,6.61,MENU_5,7.64,MENU_6,8.68,MENU_7,9.71,MENU_8,10.75,MENU_9,11.79,MENU_10,12.82,MENU_11,13.86,MENU_12,14.89,MENU_13,15.93,MENU_14,16.96,MENU_15,18.0,45,24.1,True,False,0,51,57,54,68,51,59,35,38,38,25,20,28,22,13,14
2026-06-12,MENU_1,3.5,MENU_2,4.54,MENU_3,5.57,MENU_4,6.61,MENU_5,7.64,MENU_6,8.68,MENU_7,9.71,MENU_8,10.75,MENU_9,11.79,MENU_10,12.82,MENU_11,13.86,MENU_12,14.89,MENU_13,15.93,MENU_14,16.96,MENU_15,18.0,39,26.7,False,False,0,60,60,46,61,63,53,45,36,27,32,25,21,26,20,17
2026-06-13,MENU_1,3.5,MENU_2,4.54,MENU_3,5.57,MENU_4,6.61,MENU_5,7.64,MENU_6,8.68,MENU_7,9.71,MENU_8,10.75,MENU_9,11.79,MENU_10,12.82,MENU_11,13.86,MENU_12,14.89,MENU_13,15.93,MENU_14,16.96,MENU_15,18.0,40,25.7,False,False,0,34,65,60,60,51,54,38,38,45,33,34,29,15,14,11
2026-06-14,MENU_1,3.5,MENU_2,4.54,MENU_3,5.57,MENU_4,6.61,MENU_5,7.64,MENU_6,8.68,MENU_7,9.71,MENU_8,10.75,MENU_9,11.79,MENU_10,12.82,MENU_11,13.86,MENU_12,14.89,MENU_13,15.93,MENU_14,16.96,MENU_15,18.0,54,31.2,False,False,0,60,52,52,66,55,49,69,54,49,42,37,41,29,21,16
2026-06-15,MENU_1,3.5,MENU_2,4.54,MENU_3,5.57,MENU_4,6.61,MENU_5,7.64,MENU_6,8.68,MENU_7,9.71,MENU_8,10.75,MENU_9,11.79,MENU_10,12.82,MENU_11,13.86,MENU_12,14.89,MENU_13,15.93,MENU_14,16.96,MENU_15,18.0,31,29.9,True,False,1,44,43,37,47,51,45,38,31,37,26,23,21,18,13,13
2026-06-16,MENU_1,3.5,MENU_2,4.54,MENU_3,5.57,MENU_4,6.61,MENU_5,7.64,MENU_6,8.68,MENU_7,9.71,MENU_8,10.75,MENU_9,11.79,MENU_10,12.82,MENU_11,13.86,MENU_12,14.89,MENU_13,15.93,MENU_14,16.96,MENU_15,18.0,34,26.9,False,False,0,48,50,39,38,50,52,45,26,32,27,22,18,15,15,19
2026-06-17,MENU_1,3.5,MENU_2,4.54,MENU_3,5.57,MENU_4,6.61,MENU_5,7.64,MENU_6,8.68,MENU_7,9.71,MENU_8,10.75,MENU_9,11.79,MENU_10,12.82,MENU_11,13.86,MENU_12,14.89,MENU_13,15.93,MENU_14,16.96,MENU_15,18.0,32,24.1,False,False,0,64,42,51,60,48,44,42,39,32,30,32,26,11,20,10
2026-06-18,MENU_1,3.5,MENU_2,4.54,MENU_3,5.57,MENU_4,6.61,MENU_5,7.64,MENU_6,8.68,MENU_7,9.71,MENU_8,10.75,MENU_9,11.79,MENU_10,12.82,MENU_11,13.86,MENU_12,14.89,MENU_13,15.93,MENU_14,16.96,MENU_15,18.0,34,23.2,False,False,0,54,51,57,56,47,53,39,42,38,33,21,23,16,19,14
2026-06-19,MENU_1,3.5,MENU_2,4.54,MENU_3,5.57,MENU_4,6.61,MENU_5,7.64,MENU_6,8.68,MENU_7,9.71,MENU_8,10.75,MENU_9,11.79,MENU_10,12.82,MENU_11,13.86,MENU_12,14.89,MENU_13,15.93,MENU_14,16.96,MENU_15,18.0,37,29.0,False,False,1,53,62,51,58,74,70,34,52,27,30,27,30,21,21,18
2026-06-20,MENU_1,3.5,MENU_2,4.54,MENU_3,5.57,MENU_4,6.61,MENU_5,7.64,MENU_6,8.68,MENU_7,9.71,MENU_8,10.75,MENU_9,11.79,MENU_10,12.82,MENU_11,13.86,MENU_12,14.89,MENU_13,15.93,MENU_14,16.96,MENU_15,18.0,56,26.7,False,False,0,61,63,77,65,41,49,57,51,48,42,47,32,24,26,15
2026-06-21,MENU_1,3.5,MENU_2,4.54,MENU_3,5.57,MENU_4,6.61,MENU_5,7.64,MENU_6,8.68,MENU_7,9.71,MENU_8,10.75,MENU_9,11.79,MENU_10,12.82,MENU_11,13.86,MENU_12,14.89,MENU_13,15.93,MENU_14,16.96,MENU_15,18.0,64,27.2,False,False,1,48,51,74,78,62,52,53,52,49,46,42,43,29,20,18
2026-06-22,MENU_1,3.5,MENU_2,4.54,MENU_3,5.57,MENU_4,6.61,MENU_5,7.64,MENU_6,8.68,MENU_7,9.71,MENU_8,10.75,MENU_9,11.79,MENU_10,12.82,MENU_11,13.86,MENU_12,14.89,MENU_13,15.93,MENU_14,16.96,MENU_15,18.0,29,21.6,False,False,0,46,40,47,37,45,37,41,29,31,29,22,29,18,21,15
2026-06-23,MENU_1,3.5,MENU_2,4.54,MENU_3,5.57,MENU_4,6.61,MENU_5,7.64,MENU_6,8.68,MENU_7,9.71,MENU_8,10.75,MENU_9,11.79,MENU_10,12.82,MENU_11,13.86,MENU_12,14.89,MENU_13,15.93,MENU_14,16.96,MENU_15,18.0,27,28.3,False,False,1,58,60,43,49,45,58,42,36,36,21,20,20,16,13,14
2026-06-24,MENU_1,3.5,MENU_2,4.54,MENU_3,5.57,MENU_4,6.61,MENU_5,7.64,MENU_6,8.68,MENU_7,9.71,MENU_8,10.75,MENU_9,11.79,MENU_10,12.82,MENU_11,13.86,MENU_12,14.89,MENU_13,15.93,MENU_14,16.96,MENU_15,18.0,25,27.1,True,False,0,31,42,43,39,50,47,40,31,30,27,22,19,16,16,15
2026-06-25,MENU_1,3.5,MENU_2,4.54,MENU_3,5.57,MENU_4,6.61,MENU_5,7.64,MENU_6,8.68,MENU_7,9.71,MENU_8,10.75,MENU_9,11.79,MENU_10,12.82,MENU_11,13.86,MENU_12,14.89,MENU_13,15.93,MENU_14,16.96,MENU_15,18.0,38,23.2,True,False,0,47,45,41,62,51,41,39,30,28,26,22,24,19,15,15
2026-06-26,MENU_1,3.5,MENU_2,4.54,MENU_3,5.57,MENU_4,6.61,MENU_5,7.64,MENU_6,8.68,MENU_7,9.71,MENU_8,10.75,MENU_9,11.79,MENU_10,12.82,MENU_11,13.86,MENU_12,14.89,MENU_13,15.93,MENU_14,16.96,MENU_15,18.0,25,24.8,False,False,0,48,47,54,56,46,44,42,33,32,33,26,19,20,14,16
2026-06-27,MENU_1,3.5,MENU_2,4.54,MENU_3,5.57,MENU_4,6.61,MENU_5,7.64,MENU_6,8.68,MENU_7,9.71,MENU_8,10.75,MENU_9,11.79,MENU_10,12.82,MENU_11,13.86,MENU_12,14.89,MENU_13,15.93,MENU_14,16.96,MENU_15,18.0,57,26.6,False,False,2,82,48,61,44,59,51,56,38,61,49,32,37,22,23,16
2026-06-28,MENU_1,3.5,MENU_2,4.54,MENU_3,5.57,MENU_4,6.61,MENU_5,7.64,MENU_6,8.68,MENU_7,9.71,MENU_8,10.75,MENU_9,11.79,MENU_10,12.82,MENU_11,13.86,MENU_12,14.89,MENU_13,15.93,MENU_14,16.96,MENU_15,18.0,50,26.1,False,False,0,69,71,58,48,57,62,52,59,41,50,43,33,27,23,15
2026-06-29,MENU_1,3.5,MENU_2,4.54,MENU_3,5.57,MENU_4,6.61,MENU_5,7.64,MENU_6,8.68,MENU_7,9.71,MENU_8,10.75,MENU_9,11.79,MENU_10,12.82,MENU_11,13.86,MENU_12,14.89,MENU_13,15.93,MENU_14,16.96,MENU_15,18.0,34,25.2,False,False,1,51,49,55,53,50,45,42,32,34,26,28,23,19,20,14
2026-06-30,MENU_1,3.5,MENU_2,4.54,MENU_3,5.57,MENU_4,6.61,MENU_5,7.64,MENU_6,8.68,MENU_7,9.71,MENU_8,10.75,MENU_9,11.79,MENU_10,12.82,MENU_11,13.86,MENU_12,14.89,MENU_13,15.93,MENU_14,16.96,MENU_15,18.0,42,25.6,False,False,1,70,67,66,54,54,49,40,39,35,31,30,26,19,20,13
2026-07-01,MENU_1,3.5,MENU_2,4.54,MENU_3,5.57,MENU_4,6.61,MENU_5,7.64,MENU_6,8.68,MENU_7,9.71,MENU_8,10.75,MENU_9,11.79,MENU_10,12.82,MENU_11,13.86,MENU_12,14.89,MENU_13,15.93,MENU_14,16.96,MENU_15,18.0,29,25.2,False,False,0,47,51,49,42,47,49,40,28,32,24,32,23,18,17,15
2026-07-02,MENU_1,3.5,MENU_2,4.54,MENU_3,5.57,MENU_4,6.61,MENU_5,7.64,MENU_6,8.68,MENU_7,9.71,MENU_8,10.75,MENU_9,11.79,MENU_10,12.82,MENU_11,13.86,MENU_12,14.89,MENU_13,15.93,MENU_14,16.96,MENU_15,18.0,29,26.2,True,False,1,54,54,42,62,46,40,29,29,22,23,22,21,21,17,12
2026-07-03,MENU_1,3.5,MENU_2,4.54,MENU_3,5.57,MENU_4,5.29,MENU_5,7.64,MENU_6,8.68,MENU_7,9.71,MENU_8,10.75,MENU_9,11.79,MENU_10,12.82,MENU_11,13.86,MENU_12,14.89,MENU_13,15.93,MENU_14,16.96,MENU_15,18.0,30,29.5,False,False,0,41,50,56,77,59,47,33,34,39,35,23,21,20,18,13
2026-07-04,MENU_1,3.5,MENU_2,4.54,MENU_3,5.57,MENU_4,6.61,MENU_5,7.64,MENU_6,8.68,MENU_7,9.71,MENU_8,10.75,MENU_9,11.79,MENU_10,10.26,MENU_11,13.86,MENU_12,14.89,MENU_13,15.93,MENU_14,16.96,MENU_15,18.0,57,19.4,False,False,0,81,75,72,62,44,50,65,54,44,72,37,33,22,23,19
2026-07-05,MENU_1,3.5,MENU_2,4.54,MENU_3,5.57,MENU_4,4.96,MENU_5,7.64,MENU_6,8.68,MENU_7,9.71,MENU_8,10.75,MENU_9,11.79,MENU_10,12.82,MENU_11,13.86,MENU_12,14.89,MENU_13,15.93,MENU_14,16.96,MENU_15,18.0,52,25.2,False,False,0,60,67,54,77,49,61,65,56,55,36,38,34,27,21,14
2026-07-06,MENU_1,3.5,MENU_2,4.54,MENU_3,5.57,MENU_4,6.61,MENU_5,7.64,MENU_6,8.68,MENU_7,9.71,MENU_8,10.75,MENU_9,11.79,MENU_10,12.82,MENU_11,13.86,MENU_12,14.89,MENU_13,15.93,MENU_14,16.96,MENU_15,18.0,27,26.1,False,False,0,44,54,46,58,36,56,32,42,29,27,25,22,26,19,15
2026-07-07,MENU_1,3.5,MENU_2,4.54,MENU_3,5.57,MENU_4,6.61,MENU_5,7.64,MENU_6,8.68,MENU_7,9.71,MENU_8,10.75,MENU_9,11.79,MENU_10,12.82,MENU_11,13.86,MENU_12,14.89,MENU_13,15.93,MENU_14,16.96,MENU_15,18.0,24,26.4,False,False,0,49,50,46,48,54,48,40,37,28,27,22,21,20,12,12
2026-07-08,MENU_1,3.5,MENU_2,4.54,MENU_3,5.57,MENU_4,6.61,MENU_5,7.64,MENU_6,8.68,MENU_7,9.71,MENU_8,10.75,MENU_9,11.79,MENU_10,12.82,MENU_11,13.86,MENU_12,14.89,MENU_13,15.93,MENU_14,16.96,MENU_15,18.0,30,24.7,False,False,2,56,49,51,50,50,51,35,40,38,32,18,24,24,17,17
2026-07-09,MENU_1,3.5,MENU_2,4.54,MENU_3,5.57,MENU_4,6.61,MENU_5,7.64,MENU_6,8.68,MENU_7,9.71,MENU_8,10.75,MENU_9,11.79,MENU_10,12.82,MENU_11,13.86,MENU_12,14.89,MENU_13,15.93,MENU_14,16.96,MENU_15,18.0,14,21.2,False,False,0,45,59,34,46,42,35,33,37,32,19,21,15,20,12,11
2026-07-10,MENU_1,3.5,MENU_2,4.54,MENU_3,5.57,MENU_4,6.61,MENU_5,7.64,MENU_6,8.68,MENU_7,9.71,MENU_8,10.75,MENU_9,11.79,MENU_10,12.82,MENU_11,13.86,MENU_12,14.89,MENU_13,15.93,MENU_14,16.96,MENU_15,18.0,28,26.4,True,False,0,51,38,32,36,35,37,41,34,29,20,25,18,16,16,14
2026-07-11,MENU_1,3.5,MENU_2,4.54,MENU_3,5.57,MENU_4,6.61,MENU_5,7.64,MENU_6,8.68,MENU_7,9.71,MENU_8,10.75,MENU_9,11.79,MENU_10,12.82,MENU_11,13.86,MENU_12,14.89,MENU_13,15.93,MENU_14,16.96,MENU_15,18.0,48,29.8,False,False,1,54,56,46,81,78,63,62,51,52,45,39,32,23,25,17
2026-07-12,MENU_1,3.5,MENU_2,4.54,MENU_3,5.57,MENU_4,6.61,MENU_5,7.64,MENU_6,8.68,MENU_7,9.71,MENU_8,10.75,MENU_9,11.79,MENU_10,12.82,MENU_11,13.86,MENU_12,14.89,MENU_13,15.93,MENU_14,16.96,MENU_15,18.0,57,21.6,True,False,0,67,59,47,56,46,49,59,56,43,29,43,28,18,18,17
2026-07-13,MENU_1,3.5,MENU_2,4.54,MENU_3,5.57,MENU_4,6.61,MENU_5,7.64,MENU_6,8.68,MENU_7,9.71,MENU_8,10.75,MENU_9,11.79,MENU_10,12.82,MENU_11,13.86,MENU_12,14.89,MENU_13,15.93,MENU_14,16.96,MENU_15,18.0,31,27.6,True,False,0,51,48,38,59,48,34,45,37,29,25,31,26,18,16,13
2026-07-14,MENU_1,3.5,MENU_2,4.54,MENU_3,5.57,MENU_4,6.61,MENU_5,7.64,MENU_6,8.68,MENU_7,9.71,MENU_8,10.75,MENU_9,11.79,MENU_10,12.82,MENU_11,13.86,MENU_12,14.89,MENU_13,15.93,MENU_14,16.96,MENU_15,18.0,36,24.5,True,False,0,51,45,50,41,52,41,32,37,28,28,28,22,17,18,10
2026-07-15,MENU_1,3.5,MENU_2,4.54,MENU_3,5.57,MENU_4,6.61,MENU_5,7.64,MENU_6,8.68,MENU_7,9.71,MENU_8,10.75,MENU_9,11.79,MENU_10,12.82,MENU_11,13.86,MENU_12,14.89,MENU_13,15.93,MENU_14,16.96,MENU_15,18.0,29,25.1,False,False,0,50,53,46,45,41,45,32,27,36,31,31,24,19,12,16
2026-07-16,MENU_1,3.5,MENU_2,4.54,MENU_3,5.57,MENU_4,6.61,MENU_5,7.64,MENU_6,8.68,MENU_7,9.71,MENU_8,10.75,MENU_9,11.79,MENU_10,12.82,MENU_11,13.86,MENU_12,14.89,MENU_13,15.93,MENU_14,16.96,MENU_15,18.0,37,22.6,False,False,0,60,54,54,44,45,43,36,33,31,30,31,23,19,17,15
2026-07-17,MENU_1,3.5,MENU_2,4.54,MENU_3,5.57,MENU_4,6.61,MENU_5,7.64,MENU_6,8.68,MENU_7,9.71,MENU_8,10.75,MENU_9,9.43,MENU_10,12.82,MENU_11,13.86,MENU_12,14.89,MENU_13,15.93,MENU_14,16.96,MENU_15,18.0,31,24.3,False,False,1,59,39,40,54,50,55,37,34,52,28,33,23,19,18,16
2026-07-18,MENU_1,3.5,MENU_2,4.54,MENU_3,5.57,MENU_4,6.61,MENU_5,7.64,MENU_6,8.68,MENU_7,9.71,MENU_8,10.75,MENU_9,11.79,MENU_10,12.82,MENU_11,13.86,MENU_12,14.89,MENU_13,15.93,MENU_14,16.96,MENU_15,18.0,47,28.4,False,False,1,78,56,49,64,85,59,36,57,44,47,48,27,25,11,18
2026-07-19,MENU_1,3.5,MENU_2,4.54,MENU_3,5.57,MENU_4,6.61,MENU_5,7.64,MENU_6,8.68,MENU_7,9.71,MENU_8,10.75,MENU_9,11.79,MENU_10,12.82,MENU_11,13.86,MENU_12,14.89,MENU_13,15.93,MENU_14,16.96,MENU_15,18.0,60,26.5,False,False,0,76,53,65,63,66,71,58,55,51,48,47,36,25,18,16
2026-07-20,MENU_1,3.5,MENU_2,4.54,MENU_3,5.57,MENU_4,6.61,MENU_5,7.64,MENU_6,8.68,MENU_7,9.71,MENU_8,10.75,MENU_9,11.79,MENU_10,12.82,MENU_11,13.86,MENU_12,14.89,MENU_13,15.93,MENU_14,16.96,MENU_15,18.0,34,29.3,False,False,1,61,37,52,49,68,53,36,43,37,27,30,21,15,21,13
2026-07-21,MENU_1,3.5,MENU_2,4.54,MENU_3,5.57,MENU_4,6.61,MENU_5,7.64,MENU_6,8.68,MENU_7,9.71,MENU_8,10.75,MENU_9,11.79,MENU_10,12.82,MENU_11,13.86,MENU_12,14.89,MENU_13,13.54,MENU_14,16.96,MENU_15,18.0,21,27.8,False,False,0,70,46,38,41,56,45,40,39,30,27,24,21,20,18,14
2026-07-22,MENU_1,3.5,MENU_2,4.54,MENU_3,5.57,MENU_4,6.61,MENU_5,7.64,MENU_6,8.68,MENU_7,9.71,MENU_8,10.75,MENU_9,11.79,MENU_10,12.82,MENU_11,13.86,MENU_12,14.89,MENU_13,15.93,MENU_14,16.96,MENU_15,18.0,25,25.9,False,False,1,55,52,47,50,50,38,39,40,30,30,25,14,15,17,13
2026-07-23,MENU_1,3.5,MENU_2,4.54,MENU_3,5.57,MENU_4,6.61,MENU_5,7.64,MENU_6,8.68,MENU_7,9.71,MENU_8,10.75,MENU_9,11.79,MENU_10,12.82,MENU_11,13.86,MENU_12,14.89,MENU_13,15.93,MENU_14,16.96,MENU_15,18.0,29,29.1,False,False,1,55,52,61,52,44,49,35,41,32,37,25,19,21,19,16
2026-07-24,MENU_1,3.5,MENU_2,4.54,MENU_3,5.57,MENU_4,6.61,MENU_5,7.64,MENU_6,8.68,MENU_7,9.71,MENU_8,10.75,MENU_9,11.79,MENU_10,12.82,MENU_11,13.86,MENU_12,11.17,MENU_13,15.93,MENU_14,16.96,MENU_15,18.0,30,25.8,True,False,0,53,49,43,43,52,42,38,27,33,29,26,35,20,16,12
2026-07-25,MENU_1,3.5,MENU_2,4.54,MENU_3,5.57,MENU_4,6.61,MENU_5,7.64,MENU_6,8.68,MENU_7,9.71,MENU_8,10.75,MENU_9,11.79,MENU_10,12.82,MENU_11,13.86,MENU_12,14.89,MENU_13,15.93,MENU_14,16.96,MENU_15,18.0,63,26.7,False,False,0,57,46,54,85,50,48,68,61,47,56,38,42,27,24,21
2026-07-26,MENU_1,3.5,MENU_2,4.54,MENU_3,5.57,MENU_4,6.61,MENU_5,7.64,MENU_6,8.68,MENU_7,9.71,MENU_8,10.75,MENU_9,11.79,MENU_10,12.82,MENU_11,13.86,MENU_12,14.89,MENU_13,15.93,MENU_14,16.96,MENU_15,18.0,54,23.8,False,False,0,61,49,57,61,71,49,51,48,48,40,38,42,21,20,18
2026-07-27,MENU_1,3.5,MENU_2,4.54,MENU_3,5.57,MENU_4,6.61,MENU_5,7.64,MENU_6,8.68,MENU_7,9.71,MENU_8,10.75,MENU_9,11.79,MENU_10,12.82,MENU_11,13.86,MENU_12,14.89,MENU_13,15.93,MENU_14,16.96,MENU_15,18.0,33,24.6,False,False,0,51,68,50,63,51,44,36,27,33,28,17,29,21,18,15
2026-07-28,MENU_1,3.5,MENU_2,4.54,MENU_3,5.57,MENU_4,6.61,MENU_5,7.64,MENU_6,8.68,MENU_7,9.71,MENU_8,10.75,MENU_9,11.79,MENU_10,12.82,MENU_11,13.86,MENU_12,14.89,MENU_13,15.93,MENU_14,16.96,MENU_15,18.0,26,22.6,False,False,0,58,42,46,44,27,45,25,33,35,27,32,25,18,15,13
2026-07-29,MENU_1,3.5,MENU_2,4.54,MENU_3,5.57,MENU_4,6.61,MENU_5,7.64,MENU_6,8.68,MENU_7,9.71,MENU_8,10.75,MENU_9,11.79,MENU_10,12.82,MENU_11,13.86,MENU_12,14.89,MENU_13,15.93,MENU_14,16.96,MENU_15,18.0,28,26.8,False,False,0,50,54,46,55,47,49,32,42,31,28,25,21,16,20,14
2026-07-30,MENU_1,3.5,MENU_2,4.54,MENU_3,5.57,MENU_4,6.61,MENU_5,7.64,MENU_6,8.68,MENU_7,9.71,MENU_8,10.75,MENU_9,11.79,MENU_10,12.82,MENU_11,13.86,MENU_12,14.89,MENU_13,15.93,MENU_14,16.96,MENU_15,18.0,29,21.3,False,False,1,56,47,39,48,50,38,34,37,41,25,28,19,22,21,17
2026-07-31,MENU_1,3.5,MENU_2,4.54,MENU_3,5.57,MENU_4,6.61,MENU_5,7.64,MENU_6,8.68,MENU_7,9.71,MENU_8,10.75,MENU_9,11.79,MENU_10,12.82,MENU_11,13.86,MENU_12,14.89,MENU_13,15.93,MENU_14,16.96,MENU_15,18.0,27,26.1,False,False,0,60,50,40,39,47,48,38,45,31,34,31,26,22,20,14
2026-08-01,MENU_1,3.5,MENU_2,4.54,MENU_3,5.57,MENU_4,6.61,MENU_5,7.64,MENU_6,8.68,MENU_7,9.71,MENU_8,10.75,MENU_9,11.79,MENU_10,12.82,MENU_11,13.86,MENU_12,11.91,MENU_13,15.93,MENU_14,16.96,MENU_15,18.0,52,23.5,True,False,1,66,50,51,66,56,46,44,49,42,44,37,41,25,17,16
2026-08-02,MENU_1,3.5,MENU_2,4.54,MENU_3,5.57,MENU_4,6.61,MENU_5,7.64,MENU_6,8.68,MENU_7,9.71,MENU_8,10.75,MENU_9,11.79,MENU_10,12.82,MENU_11,13.86,MENU_12,14.89,MENU_13,15.93,MENU_14,16.96,MENU_15,18.0,65,26.9,False,False,0,67,70,60,69,57,35,58,79,51,45,52,52,24,19,19
2026-08-03,MENU_1,3.5,MENU_2,4.54,MENU_3,5.57,MENU_4,6.61,MENU_5,7.64,MENU_6,8.68,MENU_7,9.71,MENU_8,10.75,MENU_9,11.79,MENU_10,12.82,MENU_11,13.86,MENU_12,14.89,MENU_13,15.93,MENU_14,16.96,MENU_15,18.0,23,25.7,True,False,1,41,44,37,50,34,36,26,31,22,27,18,19,20,17,12
2026-08-04,MENU_1,3.5,MENU_2,4.54,MENU_3,5.57,MENU_4,6.61,MENU_5,7.64,MENU_6,8.68,MENU_7,9.71,MENU_8,10.75,MENU_9,11.79,MENU_10,12.82,MENU_11,13.86,MENU_12,14.89,MENU_13,15.93,MENU_14,16.96,MENU_15,18.0,36,28.3,False,False,0,64,48,47,52,54,59,41,37,29,32,38,32,20,20,19
2026-08-05,MENU_1,3.5,MENU_2,4.54,MENU_3,5.57,MENU_4,6.61,MENU_5,7.64,MENU_6,8.68,MENU_7,9.71,MENU_8,10.75,MENU_9,11.79,MENU_10,12.82,MENU_11,13.86,MENU_12,14.89,MENU_13,15.93,MENU_14,16.96,MENU_15,18.0,23,25.5,False,False,1,56,40,45,48,47,32,38,27,28,31,29,21,21,17,16
2026-08-06,MENU_1,3.5,MENU_2,4.54,MENU_3,5.57,MENU_4,6.61,MENU_5,7.64,MENU_6,8.68,MENU_7,9.71,MENU_8,10.75,MENU_9,11.79,MENU_10,12.82,MENU_11,13.86,MENU_12,14.89,MENU_13,15.93,MENU_14,16.96,MENU_15,18.0,34,19.6,False,False,0,45,58,59,42,43,43,42,43,39,24,28,29,19,16,15
2026-08-07,MENU_1,3.5,MENU_2,4.54,MENU_3,5.57,MENU_4,6.61,MENU_5,7.64,MENU_6,8.68,MENU_7,9.71,MENU_8,10.75,MENU_9,11.79,MENU_10,12.82,MENU_11,13.86,MENU_12,14.89,MENU_13,15.93,MENU_14,16.96,MENU_15,18.0,31,23.3,False,False,0,53,43,49,61,57,55,39,33,32,29,32,29,20,18,15
2026-08-08,MENU_1,3.5,MENU_2,4.54,MENU_3,5.57,MENU_4,6.61,MENU_5,7.64,MENU_6,8.68,MENU_7,9.71,MENU_8,10.75,MENU_9,11.79,MENU_10,12.82,MENU_11,13.86,MENU_12,14.89,MENU_13,15.93,MENU_14,16.96,MENU_15,18.0,52,20.4,False,False,0,69,67,63,60,46,44,44,47,45,43,32,29,15,17,15
2026-08-09,MENU_1,3.5,MENU_2,4.54,MENU_3,5.57,MENU_4,6.61,MENU_5,7.64,MENU_6,8.68,MENU_7,9.71,MENU_8,10.75,MENU_9,11.79,MENU_10,12.82,MENU_11,13.86,MENU_12,14.89,MENU_13,15.93,MENU_14,16.96,MENU_15,18.0,49,21.9,False,False,1,72,85,53,60,56,50,51,61,56,47,37,31,22,22,16
2026-08-10,MENU_1,3.5,MENU_2,4.54,MENU_3,5.57,MENU_4,6.61,MENU_5,7.64,MENU_6,8.68,MENU_7,9.71,MENU_8,10.75,MENU_9,11.79,MENU_10,12.82,MENU_11,13.86,MENU_12,14.89,MENU_13,15.93,MENU_14,16.96,MENU_15,18.0,22,26.9,False,False,1,56,56,48,61,48,35,34,39,37,25,30,18,19,19,14
2026-08-11,MENU_1,3.5,MENU_2,4.54,MENU_3,5.57,MENU_4,6.61,MENU_5,7.64,MENU_6,8.68,MENU_7,9.71,MENU_8,10.75,MENU_9,11.79,MENU_10,12.82,MENU_11,13.86,MENU_12,14.89,MENU_13,15.93,MENU_14,16.96,MENU_15,18.0,32,24.6,False,False,0,57,58,52,62,38,57,37,42,39,19,19,19,19,22,16
2026-08-12,MENU_1,3.5,MENU_2,4.54,MENU_3,5.57,MENU_4,6.61,MENU_5,7.64,MENU_6,8.68,MENU_7,9.71,MENU_8,10.75,MENU_9,11.79,MENU_10,12.82,MENU_11,13.86,MENU_12,14.89,MENU_13,15.93,MENU_14,16.96,MENU_15,18.0,35,21.2,False,False,0,63,54,59,57,38,44,40,35,29,26,30,27,27,20,16
2026-08-13,MENU_1,3.5,MENU_2,4.54,MENU_3,5.57,MENU_4,6.61,MENU_5,7.64,MENU_6,8.68,MENU_7,9.71,MENU_8,10.75,MENU_9,11.79,MENU_10,12.82,MENU_11,13.86,MENU_12,14.89,MENU_13,15.93,MENU_14,16.96,MENU_15,18.0,31,20.3,False,False,0,57,38,56,38,45,42,47,35,30,29,29,23,17,14,12
2026-08-14,MENU_1,3.5,MENU_2,4.54,MENU_3,5.57,MENU_4,6.61,MENU_5,6.49,MENU_6,8.68,MENU_7,9.71,MENU_8,10.75,MENU_9,11.79,MENU_10,12.82,MENU_11,13.86,MENU_12,14.89,MENU_13,15.93,MENU_14,16.96,MENU_15,18.0,27,22.8,False,False,1,48,41,52,44,73,51,42,34,40,29,33,23,18,17,16
2026-08-15,MENU_1,3.5,MENU_2,4.54,MENU_3,5.57,MENU_4,6.61,MENU_5,7.64,MENU_6,8.68,MENU_7,9.71,MENU_8,10.75,MENU_9,11.79,MENU_10,12.82,MENU_11,13.86,MENU_12,14.89,MENU_13,15.93,MENU_14,16.96,MENU_15,18.0,53,19.5,False,False,0,65,77,60,48,57,54,49,59,50,55,30,38,21,27,17
2026-08-16,MENU_1,3.5,MENU_2,4.54,MENU_3,5.57,MENU_4,6.61,MENU_5,7.64,MENU_6,8.68,MENU_7,9.71,MENU_8,10.75,MENU_9,11.79,MENU_10,12.82,MENU_11,13.86,MENU_12,14.89,MENU_13,15.93,MENU_14,16.96,MENU_15,18.0,55,20.8,True,False,0,61,51,57,58,37,40,58,60,42,44,45,23,20,16,13
2026-08-17,MENU_1,3.5,MENU_2,4.54,MENU_3,5.57,MENU_4,6.61,MENU_5,7.64,MENU_6,8.68,MENU_7,9.71,MENU_8,10.75,MENU_9,11.79,MENU_10,12.82,MENU_11,13.86,MENU_12,14.89,MENU_13,15.93,MENU_14,16.96,MENU_15,18.0,25,23.1,False,False,0,52,44,54,50,24,38,40,36,34,28,23,26,22,16,16
2026-08-18,MENU_1,3.5,MENU_2,4.54,MENU_3,5.57,MENU_4,6.61,MENU_5,7.64,MENU_6,8.68,MENU_7,9.71,MENU_8,10.75,MENU_9,11.79,MENU_10,12.82,MENU_11,13.86,MENU_12,14.89,MENU_13,15.93,MENU_14,16.96,MENU_15,18.0,22,25.1,True,False,1,32,42,36,35,46,41,28,38,31,24,21,18,21,17,14
2026-08-19,MENU_1,3.5,MENU_2,4.54,MENU_3,5.57,MENU_4,5.62,MENU_5,7.64,MENU_6,8.68,MENU_7,9.71,MENU_8,10.75,MENU_9,11.79,MENU_10,12.82,MENU_11,13.86,MENU_12,14.89,MENU_13,15.93,MENU_14,16.96,MENU_15,18.0,35,23.7,False,False,1,53,45,46,63,49,42,45,42,31,36,22,26,19,20,15
2026-08-20,MENU_1,3.5,MENU_2,4.54,MENU_3,5.57,MENU_4,6.61,MENU_5,7.64,MENU_6,8.68,MENU_7,9.71,MENU_8,10.75,MENU_9,11.79,MENU_10,12.82,MENU_11,13.86,MENU_12,14.89,MENU_13,15.93,MENU_14,16.96,MENU_15,18.0,38,16.3,False,False,0,63,48,58,36,51,28,40,36,36,29,24,27,19,25,17
2026-08-21,MENU_1,3.5,MENU_2,4.54,MENU_3,5.57,MENU_4,6.61,MENU_5,7.64,MENU_6,8.68,MENU_7,9.71,MENU_8,10.75,MENU_9,11.79,MENU_10,12.82,MENU_11,13.86,MENU_12,14.89,MENU_13,15.93,MENU_14,16.96,MENU_15,18.0,20,22.7,False,False,0,48,47,48,45,37,40,28,36,34,26,25,26,15,14,14
2026-08-22,MENU_1,3.5,MENU_2,4.54,MENU_3,5.57,MENU_4,6.61,MENU_5,7.64,MENU_6,8.68,MENU_7,9.71,MENU_8,10.75,MENU_9,11.79,MENU_10,12.82,MENU_11,13.86,MENU_12,14.89,MENU_13,15.93,MENU_14,16.96,MENU_15,18.0,58,21.9,False,False,0,66,56,54,46,60,41,64,69,41,38,34,35,30,18,21
2026-08-23,MENU_1,3.5,MENU_2,4.54,MENU_3,5.57,MENU_4,6.61,MENU_5,7.64,MENU_6,8.68,MENU_7,9.71,MENU_8,10.75,MENU_9,11.79,MENU_10,12.82,MENU_11,13.86,MENU_12,14.89,MENU_13,15.93,MENU_14,16.96,MENU_15,18.0,63,22.7,True,False,3,68,53,56,62,61,63,57,66,47,51,42,23,27,23,18
2026-08-24,MENU_1,3.5,MENU_2,4.54,MENU_3,5.57,MENU_4,6.61,MENU_5,7.64,MENU_6,8.68,MENU_7,9.71,MENU_8,10.75,MENU_9,11.79,MENU_10,12.82,MENU_11,13.86,MENU_12,14.89,MENU_13,15.93,MENU_14,16.96,MENU_15,18.0,31,25.6,False,False,0,45,45,47,56,46,48,37,42,27,31,24,24,20,14,11
2026-08-25,MENU_1,3.5,MENU_2,4.54,MENU_3,5.57,MENU_4,6.61,MENU_5,7.64,MENU_6,8.68,MENU_7,9.71,MENU_8,10.75,MENU_9,11.79,MENU_10,12.82,MENU_11,13.86,MENU_12,14.89,MENU_13,15.93,MENU_14,16.96,MENU_15,18.0,31,16.2,True,False,0,40,54,32,51,35,30,35,32,25,24,20,22,14,15,17
2026-08-26,MENU_1,3.5,MENU_2,4.54,MENU_3,5.57,MENU_4,6.61,MENU_5,7.64,MENU_6,8.68,MENU_7,9.71,MENU_8,10.75,MENU_9,11.79,MENU_10,12.82,MENU_11,13.86,MENU_12,14.89,MENU_13,15.93,MENU_14,16.96,MENU_15,18.0,29,19.8,True,False,0,48,46,44,48,40,33,31,31,26,26,22,17,14,15,15
2026-08-27,MENU_1,3.5,MENU_2,4.54,MENU_3,5.57,MENU_4,6.61,MENU_5,7.64,MENU_6,8.68,MENU_7,9.71,MENU_8,10.75,MENU_9,11.79,MENU_10,12.82,MENU_11,13.86,MENU_12,14.89,MENU_13,15.93,MENU_14,16.96,MENU_15,18.0,25,22.6,True,False,0,53,44,41,40,43,27,36,33,30,27,24,20,18,17,11
2026-08-28,MENU_1,3.5,MENU_2,4.54,MENU_3,5.57,MENU_4,6.61,MENU_5,7.64,MENU_6,8.68,MENU_7,9.71,MENU_8,10.75,MENU_9,11.79,MENU_10,12.82,MENU_11,13.86,MENU_12,14.89,MENU_13,15.93,MENU_14,16.96,MENU_15,18.0,30,17.1,True,False,0,66,54,46,45,38,29,34,40,28,25,23,20,20,17,11
2026-08-29,MENU_1,3.5,MENU_2,4.54,MENU_3,5.57,MENU_4,6.61,MENU_5,7.64,MENU_6,8.68,MENU_7,9.71,MENU_8,10.75,MENU_9,11.79,MENU_10,12.82,MENU_11,13.86,MENU_12,14.89,MENU_13,15.93,MENU_14,16.96,MENU_15,18.0,38,24.6,False,False,0,64,53,62,44,59,56,53,50,39,36,35,25,15,20,16
2026-08-30,MENU_1,3.5,MENU_2,4.54,MENU_3,5.57,MENU_4,6.61,MENU_5,7.64,MENU_6,8.68,MENU_7,9.71,MENU_8,10.75,MENU_9,11.79,MENU_10,12.82,MENU_11,13.86,MENU_12,14.89,MENU_13,15.93,MENU_14,16.96,MENU_15,18.0,57,21.7,False,False,1,53,62,50,52,53,70,62,58,50,41,45,39,24,20,17
2026-08-31,MENU_1,3.5,MENU_2,4.54,MENU_3,5.57,MENU_4,6.61,MENU_5,7.64,MENU_6,8.68,MENU_7,9.71,MENU_8,10.75,MENU_9,11.79,MENU_10,12.82,MENU_11,13.86,MENU_12,14.89,MENU_13,15.93,MENU_14,16.96,MENU_15,18.0,33,22.8,False,False,0,54,57,44,54,38,50,33,37,27,32,31,22,26,21,15
2026-09-01,MENU_1,3.5,MENU_2,4.54,MENU_3,4.18,MENU_4,6.61,MENU_5,7.64,MENU_6,8.68,MENU_7,9.71,MENU_8,10.75,MENU_9,11.79,MENU_10,12.82,MENU_11,13.86,MENU_12,14.89,MENU_13,15.93,MENU_14,16.96,MENU_15,18.0,32,19.1,True,False,0,54,54,39,29,52,37,30,31,31,25,23,20,18,25,14
2026-09-02,MENU_1,3.5,MENU_2,4.54,MENU_3,5.57,MENU_4,6.61,MENU_5,7.64,MENU_6,8.68,MENU_7,9.71,MENU_8,10.75,MENU_9,11.79,MENU_10,12.82,MENU_11,13.86,MENU_12,14.89,MENU_13,15.93,MENU_14,16.96,MENU_15,18.0,32,22.4,True,False,0,52,47,42,45,39,37,23,32,35,25,20,20,23,17,12
2026-09-03,MENU_1,3.5,MENU_2,4.54,MENU_3,5.57,MENU_4,6.61,MENU_5,7.64,MENU_6,8.68,MENU_7,9.71,MENU_8,10.75,MENU_9,11.79,MENU_10,12.82,MENU_11,13.86,MENU_12,14.89,MENU_13,15.93,MENU_14,16.96,MENU_15,18.0,32,22.9,False,False,0,60,54,47,43,44,38,42,37,32,24,27,28,23,18,12
2026-09-04,MENU_1,3.5,MENU_2,4.54,MENU_3,5.57,MENU_4,6.61,MENU_5,7.64,MENU_6,8.68,MENU_7,9.71,MENU_8,10.75,MENU_9,11.79,MENU_10,12.82,MENU_11,13.86,MENU_12,14.89,MENU_13,15.93,MENU_14,16.96,MENU_15,18.0,26,20.7,True,False,0,42,41,40,42,39,48,27,39,27,26,24,20,15,12,13
2026-09-05,MENU_1,3.5,MENU_2,4.54,MENU_3,5.57,MENU_4,6.61,MENU_5,7.64,MENU_6,8.68,MENU_7,9.71,MENU_8,10.75,MENU_9,11.79,MENU_10,12.82,MENU_11,13.86,MENU_12,14.89,MENU_13,15.93,MENU_14,16.96,MENU_15,18.0,65,20.6,False,False,0,74,60,76,52,59,53,64,55,55,46,33,38,25,20,17
2026-09-06,MENU_1,3.5,MENU_2,4.54,MENU_3,5.57,MENU_4,6.61,MENU_5,7.64,MENU_6,8.68,MENU_7,9.71,MENU_8,10.75,MENU_9,11.79,MENU_10,12.82,MENU_11,13.86,MENU_12,14.89,MENU_13,15.93,MENU_14,16.96,MENU_15,18.0,43,20.5,True,False,1,60,59,57,51,42,55,51,45,28,35,28,27,20,17,14
2026-09-07,MENU_1,3.5,MENU_2,4.54,MENU_3,5.57,MENU_4,6.61,MENU_5,7.64,MENU_6,8.68,MENU_7,9.71,MENU_8,10.75,MENU_9,11.79,MENU_10,12.82,MENU_11,13.86,MENU_12,14.89,MENU_13,15.93,MENU_14,16.96,MENU_15,18.0,25,17.5,False,False,0,62,56,50,43,40,45,40,29,33,29,22,24,17,15,11
2026-09-08,MENU_1,3.5,MENU_2,4.54,MENU_3,5.57,MENU_4,6.61,MENU_5,7.64,MENU_6,8.68,MENU_7,9.71,MENU_8,10.75,MENU_9,11.79,MENU_10,12.82,MENU_11,13.86,MENU_12,14.89,MENU_13,15.93,MENU_14,16.96,MENU_15,18.0,36,19.2,False,False,0,53,61,51,59,46,32,33,41,50,34,27,29,18,18,14
2026-09-09,MENU_1,3.5,MENU_2,4.54,MENU_3,5.57,MENU_4,6.61,MENU_5,7.64,MENU_6,8.68,MENU_7,9.71,MENU_8,10.75,MENU_9,11.79,MENU_10,12.82,MENU_11,13.86,MENU_12,14.89,MENU_13,15.93,MENU_14,16.96,MENU_15,18.0,31,19.1,False,False,0,55,57,59,47,45,37,38,43,32,33,23,26,25,22,16
2026-09-10,MENU_1,3.5,MENU_2,4.54,MENU_3,5.57,MENU_4,6.61,MENU_5,7.64,MENU_6,8.68,MENU_7,9.71,MENU_8,10.75,MENU_9,11.79,MENU_10,12.82,MENU_11,13.86,MENU_12,14.89,MENU_13,15.93,MENU_14,16.96,MENU_15,18.0,29,20.3,True,False,0,30,48,45,38,26,33,43,39,28,28,26,23,15,18,14
2026-09-11,MENU_1,3.5,MENU_2,4.54,MENU_3,5.57,MENU_4,6.61,MENU_5,7.64,MENU_6,8.68,MENU_7,9.71,MENU_8,10.75,MENU_9,11.79,MENU_10,12.82,MENU_11,13.86,MENU_12,14.89,MENU_13,15.93,MENU_14,16.96,MENU_15,18.0,34,21.7,True,False,0,47,54,41,44,55,39,45,34,33,26,19,24,22,16,12
2026-09-12,MENU_1,3.5,MENU_2,4.54,MENU_3,5.57,MENU_4,6.61,MENU_5,7.64,MENU_6,8.68,MENU_7,9.71,MENU_8,10.75,MENU_9,11.79,MENU_10,12.82,MENU_11,13.86,MENU_12,14.89,MENU_13,15.93,MENU_14,16.96,MENU_15,18.0,52,16.4,False,False,0,64,75,46,42,48,45,65,57,60,40,30,27,22,17,14
2026-09-13,MENU_1,3.5,MENU_2,4.54,MENU_3,5.57,MENU_4,6.61,MENU_5,7.64,MENU_6,8.68,MENU_7,9.71,MENU_8,10.75,MENU_9,11.79,MENU_10,12.82,MENU_11,13.86,MENU_12,14.89,MENU_13,15.93,MENU_14,16.96,MENU_15,18.0,46,18.6,True,False,0,50,63,49,50,48,60,52,44,47,32,32,26,21,21,15
